Ybrest,YLeHavre,ThetaS,PhiS,RS,ThetaL,PhiL,RL,cos(ThetaS),sin(ThetaS),cos(ThetaL),sin(ThetaL),delta,VRS,VRL 
46,46,280.3785787,0.0002266,0.983327627,223.3308249,5.1711723,0.002689989,0.180151403,-0.983638893,-0.727403685,-0.686209792,0.543939847,-0.0127281,0.0321666 
50,50,281.3980136,0.0002166,0.983322454,235.2887903,4.8830034,0.002705156,0.197623355,-0.980278027,-0.569440362,-0.822032648,0.693285827,-0.0052318,0.0204715 
57,57,282.417517,0.0001992,0.983321531,247.1549577,4.3867806,0.002713817,0.215033914,-0.976606582,-0.388240177,-0.921558227,0.816515025,0.001994,0.0097162 
63,63,283.4370675,0.0001751,0.983324715,258.9782354,3.7042166,0.002716622,0.232377192,-0.972625745,-0.191181866,-0.981554631,0.910258999,0.0089993,0.0002183 
69,69,284.4566426,0.0001454,0.983331894,270.7999043,2.8622156,0.00271432,0.249647307,-0.968336833,0.01396051,-0.999902547,0.97172767,0.0158379,-0.0079852 
74,74,285.4762188,0.0001113,0.983342989,282.6552382,1.8931632,0.002707612,0.266838388,-0.96374129,0.21908401,-0.975705999,0.998788183,0.0225682,-0.0150866 
77,77,286.4957721,0.0000744,0.983357954,294.5758867,0.8348002,0.00269704,0.283944592,-0.95884069,0.415898097,-0.909411223,0.9900725,0.0292533,-0.0214275 
79,79,287.5152779,0.0000361,0.983376783,306.5926245,-0.270408,0.002682931,0.300960097,-0.953636734,0.596121526,-0.802894219,0.945078213,0.0359613,-0.0273994 
78,79,288.5347116,-0.0000017,0.983399511,318.7380025,-1.3763091,0.002665396,0.317879123,-0.948131248,0.751701727,-0.659503233,0.864245909,0.0427636,-0.0333318 
76,77,289.5540488,-0.0000373,0.983426212,331.048391,-2.434292,0.002644403,0.334695932,-0.942326182,0.875028857,-0.484070759,0.749021149,0.0497337,-0.0393838 
72,74,290.5732662,-0.0000691,0.983457005,343.5648847,-3.3944858,0.002619895,0.351404851,-0.936223601,0.959140754,-0.282929346,0.601931845,0.0569463,-0.0454557 
66,69,291.5923414,-0.0000953,0.983492051,356.3325432,-4.2068566,0.002591966,0.368000268,-0.929825684,0.997952111,-0.063965496,0.426723405,0.0644758,-0.0511356 
60,63,292.6112541,-0.0001146,0.983531555,9.3974895,-4.8223946,0.002561038,0.384476653,-0.923134716,0.986579317,0.163282734,0.228584754,0.0723944,-0.055695 
54,56,293.629986,-0.0001258,0.983575762,22.8015165,-5.1949019,0.002528032,0.40082856,-0.91615308,0.921852895,0.387539986,0.014459017,0.0807695,-0.0581476 
51,52,294.6485222,-0.0001278,0.983624951,36.5741955,-5.2841302,0.002494484,0.41705065,-0.908883246,0.803085918,0.595863247,-0.206642619,0.0896575,-0.0573847 
53,52,295.6668518,-0.0001205,0.983679431,50.723171,-5.0609566,0.002462557,0.433137698,-0.901327762,0.633067872,0.774096292,-0.423508918,0.0990943,-0.0523924 
58,58,296.6849684,-0.0001039,0.983739521,65.224415,-4.5146478,0.002434902,0.449084606,-0.893489237,0.41906522,0.907956134,-0.623053294,0.1090824,-0.042536 
68,68,297.7028713,-0.0000789,0.983805529,80.0154122,-3.6608705,0.002414354,0.464886415,-0.88537033,0.173383264,0.984854428,-0.791357365,0.1195762,-0.0278571 
81,81,298.720565,-0.0000469,0.983877721,94.9947796,-2.5473524,0.002403479,0.480538298,-0.876973742,-0.087064976,0.996202635,-0.915481608,0.1304731,-0.0092766 
92,92,299.7380586,-0.0000101,0.983956286,110.0307323,-1.2532521,0.00240405,0.496035546,-0.868302215,-0.342524126,0.939509033,-0.985681917,0.1416158,0.0114202 
101,101,300.7553646,0.0000292,0.984041311,124.9778576,0.1200911,0.002416625,0.51137355,-0.859358535,-0.573259826,0.819373646,-0.997285649,0.152811,0.0318811 
105,105,301.7724959,0.0000682,0.984132769,139.6981147,1.465268,0.002440362,0.526547755,-0.850145553,-0.762647047,0.646814875,-0.95145688,0.1638601,0.049695 
104,105,302.7894641,0.0001044,0.984230523,154.0800522,2.6860867,0.002473137,0.541553633,-0.840666202,-0.89940565,0.437114947,-0.854544159,0.1745905,0.062918 
98,101,303.8062776,0.0001358,0.984334352,168.0512141,3.709817,0.002511927,0.556386659,-0.830923514,-0.978333053,0.207037286,-0.716363608,0.1848767,0.0704165 
88,93,304.8229402,0.0001607,0.984443974,181.5818261,4.4913878,0.002553315,0.571042295,-0.82092064,-0.999618921,-0.027604567,-0.548163525,0.1946449,0.0719447 
75,81,305.8394517,0.0001779,0.98455908,194.6810398,5.0106611,0.002593967,0.585516004,-0.810660847,-0.967351673,-0.253437844,-0.360947748,0.2038661,0.068006 
61,68,306.8558075,0.0001869,0.984679354,207.3887249,5.2661317,0.002631001,0.599803246,-0.800147527,-0.88790593,-0.460025065,-0.164480941,0.2125426,0.0596115 
48,54,307.8719999,0.0001874,0.984804486,219.7658183,5.2682531,0.002662204,0.613899506,-0.789384188,-0.768665266,-0.639651241,0.033047348,0.2206948,0.0480335 
39,43,308.8880184,0.0001796,0.984934182,231.8853026,5.0342638,0.002686124,0.627800299,-0.77837445,-0.617237718,-0.786776715,0.224904869,0.2283515,0.0346062 
37,37,309.9038502,0.000164,0.985068165,243.824793,4.5850954,0.00270206,0.641501183,-0.767122046,-0.44111755,-0.897449334,0.405475739,0.2355443,0.0205836 
38,38,310.9194807,0.0001415,0.985206176,255.6609238,3.944164,0.002709992,0.654997768,-0.755630812,-0.247659832,-0.968847051,0.569874046,0.2423055,0.007045 
45,45,311.9348934,0.000113,0.985347975,267.4653254,3.1375281,0.002710455,0.668285721,-0.743904695,-0.044223989,-0.999021641,0.713622628,0.2486688,-0.0051669 
54,54,312.9500706,0.0000797,0.985493343,279.3018842,2.1948289,0.002704391,0.681360776,-0.731947739,0.161636274,-0.986850401,0.832455538,0.2546709,-0.0154843 
64,64,313.9649928,0.0000431,0.985642083,291.2250341,1.1504499,0.002692989,0.694218731,-0.719764096,0.362031893,-0.932165709,0.92226873,0.2603551,-0.023631 
72,72,314.9796391,0.0000048,0.985794027,303.2789438,0.0443825,0.002677514,0.706855456,-0.707358017,0.548715622,-0.836009071,0.97922035,0.2657735,-0.0296162 
79,79,315.9939875,-0.0000336,0.985949038,315.4975506,-1.0776297,0.002659148,0.7192669,-0.694733853,0.713220485,-0.700939755,0.999962464,0.270989,-0.0336959 
85,85,317.0080146,-0.0000703,0.98610702,327.9054165,-2.1649447,0.002638876,0.731449093,-0.681896051,0.847172154,-0.531318494,0.981967286,0.276076,-0.0363008 
87,87,318.0216967,-0.0001035,0.986267924,340.5193114,-3.1639217,0.002617404,0.743398158,-0.668849145,0.942753946,-0.333489125,0.923895463,0.281119,-0.0379304 
87,88,319.0350097,-0.0001316,0.986431749,353.3502868,-4.0206677,0.002595162,0.755110314,-0.655597753,0.993272665,-0.115799016,0.825948009,0.2862097,-0.0390281 
85,86,320.0479304,-0.000153,0.986598551,6.4058173,-4.6842582,0.00257237,0.766581895,-0.642146556,0.993756596,0.11156983,0.690151633,0.2914436,-0.039858 
79,82,321.0604365,-0.0001666,0.98676844,19.6914313,-5.1100475,0.00254917,0.777809346,-0.628500295,0.941520948,0.336954456,0.520547818,0.2969147,-0.0404114 
71,76,322.072508,-0.0001715,0.986941579,33.2112025,-5.2628598,0.0025258,0.788789244,-0.614663752,0.836657238,0.547726818,0.323278409,0.3027111,-0.0403668 
62,67,323.0841276,-0.0001672,0.987118178,46.9665807,-5.1201041,0.002502768,0.799518296,-0.600641735,0.682424826,0.730955783,0.106568584,0.3089091,-0.0391242 
54,58,324.0952817,-0.0001539,0.987298487,60.9533499,-4.6749954,0.002480981,0.80999335,-0.586439062,0.485521573,0.874224686,-0.119410259,0.3155666,-0.0359204 
50,51,325.1059611,-0.0001322,0.987482783,75.1569963,-3.939907,0.002461793,0.820211398,-0.572060541,0.256171341,0.96663139,-0.342857022,0.3227149,-0.0300193 
51,51,326.1161615,-0.0001033,0.987671348,89.5474086,-2.9493211,0.002446916,0.830169576,-0.557510964,0.007899128,0.999968801,-0.550935955,0.330349,-0.0209514 
60,60,327.1258839,-0.0000689,0.987864452,104.0744754,-1.7610725,0.002438199,0.839865163,-0.542795088,-0.243182921,0.969980447,-0.730741486,0.3384191,-0.0087446 
74,74,328.1351345,-0.0000314,0.98806232,118.6665414,-0.4540862,0.002437293,0.849295573,-0.527917635,-0.479711195,0.877426447,-0.870625489,0.3468272,0.005929 
88,88,329.1439239,0.0000071,0.988265109,133.2334617,0.8786884,0.002445275,0.858458343,-0.512883294,-0.684972719,0.728568716,-0.961691269,0.3554324,0.0217696 
99,99,330.1522654,0.0000439,0.988472885,147.6748885,2.1416638,0.002462334,0.86735111,-0.497696746,-0.845027557,0.534722758,-0.999065367,0.3640664,0.0370575 
105,105,331.1601736,0.0000768,0.988685613,161.8926002,3.2495222,0.002487626,0.875971601,-0.48236268,-0.9504756,0.310799187,-0.982507561,0.3725571,0.0499995 
106,107,332.1676621,0.0001039,0.988903167,175.8039412,4.1376417,0.002519342,0.884317604,-0.466885826,-0.997319513,0.073169595,-0.916109049,0.3807509,0.0590941 
101,104,333.1747423,0.0001238,0.989125337,189.3528191,4.7670152,0.002554955,0.892386971,-0.451270975,-0.98670632,-0.162513502,-0.807186238,0.3885286,0.0633925 
92,97,334.1814226,0.0001356,0.989351859,202.5156773,5.1231924,0.002591578,0.900177606,-0.435522993,-0.923774788,-0.38293621,-0.664783853,0.3958111,0.0625957 
80,86,335.1877076,0.000139,0.989582433,215.301826,5.2111049,0.002626328,0.907687467,-0.41964683,-0.816119174,-0.577883634,-0.49827411,0.4025546,0.0570022 
65,73,336.1935991,0.0001341,0.989816742,227.7493098,5.0484916,0.002656636,0.914914579,-0.40364751,-0.672375724,-0.740210028,-0.316382418,0.4087427,0.0473699 
51,58,337.1990954,0.0001212,0.990054464,239.9183127,4.6601013,0.002680464,0.921857033,-0.387530141,-0.501234195,-0.865311668,-0.126731915,0.4143761,0.034752 
38,44,338.2041926,0.0001012,0.990295281,251.8839243,4.0737658,0.00269643,0.928512999,-0.371299893,-0.310943107,-0.950428527,0.064179293,0.4194647,0.0203491 
32,34,339.2088848,0.0000751,0.990538884,263.7294004,3.3185124,0.00270386,0.934880731,-0.354961996,-0.109224262,-0.994017133,0.250726648,0.424022,0.0053886 
30,30,340.2131637,0.0000439,0.990784968,275.5403317,2.4243808,0.002702771,0.940958569,-0.338521744,0.096546409,-0.995328484,0.427786505,0.4280638,-0.0089682 
36,36,341.2170197,0.000009,0.991033243,287.3996454,1.4234158,0.002693815,0.946744947,-0.321984479,0.299034887,-0.954242179,0.590360939,0.4316077,-0.0217024 
48,48,342.220441,-0.0000279,0.991283425,299.3831621,0.3512646,0.002678175,0.952238393,-0.305355601,0.490647703,-0.871358039,0.733287638,0.4346758,-0.0320041 
60,60,343.2234139,-0.0000654,0.991535249,311.5554706,-0.7512211,0.002657424,0.95743753,-0.288640565,0.663344835,-0.748313858,0.851104975,0.437299,-0.0393325 
72,72,344.225923,-0.0001017,0.99178847,323.9660977,-1.8370204,0.002633362,0.962341086,-0.271844872,0.808669056,-0.58826385,0.938131969,0.4395213,-0.0434634 
82,82,345.2279504,-0.000135,0.992042874,336.6462833,-2.8532611,0.002607817,0.966947887,-0.254974085,0.918075141,-0.396406403,0.988804177,0.4414042,-0.0445107 
91,91,346.2294769,-0.0001636,0.992298285,349.6069995,-3.7433237,0.00258246,0.971256869,-0.238033808,0.983593516,-0.180398987,0.998263017,0.4430287,-0.0429058 
96,95,347.2304814,-0.0001861,0.992554584,2.8390214,-4.4508505,0.002558638,0.97526708,-0.221029686,0.998772636,0.049529997,0.963122473,0.4444947,-0.0393207 
98,97,348.2309426,-0.000201,0.992811711,16.3156661,-4.9251932,0.00253727,0.978977684,-0.203967384,0.959728515,0.280929133,0.882252418,0.445917,-0.0345372 
96,97,349.2308391,-0.0002075,0.993069676,29.9981696,-5.1272559,0.002518832,0.982387965,-0.186852577,0.866041377,0.499972333,0.757367507,0.4474167,-0.0292833 
89,93,350.230151,-0.0002051,0.993328558,43.8427264,-5.0344551,0.002503432,0.985497332,-0.16969092,0.721243885,0.69268121,0.593242213,0.4491122,-0.0240764 
79,84,351.228861,-0.0001938,0.993588502,57.8074131,-4.6438085,0.002490969,0.988305318,-0.152488027,0.532766789,0.846262104,0.397491412,0.4511086,-0.0191191 
66,73,352.2269548,-0.0001743,0.993849706,71.8570124,-3.9728411,0.002481321,0.990811578,-0.13524946,0.31138949,0.950282371,0.180003135,0.4534891,-0.0142798 
54,60,353.2244228,-0.0001478,0.99411241,85.9643481,-3.058638,0.002474524,0.993015889,-0.117980698,0.070377187,0.997520452,-0.047802494,0.4563077,-0.009169 
48,50,354.22126,-0.0001157,0.994376874,100.1078655,-1.9555944,0.002470877,0.994918138,-0.100687133,-0.175501876,0.984479097,-0.273734377,0.4595839,-0.0032938 
48,48,355.2174665,-0.0000802,0.994643359,114.2664074,-0.7321539,0.002470945,0.996518322,-0.083374061,-0.410979931,0.911644391,-0.485556526,0.4632995,0.0037449 
57,57,356.2130476,-0.0000433,0.994912104,128.4130487,0.5336141,0.002475452,0.997816535,-0.066046676,-0.621326245,0.783551975,-0.671720604,0.4673973,0.012066 
72,72,357.2080128,-0.0000074,0.995183304,142.5102649,1.7599112,0.002485079,0.998812959,-0.048710087,-0.793462391,0.608619285,-0.822166417,0.4717836,0.021387 
86,86,358.2023757,0.0000254,0.995457091,156.5085073,2.8684948,0.002500218,0.999507862,-0.031369316,-0.917119271,0.398612899,-0.929172135,0.4763358,0.031009 
97,97,359.1961522,0.0000532,0.995733523,170.3493405,3.7924048,0.002520762,0.999901584,-0.014029331,-0.985848199,0.167640475,-0.988103059,0.4809144,0.0399214 
103,103,0.1893594,0.0000744,0.996012572,183.9727963,4.482427,0.002545977,0.999994539,0.003304939,-0.997597058,-0.069282828,-0.997820585,0.4853781,0.0469958 
103,103,1.182014,0.000088,0.996294134,197.3270283,4.9105808,0.002574494,0.999787208,0.020628573,-0.954620412,-0.297825233,-0.960560986,0.4895979,0.0512097 
99,101,2.1741315,0.0000935,0.996578037,210.3775055,5.069841,0.002604433,0.999280146,0.037936647,-0.862712273,-0.5056951,-0.881275623,0.4934672,0.0518333 
91,96,3.1657252,0.0000908,0.996864054,223.1133268,4.9706408,0.002633606,0.998473978,0.05522422,-0.73000333,-0.683443588,-0.766631968,0.4969066,0.0485382 
81,86,4.156806,0.0000802,0.997151919,235.5495324,4.635677,0.002659758,0.997369406,0.072486323,-0.565693565,-0.824615541,-0.623978804,0.4998621,0.0414206 
67,74,5.1473821,0.0000625,0.997441343,247.7257172,4.094704,0.002680802,0.995967212,0.089717966,-0.379040841,-0.925379944,-0.460535456,0.5023011,0.0309579 
54,60,6.1374593,0.0000385,0.997732022,259.7021286,3.3805202,0.002695019,0.994268257,0.106914135,-0.178765663,-0.98389168,-0.282932952,0.5042052,0.0179314 
41,47,7.1270415,0.0000095,0.998023644,271.554547,2.5266661,0.00270121,0.992273492,0.124069807,0.027128635,-0.999631951,-0.097105118,0.505565,0.0033372 
30,35,8.1161302,-0.0000233,0.998315893,283.3688517,1.5667982,0.002698788,0.989983951,0.141179943,0.231219029,-0.972901722,0.091548918,0.5063755,-0.0116994 
28,28,9.1047252,-0.0000585,0.99860845,295.2356179,0.5353998,0.002687838,0.98740076,0.158239499,0.426341695,-0.904562192,0.277832645,0.5066341,-0.0260049 
32,32,10.0928243,-0.0000944,0.998900998,307.2446332,-0.530649,0.002669114,0.984525135,0.175243426,0.605219425,-0.796058696,0.456349683,0.5063405,-0.0384374 
43,43,11.0804232,-0.0001294,0.999193217,319.4789841,-1.5902104,0.002644002,0.981358388,0.192186668,0.760167699,-0.649726919,0.621128096,0.5054999,-0.0479748 
57,57,12.0675152,-0.000162,0.999484797,332.0084208,-2.5964276,0.002614417,0.977901926,0.209064159,0.883016582,-0.46934179,0.76538107,0.5041278,-0.0538142 
71,71,13.0540911,-0.0001903,0.999775437,344.8821006,-3.496511,0.002582651,0.974157262,0.225870825,0.965391201,-0.260806113,0.881534357,0.5022569,-0.0554792 
84,84,14.0401387,-0.0002129,1.000064867,358.121543,-4.2336666,0.002551153,0.970126009,0.242601579,0.999462612,-0.032779386,0.961652344,0.4999442,-0.0529164 
94,94,15.0256433,-0.0002283,1.000352853,11.7155375,-4.7517789,0.002522264,0.965809892,0.259251329,0.979167783,0.203052834,0.998331648,0.4972762,-0.0465508 
101,101,16.0105879,-0.0002355,1.000639222,25.6193287,-5.0026367,0.002497948,0.961210743,0.275814986,0.901686711,0.432389957,0.985970584,0.4943695,-0.0372593 
104,104,16.9949539,-0.000234,1.000923878,39.7599647,-4.9542574,0.002479559,0.956330502,0.292287481,0.768730611,0.639572707,0.922099626,0.4913645,-0.0262401 
101,103,17.9787228,-0.0002237,1.001206806,54.0478299,-4.5978461,0.002467719,0.951171206,0.308663791,0.587109689,0.809507389,0.808307451,0.4884123,-0.0147909 
94,98,18.9618776,-0.0002051,1.00148808,68.3917156,-3.9509663,0.002462334,0.945734987,0.324938971,0.368258985,0.929723249,0.650378722,0.4856578,-0.0040504 
82,89,19.9444041,-0.0001795,1.00176785,82.7129154,-3.0558767,0.002462752,0.940024051,0.341108169,0.126841016,0.99192306,0.457586665,0.4832227,0.0052125 
68,75,20.9262923,-0.0001483,1.002046327,96.9541261,-1.9739245,0.00246801,0.934040673,0.357166656,-0.121074622,0.992643408,0.241450506,0.4811936,0.0126976 
55,61,21.9075369,-0.0001136,1.002323762,111.0812289,-0.7781144,0.002477102,0.927787182,0.37310983,-0.359691137,0.933071426,0.014421295,0.4796161,0.0185378 
48,50,22.888138,-0.0000775,1.002600418,125.0787836,0.4541098,0.002489189,0.921265947,0.388933228,-0.574702255,0.818362583,-0.211165216,0.478495,0.0231544 
50,49,23.8681005,-0.0000423,1.002876552,138.9418784,1.6468358,0.002503714,0.914479377,0.404632512,-0.754043677,0.656824279,-0.423784934,0.4777981,0.0270603 
57,57,24.8474341,-0.0000099,1.003152391,152.6674102,2.7303764,0.002520393,0.907429911,0.420203471,-0.888356209,0.459154925,-0.613182503,0.477462,0.0306682 
70,70,25.8261522,0.0000179,1.003428119,166.2473669,3.6451118,0.002539119,0.90012002,0.435641997,-0.971331146,0.237730531,-0.770749207,0.477399,0.0341519 
82,82,26.8042713,0.0000395,1.003703865,179.6657383,4.344736,0.002559798,0.892552204,0.45094408,-0.999982982,0.005833934,-0.889906237,0.4775046,0.0373863 
90,90,27.7818098,0.0000538,1.003979694,192.8995718,4.79871,0.002582182,0.884728999,0.466105781,-0.974762863,-0.223242831,-0.966455745,0.4776657,0.0399724 
95,95,28.7587873,0.0000604,1.004255604,205.9235617,4.9934035,0.002605735,0.876652977,0.481123224,-0.899378077,-0.437171676,-0.998775916,0.4777691,0.0413316 
96,96,29.7352236,0.0000589,1.004531532,218.7166449,4.9314772,0.002629567,0.868326758,0.495992581,-0.780248736,-0.625469351,-0.987739014,0.4777091,0.0408397 
93,94,30.7111376,0.0000497,1.004807355,231.2686849,4.6295037,0.002652448,0.859753012,0.510710053,-0.625669108,-0.780088563,-0.936319972,0.4773934,0.0379637 
87,90,31.6865471,0.0000334,1.005082903,243.5855949,4.1143761,0.002672893,0.850934465,0.525271868,-0.444860362,-0.895599943,-0.84898047,0.476746,0.0323735 
78,83,32.6614681,0.0000108,1.005357967,255.6920237,3.4193875,0.002689305,0.841873908,0.539674275,-0.24713391,-0.968981337,-0.730989891,0.4757078,0.0240105 
67,73,33.6359149,-0.0000169,1.005632308,267.6315671,2.5808513,0.002700136,0.832574193,0.553913543,-0.041325181,-0.99914575,-0.587846642,0.4742336,0.0131127 
56,62,34.6099,-0.0000484,1.005905662,279.4650301,1.6358435,0.002704062,0.82303824,0.567985964,0.164445606,-0.986386153,-0.424908468,0.4722895,0.0002057 
44,50,35.5834338,-0.0000824,1.006177752,291.2673939,0.6212741,0.002700136,0.813269039,0.58188785,0.362720961,-0.931897797,-0.247270278,0.4698485,-0.0139303 
35,39,36.5565252,-0.0001172,1.006448283,303.1239393,-0.4258118,0.002687925,0.803269647,0.595615543,0.546451929,-0.837490471,-0.059874094,0.4668876,-0.0283076 
31,32,37.5291812,-0.0001513,1.006716948,315.1256053,-1.4670142,0.002667613,0.79304319,0.609165411,0.708655219,-0.705554945,0.132194527,0.4633856,-0.04179 
35,33,38.5014065,-0.0001832,1.00698343,327.3633168,-2.460903,0.002640064,0.782592875,0.622533848,0.84210728,-0.539310048,0.323288398,0.4593238,-0.0531678 
42,42,39.4732038,-0.0002112,1.007247401,339.9208218,-3.3615257,0.002606838,0.771921981,0.635717276,0.939219079,-0.343318397,0.506750417,0.4546886,-0.0612576 
55,55,40.4445729,-0.0002337,1.007508529,352.8657257,-4.1179666,0.002570143,0.761033876,0.648712139,0.992257822,-0.124195067,0.674574969,0.4494783,-0.0650356 
69,69,41.4155106,-0.0002495,1.007766485,6.2390684,-4.6760243,0.002532689,0.749932018,0.661514904,0.994077091,0.108677214,0.817381836,0.4437115,-0.0638042 
83,83,42.3860099,-0.0002573,1.00802096,20.0450457,-4.9829927,0.002497453,0.738619965,0.674122056,0.939423436,0.34275882,0.924938186,0.4374383,-0.0573713 
94,94,43.3560603,-0.0002565,1.008271688,34.2440065,-4.9957745,0.00246734,0.727101379,0.686530104,0.826648618,0.562718458,0.987380512,0.430749,-0.0461928 
101,101,44.325648,-0.0002467,1.008518462,48.7526612,-4.6909609,0.002444795,0.715380022,0.69873559,0.659310894,0.751870431,0.997016471,0.4237761,-0.0314053 
105,105,45.2947572,-0.0002285,1.008761167,63.4541472,-4.0736427,0.002431437,0.703459741,0.710735107,0.44691387,0.894576991,0.950193189,0.4166859,-0.0146872 
103,104,46.2633715,-0.0002028,1.008999787,78.2168439,-3.1810172,0.002427832,0.691344454,0.722525325,0.204208274,0.978927465,0.848478143,0.4096591,0.0020519 
95,100,47.2314764,-0.0001713,1.009234408,92.9164532,-2.0785299,0.002433472,0.679038115,0.734103016,-0.050879733,0.998704788,0.698602919,0.402865,0.0170688 
84,90,48.1990604,-0.0001359,1.009465206,107.4540583,-0.8497177,0.002446976,0.666544695,0.745465069,-0.29994098,0.95395776,0.511218118,0.3964381,0.0291274 
70,77,49.1661169,-0.000099,1.00969242,121.7650988,0.4163213,0.002466439,0.653868155,0.756608509,-0.526437993,0.850213526,0.299057748,0.3904645,0.0376685 
58,64,50.1326447,-0.0000629,1.009916325,135.8186295,1.635701,0.002489827,0.641012429,0.767530498,-0.71713725,0.696931965,0.075222647,0.3849796,0.0427771 
52,54,51.0986477,-0.0000295,1.010137201,149.6097924,2.7365922,0.002515298,0.627981426,0.778228327,-0.862600143,0.505886345,-0.148001783,0.379975,0.0450007 
53,52,52.0641344,-9.00E-07,1.010355317,163.1495805,3.6622393,0.002541404,0.614779025,0.788699404,-0.957064783,0.289874113,-0.359759814,0.3754087,0.0451074 
57,57,53.0291178,0.0000217,1.010570907,176.4552573,4.3714794,0.002567147,0.601409078,0.79894125,-0.998086821,0.061827972,-0.550861557,0.3712157,0.0438594 
66,66,53.9936138,0.0000371,1.010784164,189.5434128,4.8381449,0.002591925,0.587875422,0.808951475,-0.986160262,-0.165794863,-0.71385938,0.3673165,0.0418466 
74,74,54.9576407,0.0000447,1.010995232,202.426406,5.0501636,0.002615404,0.574181886,0.81872777,-0.924370311,-0.381496433,-0.843098413,0.3636232,0.0393963 
80,80,55.9212187,0.0000444,1.011204206,215.1120623,5.008552,0.00263736,0.560332295,0.828267903,-0.818028645,-0.575177482,-0.934768915,0.3600445,0.0365563 
84,84,56.884369,0.0000363,1.011411123,227.6059208,4.7261378,0.002657522,0.546330481,0.837569702,-0.674226074,-0.738525017,-0.986916434,0.3564897,0.0331387 
86,86,57.8471132,0.000021,1.011615974,239.9150001,4.2258069,0.002675463,0.532180288,0.846631054,-0.501284222,-0.865282687,-0.999348775,0.3528721,0.0288054 
84,84,58.8094725,-7.00E-07,1.011818697,252.0519745,3.5382509,0.002690544,0.517885588,0.855449892,-0.308154139,-0.951336442,-0.973409244,0.3491117,0.0231749 
80,82,59.7714678,-0.0000276,1.01201919,264.0388268,2.6994443,0.00270192,0.503450277,0.864024201,-0.103854496,-0.994592501,-0.911637566,0.345137,0.015929 
74,77,60.7331188,-0.0000585,1.01221731,275.9093785,1.7482446,0.002708599,0.488878286,0.872352005,0.102955354,-0.994685978,-0.817383671,0.3408858,0.0069037 
68,71,61.6944443,-0.0000919,1.012412883,287.7104693,0.7245236,0.00270956,0.474173583,0.880431379,0.30420713,-0.952605911,-0.694457152,0.3363046,-0.0038452 
59,63,62.6554614,-0.0001264,1.012605702,299.5018149,-0.3318826,0.002703885,0.459340178,0.888260435,0.492451129,-0.870340098,-0.546886084,0.3313467,-0.0160038 
51,55,63.6161859,-0.0001603,1.012795539,311.3546548,-1.3813149,0.002690915,0.444382125,0.895837333,0.660718003,-0.750634212,-0.37883488,0.32597,-0.0289888 
43,47,64.5766322,-0.0001921,1.012982141,323.349203,-2.3836366,0.002670405,0.429303519,0.903160279,0.802288562,-0.596936398,-0.194703941,0.320135,-0.0419583 
38,40,65.5368126,-0.0002202,1.013165231,335.5707052,-3.2970951,0.002642661,0.414108506,0.910227524,0.910472325,-0.41357,0.000591537,0.3138032,-0.053848 
40,38,66.4967376,-0.0002432,1.013344511,348.1036921,-4.0772227,0.002608654,0.398801285,0.917037368,0.978522271,-0.206141131,0.201196819,0.3069381,-0.0634362 
45,43,67.4564152,-0.0002597,1.013519665,1.0239478,-4.6765521,0.002570081,0.383386115,0.923588159,0.999840313,0.017870309,0.399829699,0.2995085,-0.0694508 
53,53,68.4158503,-0.0002685,1.01369036,14.3880326,-5.0461692,0.002529352,0.367867325,0.929878288,0.968635084,0.248487573,0.587392397,0.2914955,-0.0707314 
65,65,69.3750442,-0.0002688,1.013856259,28.2211375,-5.1401806,0.002489461,0.352249326,0.935906198,0.881129059,0.472875862,0.752944568,0.2829045,-0.0664489 
78,78,70.3339939,-0.0002602,1.014017039,42.505673,-4.9236443,0.002453725,0.336536619,0.94167038,0.737210441,0.675663204,0.884350336,0.2737787,-0.0563597 
90,90,71.2926918,-0.0002427,1.014172415,57.1747142,-4.3830139,0.002425379,0.320733807,0.947169375,0.542079117,0.840327455,0.969795529,0.2642112,-0.0410229 
98,98,72.2511265,-0.0002172,1.014322171,72.1148368,-3.5359108,0.00240708,0.304845574,0.952401793,0.307110191,0.951673962,0.999997171,0.254348,-0.0218711 
102,102,73.2092837,-0.0001851,1.01446619,87.1804811,-2.4354569,0.002400441,0.288876678,0.957366317,0.049190029,0.998789438,0.970417218,0.2443772,-0.0010377 
102,103,74.1671486,-0.0001485,1.014604469,102.217055,-1.1655105,0.002405739,0.272831904,0.962061719,-0.21161573,0.977352947,0.882538334,0.2345024,0.0190643 
97,100,75.1247078,-0.0001097,1.014737118,117.085497,0.1726901,0.002421902,0.256716037,0.966486873,-0.455319557,0.890328086,0.743602576,0.2249093,0.0362758 
87,92,76.0819519,-0.0000711,1.014864343,131.6804328,1.4774471,0.002446799,0.240533805,0.970640762,-0.66497533,0.746865323,0.56498888,0.2157389,0.0491278 
76,82,77.0388763,-0.0000352,1.014986415,145.9377312,2.6607843,0.002477696,0.224289874,0.974522474,-0.828429355,0.560093567,0.360015454,0.2070738,0.0570285 
65,70,77.9954819,-0.0000039,1.015103636,159.8321786,3.6561583,0.002511761,0.207988823,0.978131203,-0.938686802,0.344771066,0.141994974,0.1989416,0.0601875 
57,61,78.9517745,0.0000211,1.015216311,173.3690245,4.4197813,0.002546458,0.191635157,0.981466233,-0.993310483,0.115474175,-0.077019207,0.1913262,0.0593719 
55,55,79.9077646,0.0000389,1.015324727,186.5735167,4.9279496,0.002579782,0.175233307,0.984526936,-0.993425786,-0.114477981,-0.286787941,0.1841832,0.0556174 
54,54,80.863466,0.0000487,1.01542914,199.4813452,5.1730054,0.002610345,0.158787648,0.987312758,-0.942750125,-0.333499929,-0.47896581,0.1774515,0.0499775 
58,58,81.8188954,0.0000504,1.015529767,212.1314464,5.1596299,0.002637327,0.142302511,0.989823214,-0.846830139,-0.531863437,-0.646956831,0.1710619,0.0433475 
63,63,82.7740717,0.0000441,1.015626785,224.5615415,4.9021031,0.002660354,0.125782187,0.992057882,-0.71249719,-0.701674963,-0.785721633,0.1649418,0.0363656 
68,68,83.729015,0.0000303,1.015720328,236.8061815,4.4224592,0.002679337,0.109230948,0.994016398,-0.547472944,-0.836823384,-0.891617155,0.1590176,0.0293799 
72,72,84.6837468,0.00001,1.015810489,248.8967987,3.749169,0.002694308,0.092653043,0.995698455,-0.360048935,-0.932933419,-0.962279994,0.1532158,0.0224675 
75,75,85.6382891,-0.0000159,1.015897317,260.8631663,2.9159765,0.002705278,0.07605271,0.997103799,-0.158792813,-0.987311928,-0.996529097,0.1474639,0.0154914 
76,76,86.5926642,-0.0000461,1.01598082,272.7356643,1.9606644,0.002712138,0.059434182,0.998232227,0.04772821,-0.99886036,-0.994257914,0.1416912,0.0081849 
75,75,87.5468944,-0.0000791,1.016060967,284.5477994,0.9237263,0.00271461,0.04280169,0.999083588,0.251187601,-0.967938422,-0.956300138,0.13583,0.0002477 
73,74,88.5010016,-0.0001134,1.016137687,296.3385158,-0.1529166,0.002712257,0.026159473,0.999657782,0.443673734,-0.896188383,-0.884275421,0.1298158,-0.0085558 
70,72,89.4550068,-0.0001475,1.016210875,308.1539393,-1.2269437,0.002704544,0.009511782,0.999954762,0.617776437,-0.786353784,-0.780442056,0.1235876,-0.0183095 
65,67,90.4089305,-0.0001797,1.01628039,320.0482768,-2.2562259,0.002690951,-0.007137123,0.99997453,0.766585777,-0.642141921,-0.647596783,0.1170875,-0.0288759 
59,62,91.3627918,-0.0002086,1.01634606,332.0836278,-3.1989157,0.002671111,-0.023782961,0.999717145,0.883631884,-0.46818233,-0.489065285,0.1102599,-0.0398519 
53,56,92.3166085,-0.0002325,1.016407678,344.3284262,-4.0131587,0.002644974,-0.04042143,0.99918272,0.962825881,-0.270122792,-0.308820825,0.1030501,-0.0505503 
48,50,93.2703968,-0.0002503,1.016465008,356.8541453,-4.6567696,0.002612962,-0.057048203,0.998371425,0.99849307,-0.05487794,-0.111750802,0.0954041,-0.0600161 
46,47,94.2241706,-0.0002607,1.016517785,9.7298374,-5.0874682,0.002576117,-0.073658914,0.997283492,0.985615593,0.169002672,0.095944201,0.0872698,-0.0670837 
48,47,95.1779415,-0.0002628,1.016565711,23.0141744,-5.2645015,0.002536186,-0.090249165,0.995919218,0.920408162,0.39095884,0.306297355,0.0786012,-0.0704909 
52,52,96.1317175,-0.0002561,1.016608468,36.7451243,-5.1525688,0.002495633,-0.106814495,0.994278967,0.801304725,0.598256414,0.509242809,0.0693667,-0.0690648 
61,61,97.0855026,-0.0002405,1.016645726,50.9284178,-4.7286237,0.00245751,-0.123350386,0.992363181,0.630290823,0.776359117,0.692683586,0.0595626,-0.0619811 
72,72,98.0392958,-0.0002164,1.016677166,65.5274595,-3.9910129,0.002425173,-0.139852235,0.990172385,0.414257088,0.910159912,0.843280431,0.0492285,-0.0490628 
84,84,98.9930913,-0.0001851,1.016702506,80.4586455,-2.9684614,0.002401832,-0.156315369,0.987707196,0.165759436,0.986166218,0.948132723,0.0384608,-0.0310293 
94,94,99.9468787,-0.0001483,1.016721538,95.5959282,-1.7245386,0.002389999,-0.172735047,0.984968326,-0.097512172,0.995234332,0.997118064,0.0274148,-0.0095594 
100,100,100.9006443,-0.0001082,1.016734157,110.7858976,-0.3533469,0.002390989,-0.189106485,0.981956586,-0.35487686,0.934913052,0.985153544,0.0162905,0.0129386 
103,103,101.8543737,-0.0000674,1.016740381,125.8703096,1.0343673,0.002404633,-0.205424905,0.978672881,-0.585952518,0.810345387,0.913432295,0.0053013,0.0338321 
100,102,102.8080543,-0.0000284,1.016740344,140.7094477,2.3302446,0.002429321,-0.221685576,0.975118201,-0.77394464,0.633253263,0.789069146,-0.0053626,0.0508615 
93,97,103.7616768,0.0000063,1.016734277,155.1994809,3.4451141,0.002462359,-0.237883846,0.97129361,-0.907773678,0.419460307,0.623363809,-0.0155613,0.0625871 
83,88,104.7152372,0.0000349,1.016722474,169.2801099,4.3180557,0.002500503,-0.25401517,0.967200234,-0.982548284,0.186007716,0.429488876,-0.0252155,0.0685386 
72,78,105.6687364,0.0000562,1.01670526,182.9329236,4.9169317,0.002540491,-0.27007511,0.962839257,-0.99869012,-0.051166821,0.22045592,-0.0343005,0.0690886 
61,66,106.6221801,0.0000693,1.016682961,196.1736052,5.2333041,0.002579454,-0.286059328,0.958211908,-0.960422108,-0.278548692,0.007829029,-0.0428313,0.0651755 
52,56,107.5755782,0.000074,1.016655885,209.0416838,5.2755287,0.002615155,-0.301963575,0.953319464,-0.874266767,-0.485445795,-0.198788207,-0.0508476,0.0580038 
49,50,108.5289435,0.0000704,1.016624316,221.5906305,5.062671,0.00264607,-0.31778367,0.948163245,-0.747906651,-0.663803917,-0.391721955,-0.058401,0.0488002 
48,48,109.4822914,0.000059,1.016588505,233.8798051,4.620317,0.002671348,-0.333515498,0.942744617,-0.589481111,-0.807782161,-0.564931198,-0.065548,0.0386458 
51,51,110.4356392,0.0000407,1.016548669,245.9687269,3.9782472,0.002690694,-0.349154989,0.937064989,-0.407235213,-0.913323317,-0.713655098,-0.0723468,0.0283798 
56,56,111.3890059,0.0000165,1.016504993,257.9135564,3.1694383,0.002704219,-0.364698124,0.931125812,-0.20938721,-0.977832806,-0.834122243,-0.078856,0.0185586 
62,62,112.3424116,-0.0000124,1.016457627,269.7654303,2.2297654,0.002712272,-0.380140916,0.924928583,-0.004094002,-0.99999162,-0.923364534,-0.0851352,0.0094555 
68,68,113.2958773,-0.0000445,1.016406686,281.5702473,1.1978817,0.002715285,-0.395479415,0.91847484,0.200569218,-0.979679534,-0.979132,-0.0912459,0.0010945 
72,72,114.2494248,-0.0000784,1.016352249,293.3695212,0.1149361,0.002713648,-0.410709699,0.911766167,0.39665963,-0.917965761,-0.99988208,-0.0972516,-0.0066907 
74,74,115.2030763,-0.0001124,1.016294358,305.2019462,-0.9760165,0.002707615,-0.425827873,0.90480419,0.576460072,-0.817125318,-0.984811178,-0.1032183,-0.0141748 
76,76,116.1568542,-0.000145,1.016233016,317.105326,-2.0308795,0.002697276,-0.44083006,0.897590585,0.732606173,-0.680652772,-0.933902342,-0.1092138,-0.0216475 
75,76,117.1107805,-0.0001745,1.016168187,329.1185082,-3.0055148,0.002682572,-0.455712397,0.890127076,0.85823075,-0.513264045,-0.847976616,-0.115307,-0.0293153 
73,74,118.064877,-0.0001995,1.016099793,341.2829415,-3.8567084,0.002663371,-0.470471038,0.882415436,0.947114781,-0.320894986,-0.728752764,-0.1215675,-0.0372112 
69,72,119.0191646,-0.0002186,1.016027719,353.6434481,-4.5430171,0.002639587,-0.485102141,0.874457496,0.993852162,-0.110715314,-0.578935647,-0.128065,-0.0451243 
64,67,119.9736627,-0.0002307,1.015951807,6.2477779,-5.0255785,0.002611342,-0.499601859,0.866255149,0.99406056,0.108828322,-0.402361409,-0.1348691,-0.0525579 
58,61,120.9283893,-0.0002348,1.01587186,19.1445011,-5.2691895,0.002579125,-0.513966349,0.857810348,0.94469448,0.327951733,-0.204220782,-0.1420481,-0.0587289 
53,55,121.8833601,-0.0002304,1.015787643,32.3788495,-5.2441719,0.002543949,-0.528191753,0.849125121,0.844525666,0.535515078,0.008647814,-0.1496668,-0.0626211 
50,51,122.8385879,-0.0002172,1.015698885,45.9863027,-4.929629,0.002507455,-0.542274197,0.84020158,0.694830318,0.719173713,0.227462337,-0.1577808,-0.0631054 
51,50,123.7940818,-0.0001956,1.015605288,59.9841747,-4.318494,0.002471922,-0.556209778,0.831041926,0.50023918,0.865887269,0.4413507,-0.1664276,-0.0591398 
55,55,124.7498463,-0.0001664,1.015506541,74.3622637,-3.4240421,0.002440141,-0.569994558,0.821648467,0.269554123,0.962985241,0.637590964,-0.1756126,-0.0500408 
65,65,125.7058808,-0.000131,1.015402343,89.0747256,-2.2862285,0.002415124,-0.58362456,0.812023628,0.016148383,0.999869606,0.802493153,-0.1852941,-0.0357796 
78,78,126.6621794,-0.0000914,1.015292432,104.0362864,-0.9747359,0.002399651,-0.59709577,0.802169958,-0.242536352,0.970142318,0.923036453,-0.1953724,-0.0172045 
90,90,127.6187314,-0.00005,1.015176622,119.1259088,0.4147875,0.002395751,-0.61040415,0.79209013,-0.486730445,0.873552216,0.989034372,-0.2056898,0.0039426 
100,100,128.575523,-0.0000093,1.015054832,134.1993257,1.7728094,0.002404246,-0.623545671,0.781786925,-0.697156666,0.716918812,0.995186775,-0.2160484,0.0252961 
105,105,129.5325394,0.0000282,1.014927097,149.1085997,2.9936043,0.002424529,-0.636516338,0.771263218,-0.858141975,0.513412457,0.942197531,-0.2262412,0.0443717 
105,106,130.4897673,0.0000602,1.014793569,163.7236019,3.9922248,0.002454662,-0.649312234,0.760521941,-0.959920826,0.280271312,0.836440818,-0.2360862,0.0591178 
99,102,131.4471968,0.0000851,1.014654488,177.9492075,4.7145804,0.002491741,-0.661929537,0.749566066,-0.999359496,0.035785439,0.688329119,-0.2454499,0.0682939 
89,94,132.4048222,0.0001019,1.014510158,191.7339412,5.1384094,0.002532413,-0.674364536,0.738398587,-0.979102511,-0.203367337,0.510105856,-0.2542551,0.071573 
76,83,133.3626427,0.0001101,1.014360912,205.069488,5.2673769,0.00257337,-0.686613632,0.727022503,-0.905794572,-0.423717116,0.313879023,-0.262473,0.0694064 
62,69,134.3206615,0.0001097,1.014207088,217.9835546,5.1224901,0.002611729,-0.698673327,0.715440831,-0.788187432,-0.61543527,0.110378015,-0.2701105,0.0627689 
49,55,135.2788855,0.0001012,1.014049015,230.52967,4.7342884,0.002645258,-0.710540212,0.703656597,-0.635678558,-0.771953866,-0.091515253,-0.277195,0.0528945 
40,44,136.2373247,0.0000855,1.013887001,242.7768991,4.137455,0.002672457,-0.722210964,0.691672844,-0.457456491,-0.889232005,-0.284677537,-0.2837644,0.0410619 
38,38,137.1959911,0.0000635,1.013721331,254.8011424,3.3679961,0.002692543,-0.733682323,0.679492641,-0.262169937,-0.965021722,-0.463375709,-0.2898605,0.0284447 
40,40,138.1548988,0.0000364,1.013552267,266.6785593,2.462378,0.002705355,-0.744951098,0.667119076,-0.057937613,-0.998320206,-0.622837764,-0.2955263,0.0160182 
47,47,139.1140636,0.0000058,1.013380044,278.4809915,1.4578258,0.002711225,-0.756014157,0.654555265,0.147481286,-0.989064846,-0.758895543,-0.300806,0.0045071 
56,56,140.0735026,-0.000027,1.013204872,290.2730252,0.3930677,0.002710827,-0.766868421,0.641804351,0.346494056,-0.938052168,-0.867761312,-0.3057466,-0.0056358 
65,65,141.0332343,-0.0000604,1.013026932,302.1103432,-0.6910299,0.002705016,-0.777510867,0.628869503,0.531551496,-0.847025978,-0.94595587,-0.3103994,-0.0142253 
72,72,141.9932784,-0.0000928,1.012846375,314.0391344,-1.75132,0.002694685,-0.787938522,0.615753916,0.695149535,-0.718865164,-0.990379137,-0.3148224,-0.0213145 
78,78,142.9536556,-0.0001225,1.012663314,326.0964294,-2.7429345,0.002680639,-0.798148463,0.602460812,0.829977526,-0.557796833,-0.99849602,-0.3190808,-0.0271392 
82,82,143.914387,-0.0001481,1.012477823,338.3112755,-3.6205724,0.002663515,-0.808137806,0.588993452,0.929205318,-0.369563902,-0.968596665,-0.3232475,-0.0320374 
84,84,144.8754944,-0.0001681,1.012289934,350.7066148,-4.3403712,0.002643746,-0.817903711,0.575355125,0.986874367,-0.161489887,-0.900082241,-0.3274016,-0.0363505 
83,84,145.8369994,-0.0001815,1.012099629,3.3015954,-4.8621067,0.002621593,-0.827443374,0.561549164,0.998340213,0.057591826,-0.793729352,-0.3316272,-0.0403175 
80,82,146.7989228,-0.0001872,1.011906842,16.1138745,-5.15146,0.002597235,-0.836754019,0.547578955,0.960711973,0.277547303,-0.651900542,-0.3360105,-0.0439796 
74,77,147.7612844,-0.0001846,1.011711457,29.1613036,-5.1822166,0.002570896,-0.845832901,0.53344794,0.873251369,0.487269994,-0.478691564,-0.3406375,-0.0471129 
66,70,148.7241021,-0.0001735,1.01151331,42.4623063,-4.9384582,0.002543017,-0.854677296,0.519159628,0.737721634,0.675105022,-0.280026659,-0.3455903,-0.0492093 
57,61,149.6873911,-0.0001542,1.01131219,56.0343036,-4.4169768,0.002514403,-0.8632845,0.504717616,0.55869645,0.829372219,-0.063715216,-0.350943,-0.0495194 
49,53,150.6511635,-0.0001273,1.011107849,69.8897684,-3.6301179,0.002486335,-0.871651827,0.490125589,0.343827388,0.939032868,0.160546267,-0.3567549,-0.0471709 
47,47,151.6154272,-0.0000941,1.010900008,84.0299542,-2.6089125,0.00246059,-0.879776605,0.475387342,0.104008514,0.994576407,0.381304777,-0.3630608,-0.0413621 
50,50,152.580185,-0.0000561,1.010688383,98.437087,-1.40564,0.002439325,-0.887656178,0.460506797,-0.146723344,0.989177568,0.585762876,-0.3698598,-0.031611 
60,60,153.5454347,-0.0000157,1.010472699,113.0668319,-0.0941094,0.002424826,-0.895287908,0.445488003,-0.391804573,0.920048464,0.76064845,-0.3771036,-0.0180046 
76,76,154.5111688,0.000025,1.010252725,127.8438426,1.2344339,0.002419119,-0.902669188,0.430335146,-0.613511499,0.789685786,0.893627474,-0.3846906,-0.0013608 
90,90,155.4773751,0.0000634,1.010028307,142.6635149,2.4809369,0.002423548,-0.909797446,0.415052535,-0.795087435,0.606494823,0.975095732,-0.3924702,0.0167949 
101,101,156.4440385,0.0000973,1.009799382,157.4018282,3.552401,0.002438427,-0.916670174,0.399644583,-0.923222479,0.384265865,0.999860281,-0.4002604,0.0344762 
107,107,157.4111431,0.0001248,1.009566001,171.9321995,4.3758908,0.002462886,-0.923284939,0.384115766,-0.990102686,0.140344829,0.968055559,-0.4078748,0.0496475 
107,108,158.3786739,0.0001445,1.009328313,186.1449035,4.9077446,0.002494969,-0.929639402,0.3684706,-0.994254358,-0.107043315,0.884855712,-0.4151494,0.0606476 
102,105,159.3466185,0.0001557,1.009086553,199.9631071,5.1351714,0.002531943,-0.935731325,0.352713606,-0.939912654,-0.341415002,0.759083996,-0.4219608,0.0664782 
91,97,160.3149685,0.0001582,1.008841012,213.3511693,5.0710812,0.002570714,-0.941558579,0.336849288,-0.835316711,-0.549769036,0.601310307,-0.4282317,0.0668854 
77,84,161.283719,0.0001524,1.008592015,226.3143956,4.7455255,0.002608238,-0.947119135,0.320882134,-0.690700743,-0.723140708,0.422132957,-0.4339253,0.0622687 
62,69,162.2528689,0.000139,1.008339899,238.8924946,4.1972962,0.002641845,-0.952411064,0.304816611,-0.51664549,-0.856199415,0.231075077,-0.4390342,0.0534955 
46,54,163.2224204,0.0001191,1.008084999,251.150095,3.4678162,0.002669454,-0.957432525,0.288657166,-0.323090111,-0.946368206,0.036161016,-0.4435698,0.0417016 
35,40,164.192378,0.0000939,1.00782764,263.1670764,2.5978439,0.002689675,-0.962181764,0.272408248,-0.118974532,-0.992897306,-0.15599829,-0.4475526,0.0281201 
30,31,165.1627488,0.0000648,1.007568134,275.0302003,1.6265201,0.002701826,-0.966657105,0.25607429,0.08768082,-0.99614862,-0.339845338,-0.4510076,0.0139523 
32,32,166.1335416,0.0000332,1.007306779,286.8264326,0.5919347,0.002705888,-0.970856947,0.239659733,0.289473412,-0.957186055,-0.510436227,-0.4539611,0.0002752 
41,41,167.1047672,7.00E-07,1.007043856,298.6377365,-0.4675931,0.002702411,-0.974779766,0.223169012,0.479270017,-0.877667506,-0.663050905,-0.456442,-0.0120236 
53,53,168.0764379,-0.0000311,1.006779629,310.536941,-1.5121953,0.002692391,-0.978424104,0.206606566,0.649938179,-0.759987081,-0.792933502,-0.4584832,-0.0222942 
64,64,169.0485679,-0.0000606,1.00651434,322.5844063,-2.4996494,0.002677123,-0.981788574,0.189976831,0.794249287,-0.607592026,-0.895213282,-0.4601252,-0.0301567 
74,74,170.0211731,-0.0000864,1.006248207,334.8254688,-3.3855244,0.00265804,-0.984871856,0.17328424,0.905016228,-0.425377041,-0.965036149,-0.4614195,-0.0355139 
82,82,170.9942707,-0.0001069,1.005981411,347.2889379,-4.1245629,0.002636551,-0.987672693,0.156533228,0.97549208,-0.220034547,-0.997909608,-0.4624308,-0.0385366 
89,89,171.9678797,-0.000121,1.005714094,359.9871011,-4.6733354,0.002613901,-0.990189892,0.139728228,0.999999975,-0.000225128,-0.990221324,-0.4632384,-0.0396138 
92,92,172.9420198,-0.0001277,1.005446347,12.9176471,-4.9938702,0.002591069,-0.992422318,0.122873683,0.974692387,0.223550332,-0.939838026,-0.4639353,-0.0392636 
91,92,173.9167109,-0.0001263,1.005178205,26.0675576,-5.0576433,0.002568722,-0.994368895,0.105974058,0.898276537,0.439430612,-0.846650002,-0.464624,-0.0380151 
88,90,174.8919728,-0.0001166,1.004909642,39.4183997,-4.8491678,0.002547252,-0.996028601,0.089033842,0.772529699,0.634978633,-0.712927088,-0.4654119,-0.0362798 
81,85,175.8678237,-0.0000987,1.00464057,52.9518122,-4.3685554,0.002526874,-0.997400474,0.072057578,0.602486491,0.79812908,-0.543409063,-0.4664045,-0.0342428 
71,76,176.8442797,-0.0000734,1.004370842,66.6536196,-3.6327965,0.002507777,-0.998483606,0.055049867,0.396288847,0.91812589,-0.345145209,-0.467698,-0.0318042 
59,65,177.8213539,-0.0000418,1.00410026,80.5151549,-2.6758892,0.002490288,-0.999277154,0.038015385,0.164786725,0.986329223,-0.127171924,-0.4693723,-0.0285925 
48,53,178.7990554,-0.0000055,1.003828587,94.5310016,-1.5480873,0.002475007,-0.999780338,0.020958903,-0.078998496,0.996874735,0.099874544,-0.4714836,-0.02406 
44,45,179.7773885,0.0000335,1.003555562,108.6933145,-0.3143093,0.002462862,-0.999992452,0.003885294,-0.320502464,0.947247682,0.324180381,-0.474057,-0.01765 
47,47,180.7563528,0.0000731,1.003280919,122.9839515,0.9487236,0.002455055,-0.99991287,-0.013200463,-0.544404103,0.838823088,0.533283815,-0.4770793,-0.0090044 
60,60,181.7359424,0.000111,1.003004413,137.3666768,2.1573816,0.002452888,-0.999541053,-0.030293275,-0.735703292,0.677303969,0.714847888,-0.4804942,0.0018387 
76,76,182.7161467,0.0001451,1.002725845,151.7823995,3.2285489,0.002457498,-0.99887656,-0.047387949,-0.881158249,0.472821467,0.857762281,-0.4842024,0.0143263 
90,90,183.696951,0.0001733,1.002445082,166.1502599,4.088991,0.002469552,-0.997919051,-0.064479204,-0.970926836,0.239376437,0.953471585,-0.4880685,0.0274044 
101,101,184.6783381,0.0001942,1.002162078,180.375845,4.6846152,0.002488999,-0.996668294,-0.081561703,-0.999978485,-0.006559686,0.99718187,-0.4919362,0.039683 
106,106,185.6602896,0.0002069,1.001876878,194.3651011,4.9867654,0.002514954,-0.995124167,-0.098630076,-0.968734459,-0.248099876,0.988481181,-0.495648,0.0497072 
105,105,186.642788,0.000211,1.001589614,208.0399248,4.993427,0.002545742,-0.993286655,-0.115678961,-0.882620242,-0.470086704,0.931074048,-0.499063,0.0562448 
99,102,187.6258175,0.0002066,1.001300491,221.3506623,4.7252752,0.002579096,-0.991155845,-0.132703019,-0.750680251,-0.660665696,0.83171345,-0.50207,0.0585005 
89,94,188.609365,0.0001945,1.001009768,234.2823659,4.2185162,0.002612441,-0.988731926,-0.149696954,-0.583791121,-0.81190389,0.698752459,-0.5045916,0.0562089 
76,83,189.5934205,0.0001756,1.000717741,246.854444,3.5172348,0.002643196,-0.986015181,-0.16665552,-0.393068345,-0.919509259,0.540812649,-0.5065814,0.0496129 
61,68,190.5779768,0.0001511,1.000424725,259.1155208,2.6673444,0.002669049,-0.983005983,-0.183573519,-0.188829434,-0.982009901,0.365891477,-0.5080168,0.039368 
46,54,191.5630296,0.0001225,1.000131041,271.1360056,1.7130239,0.002688152,-0.979704792,-0.200445803,0.019825739,-0.999803451,0.180983034,-0.5088911,0.0264184 
34,40,192.5485767,0.0000913,0.999837014,283.0003449,0.6955093,0.00269926,-0.976112154,-0.217267263,0.22495692,-0.974368711,-0.007884761,-0.5092063,0.0118768 
27,29,193.5346182,0.000059,0.999542965,294.7999661,-0.3464068,0.002701792,-0.972228695,-0.234032829,0.419451545,-0.907777727,-0.195353039,-0.5089688,-0.0030804 
30,28,194.5211561,0.0000272,0.999249211,306.6270854,-1.3749312,0.002695845,-0.968055123,-0.250737469,0.596604324,-0.802535532,-0.376320144,-0.5081871,-0.0172995 
37,37,195.5081942,-0.0000026,0.998956062,318.5690874,-2.3515857,0.002682154,-0.963592224,-0.267376188,0.749754165,-0.661716474,-0.545530055,-0.5068724,-0.0297279 
49,49,196.4957385,-0.0000289,0.998663823,330.7030857,-3.2359172,0.002662018,-0.958840856,-0.28394403,0.872095627,-0.489335485,-0.697257029,-0.5050414,-0.039489 
62,62,197.483797,-0.0000501,0.998372785,343.0904893,-3.9852024,0.002637173,-0.953801951,-0.30043608,0.956765316,-0.290861014,-0.825179482,-0.5027207,-0.0459573 
75,75,198.4723801,-0.0000651,0.998083219,355.7718644,-4.555689,0.002609625,-0.948476504,-0.316847472,0.997278393,-0.073727928,-0.922534616,-0.4999521,-0.0488285 
85,85,199.4615003,-0.0000728,0.997795366,8.7629678,-4.9057135,0.002581452,-0.942865579,-0.333173379,0.988327055,0.152347079,-0.982617552,-0.4967982,-0.048168 
92,92,200.4511726,-0.0000724,0.997509427,22.0532943,-5.0005751,0.002554582,-0.936970295,-0.349409023,0.926835009,0.375468862,-0.99960908,-0.4933451,-0.0444169 
97,97,201.4414136,-0.0000637,0.997225542,35.6084334,-4.8183572,0.002530596,-0.930791838,-0.36554966,0.813015069,0.582242645,-0.969586391,-0.4897021,-0.0383325 
97,98,202.4322406,-0.0000468,0.996943786,49.376687,-4.3552361,0.002510573,-0.924331457,-0.381590562,0.651083102,0.759006452,-0.891446291,-0.4859958,-0.0308571 
93,96,203.423671,-0.0000222,0.996664156,63.2988763,-3.6286477,0.00249504,-0.917590471,-0.397527015,0.44933652,0.893362576,-0.767442667,-0.4823603,-0.0229354 
85,90,204.4157205,0.0000086,0.996386574,77.318786,-2.6772614,0.002484021,-0.910570281,-0.413354283,0.219526337,0.975606574,-0.603165314,-0.4789243,-0.0153238 
74,80,205.4084022,0.0000443,0.996110892,91.3911688,-1.5578298,0.002477196,-0.903272382,-0.429067599,-0.02427809,0.999705244,-0.4070114,-0.4757986,-0.0084496 
60,67,206.4017252,0.0000827,0.995836905,105.4850369,-0.339973,0.002474108,-0.895698372,-0.444662149,-0.26698671,0.963700211,-0.189381446,-0.4730658,-0.0023629 
49,54,207.3956942,0.0001217,0.99556437,119.5816577,0.8997468,0.002474366,-0.887849967,-0.460133064,-0.493663487,0.869653012,0.038143005,-0.4707742,0.0032057 
46,47,208.3903089,0.0001591,0.995293028,133.6683843,2.0835489,0.002477796,-0.879729008,-0.475475417,-0.690483374,0.723348263,0.263503937,-0.4689346,0.0086992 
50,50,209.3855637,0.0001928,0.995022623,147.730591,3.137747,0.002484482,-0.871337472,-0.490684226,-0.845547011,0.533900976,0.474780007,-0.46752,0.0145431 
61,61,210.3814485,0.0002208,0.994752927,161.7444183,3.9978578,0.002494706,-0.86267747,-0.505754469,-0.949668614,0.313256324,0.660826931,-0.4664685,0.0209625 
75,75,211.3779486,0.0002419,0.994483755,175.6728061,4.6135536,0.002508788,-0.853751255,-0.520681088,-0.997149435,0.075452005,0.812031149,-0.4656875,0.0278554 
87,87,212.3750462,0.0002548,0.994214983,189.4664106,4.9529384,0.002526884,-0.844561212,-0.535459017,-0.98638219,-0.164469372,0.921126746,-0.4650616,0.0347595 
95,95,213.3727213,0.0002592,0.993946558,203.0695142,5.0051169,0.002548795,-0.835109854,-0.550083204,-0.920030121,-0.391847645,0.983875028,-0.4644636,0.0409211 
99,99,214.3709526,0.0002551,0.993678502,216.4293294,4.7800696,0.002573835,-0.825399815,-0.564548621,-0.804589924,-0.59383083,0.99935475,-0.463766,0.0454442 
98,98,215.3697192,0.0002431,0.993410906,229.5059369,4.3055804,0.002600806,-0.815433832,-0.578850297,-0.649369253,-0.760473256,0.969717828,-0.4628519,0.047475 
93,95,216.3690012,0.000224,0.993143924,242.2800995,3.621992,0.002628069,-0.805214738,-0.592983327,-0.465149541,-0.885232119,0.899473153,-0.4616237,0.0463683 
84,89,217.3687805,0.000199,0.992877761,254.7573114,2.7762609,0.002653699,-0.794745451,-0.606942887,-0.262908098,-0.964820881,0.794536185,-0.4600054,0.0417997 
74,79,218.3690412,0.0001697,0.992612659,266.9679431,1.8167974,0.002675693,-0.78402897,-0.620724234,-0.05289468,-0.998600097,0.661326241,-0.4579431,0.0338102 
62,68,219.3697694,0.0001375,0.992348885,278.9644414,0.7900198,0.002692172,-0.773068365,-0.634322712,0.155821461,-0.987785236,0.506113968,-0.4554005,0.0227938 
49,56,220.3709535,0.000104,0.992086724,290.8168806,-0.2611478,0.002701574,-0.761866779,-0.647733751,0.355382367,-0.934721013,0.334696328,-0.452354,0.0094477 
38,43,221.3725839,0.0000709,0.991826472,302.6078937,-1.297139,0.002702816,-0.750427422,-0.660952861,0.538886845,-0.842378162,0.15237679,-0.4487878,-0.0052944 
30,33,222.3746529,0.0000397,0.991568433,314.4274794,-2.2805271,0.0026954,-0.738753573,-0.673975636,0.700005925,-0.714137035,-0.035820916,-0.4446899,-0.0203342 
30,29,223.3771548,0.000012,0.991312917,326.3676787,-3.1743531,0.002679497,-0.726848571,-0.686797753,0.832608933,-0.553861323,-0.224789901,-0.4400503,-0.0344824 
34,34,224.3800855,-0.0000109,0.991060238,338.5167944,-3.9406301,0.002655969,-0.714715821,-0.699414966,0.930524956,-0.366228489,-0.408915221,-0.4348613,-0.0465404 
45,45,225.3834435,-0.0000277,0.990810716,350.9527827,-4.5396857,0.002626351,-0.702358775,-0.711823118,0.987559088,-0.157248363,-0.581687771,-0.4291205,-0.0553958 
58,58,226.3872298,-0.0000372,0.990564667,3.7357278,-4.9310454,0.00259277,-0.689780932,-0.72401814,0.997875184,0.065154564,-0.73548836,-0.4228368,-0.0601413 
71,71,227.391448,-0.0000386,0.990322398,16.8999767,-5.0764945,0.002557781,-0.676985832,-0.735996048,0.956813702,0.290701804,-0.8617047,-0.4160382,-0.0602108 
83,83,228.3961053,-0.0000315,0.990084191,30.4474516,-4.9455663,0.002524138,-0.663977043,-0.747752958,0.862094283,0.506747913,-0.951333064,-0.4087806,-0.0555158 
92,92,229.4012118,-0.0000159,0.989850288,44.3444832,-4.522833,0.002494481,-0.650758159,-0.759285071,0.715150284,0.698970723,-0.996107917,-0.4011545,-0.0465377 
98,98,230.4067803,0.0000078,0.989620866,58.524493,-3.8151485,0.002471008,-0.637332804,-0.770588669,0.522134027,0.852863446,-0.989980052,-0.3932859,-0.0343228 
100,100,231.4128253,0.0000383,0.989396022,72.8974021,-2.8560978,0.002455177,-0.623704643,-0.781660104,0.294083662,0.955779681,-0.930516191,-0.3853285,-0.0203396 
96,98,232.4193614,0.000074,0.98917576,87.3640249,-1.705249,0.002447542,-0.609877398,-0.792495778,0.045990217,0.99894189,-0.819705625,-0.3774471,-0.0062071 
89,93,233.4264017,0.0001128,0.98895999,101.831349,-0.4416923,0.002447755,-0.595854876,-0.803092128,-0.205031602,0.978755354,-0.66386164,-0.3697968,0.006633 
78,84,234.4339559,0.0001524,0.98874854,116.2241493,0.8462078,0.00245476,-0.58164099,-0.813445609,-0.441883994,0.897072202,-0.4727016,-0.3625029,0.017191 
66,72,235.4420292,0.0001905,0.988541179,130.4901416,2.0715601,0.00246709,-0.567239782,-0.823552688,-0.649317202,0.760517699,-0.258007847,-0.3556493,0.0250606 
56,60,236.4506218,0.0002248,0.988337638,144.5986258,3.1574255,0.002483211,-0.552655433,-0.833409846,-0.815113902,0.579300722,-0.0323178,-0.3492742,0.0303827 
52,53,237.4597284,0.0002534,0.988137641,158.5346757,4.0419485,0.002501791,-0.537892272,-0.843013585,-0.930639206,0.365938066,0.192092876,-0.3433746,0.0336798 
55,53,238.469339,0.0002749,0.987940923,172.2916909,4.6806109,0.002521853,-0.522954768,-0.852360435,-0.990963758,0.134129898,0.403902204,-0.3379128,0.0356318 
60,60,239.4794393,0.0002882,0.987747247,185.864795,5.0467093,0.002542807,-0.507847528,-0.861446974,-0.99476579,-0.102181329,0.593213143,-0.3328249,0.0368594 
70,70,240.4900113,0.0002929,0.987556422,199.2467021,5.1309399,0.002564365,-0.492575287,-0.870269836,-0.944107996,-0.329636304,0.751916798,-0.3280283,0.0377632 
78,78,241.5010344,0.0002888,0.987368305,212.4267012,4.9404109,0.002586383,-0.477142894,-0.878825727,-0.844078126,-0.536220214,0.873989999,-0.3234279,0.0384419 
84,84,242.512486,0.0002766,0.987182813,225.3925216,4.4969649,0.002608686,-0.461555303,-0.887111437,-0.702245983,-0.711934393,0.9556905,-0.3189232,0.0386927 
87,87,243.5243426,0.000257,0.986999919,238.1341662,3.8346123,0.00263091,-0.445817552,-0.895123852,-0.527931988,-0.849286651,0.995578085,-0.3144134,0.0380825 
87,87,244.5365802,0.0002312,0.986819654,250.648458,2.9961201,0.002652404,-0.429934758,-0.902859958,-0.331363281,-0.943503246,0.994315894,-0.3098037,0.0360665 
85,85,245.5491756,0.0002006,0.986642101,262.9431119,2.0291583,0.002672199,-0.413912092,-0.910316857,-0.122854767,-0.99242466,0.954271971,-0.3050094,0.0321213 
80,82,246.5621061,0.0001668,0.986467389,275.0395207,0.9826389,0.002689062,-0.397754782,-0.917491762,0.087842864,-0.996134344,0.879005135,-0.2999582,0.025867 
73,77,247.5753508,0.0001315,0.986295681,286.9739543,-0.0961338,0.002701604,-0.38146809,-0.924382008,0.291936954,-0.956437564,0.772749044,-0.2945916,0.0171556 
65,69,248.5888901,0.0000963,0.986127177,298.7972788,-1.1631234,0.00270843,-0.365057313,-0.930985047,0.481712054,-0.876329559,0.639997208,-0.2888626,0.0061217 
55,60,249.602706,0.0000627,0.985962094,310.5734996,-2.177974,0.00270831,-0.34852778,-0.937298451,0.65042297,-0.759572222,0.485255393,-0.2827336,-0.0068043 
47,51,250.6167822,0.0000324,0.985800675,322.3773992,-3.1034019,0.002700341,-0.331884843,-0.943319909,0.792048905,-0.610457642,0.31298782,-0.2761729,-0.0209095 
39,43,251.631104,0.0000069,0.985643177,334.2913624,-3.9039757,0.002684111,-0.315133877,-0.949047227,0.901011635,-0.433794921,0.127752578,-0.2691517,-0.0352325 
36,37,252.6456587,-0.0000127,0.985489873,346.4012413,-4.5448086,0.002659821,-0.298280268,-0.95447833,0.971966095,-0.235121056,-0.065500355,-0.2616423,-0.048615 
37,36,253.6604354,-0.0000252,0.985341053,358.790926,-4.9907794,0.002628379,-0.281329419,-0.959611254,0.999777354,-0.021100756,-0.261018259,-0.2536183,-0.0597749 
42,42,254.6754254,-0.0000297,0.985197022,11.5352603,-5.2070026,0.002591447,-0.264286732,-0.964444153,0.979801826,0.19997095,-0.451809436,-0.2450577,-0.0674124 
52,52,255.6906233,-0.0000256,0.985058094,24.6912326,-5.1613146,0.002551409,-0.247157593,-0.968975296,0.908572109,0.417728049,-0.629328655,-0.2359493,-0.0703612 
64,64,256.7060267,-0.0000128,0.984924582,38.2881038,-4.8293582,0.002511233,-0.229947371,-0.973203065,0.784905037,0.619616077,-0.783499116,-0.2263034,-0.06779 
77,77,257.7216375,0.0000085,0.984796787,52.3182889,-4.2021308,0.002474219,-0.212661394,-0.977125955,0.611274449,0.791418693,-0.903310223,-0.2161645,-0.0594314 
87,87,258.7374616,0.0000374,0.984674969,66.7319556,-3.2944699,0.002443606,-0.195304949,-0.980742564,0.395033196,0.918666846,-0.978127616,-0.205622,-0.0457797 
95,95,259.7535088,0.0000724,0.984559325,81.4385528,-2.1512924,0.002422107,-0.177883282,-0.984051593,0.148870002,0.988856776,-0.99956757,-0.1948142,-0.0281584 
100,100,260.7697914,0.0001113,0.984449957,96.3169421,-0.8477393,0.002411461,-0.160401623,-0.987051832,-0.110028216,0.993928464,-0.963410207,-0.183919,-0.008569 
99,100,261.7863224,0.0001519,0.98434686,111.2326207,0.5189254,0.002412144,-0.142865208,-0.989742154,-0.362155319,0.932117763,-0.870816848,-0.1731302,0.0106922 
94,97,262.8031133,0.0001915,0.984249919,126.0573672,1.8439684,0.00242334,-0.125279325,-0.99212151,-0.588594983,0.808428071,-0.728320097,-0.1626279,0.0275335 
86,91,263.820172,0.0002275,0.984158927,140.6856279,3.0312478,0.002443193,-0.10764934,-0.994188925,-0.773681308,0.633574963,-0.546606929,-0.1525513,0.0404951 
76,81,264.8375014,0.0002579,0.984073609,155.0437386,4.0051832,0.00246924,-0.089980732,-0.995943506,-0.906630142,0.421926279,-0.338635494,-0.1429858,0.0489528 
65,70,265.8550989,0.000281,0.98399366,169.0912614,4.7159539,0.002498893,-0.072279089,-0.997384446,-0.981929861,0.189245207,-0.11777723,-0.1339628,0.0530676 
58,61,266.8729568,0.0002956,0.983918767,182.8163309,5.1387202,0.002529833,-0.054550109,-0.998511034,-0.998792173,-0.049134455,0.103545518,-0.12547,0.0535599 
55,56,267.8910627,0.0003013,0.983848636,196.2279523,5.2695238,0.002560248,-0.036799589,-0.999322666,-0.960157463,-0.279459561,0.314603674,-0.1174651,0.051423 
55,55,268.9094003,0.0002981,0.983783001,209.3478916,5.1204212,0.002588915,-0.019033406,-0.999818848,-0.87165991,-0.490111214,0.506613086,-0.1098866,0.0476635 
59,59,269.9279506,0.0002863,0.983721638,222.2038883,4.7153183,0.002615148,-0.001257499,-0.999999209,-0.740759009,-0.671770861,0.672701834,-0.1026627,0.0431111 
65,65,270.946692,0.0002668,0.983664362,234.8249972,4.0868853,0.002638663,0.016522141,-0.9998635,-0.576075755,-0.817396308,0.807766729,-0.0957163,0.0383102 
70,70,271.9656015,0.0002407,0.983611038,247.2391835,3.2742906,0.002659395,0.034299489,-0.999411599,-0.386885051,-0.922127951,0.90831541,-0.0889683,0.0334856 
75,75,272.9846548,0.0002094,0.983561572,259.4728874,2.3213062,0.002677324,0.052068497,-0.998643516,-0.182700785,-0.983168563,0.972321955,-0.0823395,0.0285703 
77,77,274.0038271,0.0001745,0.98351592,271.552057,1.2744549,0.002692324,0.069823106,-0.997559389,0.027085192,-0.999633129,0.999084585,-0.0757528,0.0232799 
79,79,275.0230938,0.0001376,0.983474077,283.5040784,0.1811079,0.002704066,0.087557265,-0.996159488,0.233514578,-0.972353301,0.989064864,-0.0691349,0.0172171 
77,78,276.0424302,0.0001003,0.983436081,295.360049,-0.912327,0.002711986,0.105264924,-0.994444214,0.428305155,-0.90363416,0.943699272,-0.062418,0.0099865 
75,76,277.0618126,0.0000644,0.983402009,307.1569229,-1.9618766,0.002715321,0.122940064,-0.992414097,0.604000083,-0.796984253,0.865194217,-0.0555405,0.001303 
71,73,278.0812181,0.0000314,0.983371968,318.9391714,-2.9269004,0.002713193,0.140576689,-0.990069793,0.754012644,-0.656859904,0.756333749,-0.0484475,-0.0089191 
65,68,279.100625,0.0000028,0.983346098,330.7596982,-3.7703199,0.002704753,0.158168838,-0.987412081,0.872578701,-0.488473551,0.620339445,-0.0410893,-0.0205044 
59,62,280.1200129,-0.0000201,0.983324566,342.6798102,-4.4582713,0.002689333,0.175710593,-0.984441866,0.954655952,-0.297711293,0.460822624,-0.0334198,-0.0329832 
51,55,281.1393627,-0.0000361,0.983307564,354.7680361,-4.9594641,0.002666625,0.193196078,-0.981160168,0.995833682,-0.091188145,0.281861337,-0.0253948,-0.0455872 
46,48,282.1586572,-0.0000444,0.983295309,7.0975181,-5.2447036,0.002636846,0.210619469,-0.977568125,0.992337291,0.123558491,0.088218711,-0.0169705,-0.0572727 
42,44,283.1778812,-0.0000444,0.983288046,19.7416186,-5.287181,0.002600882,0.227975007,-0.973666984,0.941225437,0.337779036,-0.11430842,-0.0081034,-0.0667793 
43,42,284.1970217,-0.0000356,0.983286042,32.7673704,-5.0642375,0.002560385,0.245256993,-0.9694581,0.840874967,0.541229425,-0.318468784,0.0012465,-0.0727366 
47,47,285.216069,-0.0000184,0.983289585,46.2266164,-4.5612596,0.002517793,0.262459814,-0.964942924,0.69180781,0.722081681,-0.515195859,0.0111086,-0.0738349 
56,56,286.2350173,0.0000069,0.983298974,60.1453007,-3.7779419,0.002476224,0.279577954,-0.960122996,0.497802175,0.867290605,-0.693531141,0.0214901,-0.0690707 
68,68,287.2538655,0.0000389,0.983314503,74.512503,-2.736095,0.002439215,0.296606005,-0.954999936,0.267028088,0.963688747,-0.841120557,0.0323602,-0.0580473 
81,81,288.2726172,0.000076,0.983336432,89.2722107,-1.4864815,0.002410288,0.313538671,-0.949575432,0.012701978,0.999919327,-0.945516266,0.0436357,-0.0412538 
92,92,289.2912811,0.0001159,0.983364957,104.3217364,-0.1106365,0.002392388,0.330370767,-0.943851236,-0.247366612,0.968921957,-0.996240885,0.0551743,-0.0201929 
100,100,290.3098692,0.0001559,0.983400177,119.5199619,1.2860201,0.002387333,0.347097198,-0.937829161,-0.492726763,0.870184082,-0.987108087,0.066785,0.0027776 
104,104,291.328395,0.0001934,0.983442073,134.7055829,2.5899843,0.002395434,0.363712919,-0.931511091,-0.70346396,0.710730932,-0.917912676,0.0782555,0.0249144 
103,104,292.3468707,0.0002259,0.983490505,149.721239,3.6994221,0.002415463,0.380212898,-0.924898995,-0.863582515,0.504207537,-0.794686255,0.0893892,0.0437181 
97,100,293.3653049,0.0002513,0.983545232,164.4364227,4.5401477,0.00244495,0.396592077,-0.917994948,-0.963333323,0.268307488,-0.628355282,0.1000361,0.0574647 
87,92,294.3837013,0.0002683,0.983605945,178.7625814,5.0723873,0.002480719,0.412845355,-0.910801138,-0.999766793,0.02159535,-0.432418146,0.1101073,0.0654433 
74,81,295.4020583,0.0002761,0.983672299,192.6575356,5.2882145,0.002519464,0.428967585,-0.903319883,-0.975697214,-0.219123133,-0.220604194,0.1195715,0.0678774 
62,68,296.4203692,0.0002746,0.983743947,206.1206514,5.2035526,0.002558217,0.444953585,-0.895553632,-0.897868948,-0.440262822,-0.005231039,0.1284413,0.0656503 
52,56,297.4386228,0.0002642,0.983820555,219.1826605,4.8492427,0.002594626,0.460798152,-0.887504965,-0.775135725,-0.631794751,0.203539869,0.1367567,0.0599781 
47,48,298.4568048,0.0002458,0.983901818,231.8940977,4.2639823,0.002627072,0.476496086,-0.879176592,-0.617116938,-0.786871454,0.397745158,0.1445722,0.0521293 
46,46,299.4748979,0.0002204,0.983987465,244.3150267,3.4899402,0.002654633,0.492042198,-0.87057135,-0.433422748,-0.901190724,0.571288544,0.151948,0.0432262 
50,50,300.4928831,0.0001895,0.98407726,256.507253,2.5706067,0.002676963,0.507431333,-0.861692197,-0.233322271,-0.972399464,0.719513999,0.1589463,0.0341284 
57,57,301.5107397,0.0001546,0.984171003,268.5292145,1.550005,0.002694122,0.522658377,-0.852542211,-0.02566723,-0.999670542,0.838846141,0.1656295,0.0253807 
64,64,302.5284459,0.0001173,0.984268529,280.4332515,0.4724415,0.002706392,0.537718265,-0.843124586,0.181089929,-0.983466541,0.926560183,0.1720604,0.0172137 
71,71,303.545979,0.0000793,0.984369713,292.2648166,-0.6177716,0.002714109,0.552605988,-0.833442632,0.378887948,-0.925442555,0.980679028,0.1783025,0.0095833 
76,76,304.5633159,0.0000421,0.984474462,304.0631886,-1.6768974,0.002717518,0.567316609,-0.823499766,0.560106867,-0.828420363,0.999961904,0.1844198,0.0022431 
78,78,305.5804333,0.0000075,0.984582724,315.863282,-2.6626775,0.002716688,0.58184526,-0.813299511,0.717680175,-0.696372865,0.983938518,0.1904768,-0.005161 
80,80,306.5973079,-0.0000231,0.984694482,327.6981503,-3.5353939,0.002711475,0.596187153,-0.802845489,0.845244582,-0.534379637,0.932948242,0.1965374,-0.0129841 
79,79,307.6139168,-0.0000484,0.984809756,339.6017573,-4.2588566,0.002701559,0.610337588,-0.792141419,0.93729268,-0.3485433,0.848160538,0.2026645,-0.0214761 
76,78,308.630238,-0.0000673,0.984928604,351.6115664,-4.801127,0.002686526,0.624291959,-0.781191109,0.989301803,-0.145883319,0.731575913,0.2089196,-0.0306882 
71,74,309.6462502,-0.0000787,0.985051115,3.7704842,-5.1349397,0.00266601,0.638045754,-0.769998452,0.997835477,0.065759876,0.586029687,0.2153632,-0.0404022 
65,68,310.6619337,-0.0000822,0.985177417,16.1276868,-5.2379829,0.002639857,0.651594569,-0.758567411,0.960645036,0.277778894,0.415237072,0.222055,-0.0500902 
57,61,311.67727,-0.0000773,0.985307669,28.7378569,-5.0934104,0.002608311,0.664934101,-0.746902029,0.876828675,0.480802947,0.22392059,0.2290546,-0.0589107 
49,53,312.6922431,-0.0000641,0.985442067,41.6583428,-4.6911028,0.002572183,0.678060168,-0.7350064,0.747121644,0.664687332,0.018043985,0.2364209,-0.0657519 
45,47,313.7068393,-0.0000431,0.985580839,54.943771,-4.0302243,0.002532981,0.690968706,-0.722884671,0.57438006,0.818588753,-0.194866615,0.2442081,-0.0693343 
45,44,314.7210484,-0.0000151,0.985724241,68.637801,-3.1233834,0.002492961,0.703655777,-0.710541024,0.364262439,0.931296341,-0.405408886,0.252459,-0.0683896 
49,49,315.7348645,0.0000184,0.985872547,82.7622222,-2.0020462,0.002455044,0.716117587,-0.697979657,0.125987354,0.992031848,-0.602196289,0.2611925,-0.0619235 
60,60,316.7482865,0.0000555,0.986026033,97.3046788,-0.7216473,0.002422573,0.728350478,-0.685204773,-0.127145607,0.991884063,-0.772250258,0.2703875,-0.0495372 
76,76,317.7613191,0.0000939,0.986184945,112.2079913,0.6365757,0.002398872,0.740350943,-0.67222056,-0.377969918,0.925817877,-0.902184197,0.2799678,-0.0317257 
90,90,318.7739721,0.000131,0.98634947,127.3656881,1.970536,0.002386682,0.752115607,-0.659031194,-0.606899991,0.794778209,-0.980242586,0.2897953,-0.0100122 
102,102,319.7862595,0.0001643,0.986519698,142.6284855,3.1706881,0.0023876,0.763641215,-0.64564084,-0.794716489,0.606980809,-0.998769865,0.2996804,0.0132169 
110,109,320.798197,0.0001914,0.9866956,157.8234661,4.1390316,0.002401706,0.774924599,-0.632053689,-0.926025256,0.377461555,-0.956175719,0.3094106,0.0351939 
111,111,321.8097998,0.0002106,0.986877029,172.7819712,4.8066251,0.002427522,0.785962653,-0.618273974,-0.992075215,0.125645408,-0.857417354,0.3187873,0.053408 
106,109,322.8210798,0.0002207,0.987063732,187.3672224,5.1424559,0.00246233,0.796752303,-0.604306021,-0.991744681,-0.128228263,-0.712685747,0.3276572,0.0661338 
95,101,323.8320446,0.0002215,0.987255388,201.4925428,5.1513525,0.002502708,0.807290502,-0.590154255,-0.930465261,-0.366380127,-0.534934977,0.3359263,0.0726615 
80,88,324.8426969,0.0002131,0.987451637,215.1260655,4.8642885,0.002545101,0.81757423,-0.575823219,-0.817888046,-0.575377392,-0.337368527,0.3435565,0.0732193 
64,72,325.8530343,0.0001963,0.987652107,228.2839863,4.3267159,0.002586297,0.827600497,-0.561317572,-0.665439008,-0.746452227,-0.131720902,0.3505517,0.068707 
49,56,326.8630509,0.0001724,0.987856441,241.0177057,3.5891502,0.002623722,0.83736637,-0.546642078,-0.48453932,-0.874769483,0.072448877,0.3569414,0.0603858 
40,43,327.8727372,0.0001427,0.9880643,253.3999261,2.7015333,0.00265557,0.846868972,-0.531801602,-0.285689603,-0.958322206,0.267695623,0.3627684,0.0496136 
36,36,328.8820817,0.0001087,0.988275374,265.5127224,1.7109412,0.002680799,0.856105506,-0.516801087,-0.078237731,-0.996934731,0.448237201,0.3680798,0.0376562 
39,39,329.8910704,0.0000721,0.988489378,277.4386147,0.6614446,0.00269904,0.865073249,-0.501645566,0.129463908,-0.991584135,0.609419548,0.3729238,0.0255698 
47,47,330.8996883,0.0000344,0.988706056,289.2545053,-0.4050524,0.00271046,0.873769577,-0.486340134,0.32976488,-0.944063093,0.747274291,0.3773487,0.0141368 
58,58,331.9079186,-0.0000026,0.988925181,301.0279415,-1.4478636,0.002715589,0.882191954,-0.470889962,0.515456029,-0.85691603,0.858244318,0.3814039,0.0038419 
67,67,332.9157436,-0.0000375,0.989146554,312.8152015,-2.4270028,0.002715155,0.890337945,-0.455300279,0.679635951,-0.733549572,0.939091001,0.3851419,-0.0051218 
75,75,333.9231448,-0.0000688,0.989370007,324.660891,-3.3033585,0.002709919,0.898205217,-0.439576373,0.815742965,-0.57841457,0.986961966,0.3886193,-0.0128174 
81,81,334.9301027,-0.000095,0.989595408,336.5988921,-4.0395896,0.002700545,0.905791545,-0.423723586,0.917746946,-0.397165637,0.999575872,0.391898,-0.0195013 
85,85,335.9365973,-0.0001152,0.989822662,348.6545492,-4.6015763,0.002687517,0.913094809,-0.40774731,0.980458913,-0.196723971,0.975465614,0.3950452,-0.0255361 
87,87,336.9426088,-0.0001283,0.990051712,0.8478755,-4.9601285,0.002671102,0.92011301,-0.39165297,0.999890508,0.014797679,0.91421671,0.3981329,-0.0312854 
86,87,337.9481172,-0.0001338,0.990282547,13.1973599,-5.0926324,0.002651383,0.926844259,-0.375446029,0.973589424,0.228306009,0.816649183,0.4012362,-0.0370041 
82,84,338.9531033,-0.0001312,0.990515197,25.7237335,-4.9844162,0.002628351,0.933286789,-0.359131967,0.90089731,0.434032298,0.684920685,0.4044323,-0.0427387 
75,79,339.9575491,-0.0001208,0.990749738,38.4528884,-4.6298294,0.002602052,0.939438957,-0.342716275,0.783119756,0.621870925,0.522567921,0.4077989,-0.0482546 
66,71,340.9614382,-0.0001028,0.990986291,51.4170885,-4.0332557,0.002572753,0.945299244,-0.326204443,0.62364648,0.78170651,0.334536409,0.4114126,-0.0530051 
55,61,341.9647564,-0.0000782,0.991225021,64.6536723,-3.2104221,0.002541126,0.950866255,-0.309601947,0.428088738,0.903736705,0.127256492,0.4153466,-0.0561572 
46,50,342.9674923,-0.0000481,0.991466131,78.2006072,-2.1902872,0.002508385,0.95613872,-0.292914233,0.204485678,0.978869556,-0.09120815,0.4196654,-0.0566872 
43,44,343.9696384,-0.0000142,0.991709859,92.0885774,-1.0174036,0.002476347,0.961115498,-0.276146699,-0.03644448,0.999335679,-0.310990604,0.4244179,-0.0535553 
45,45,344.9711917,0.0000214,0.991956462,106.3299445,0.2460978,0.002447381,0.96579557,-0.25930468,-0.281168294,0.959658476,-0.520395026,0.4296255,-0.045955 
57,57,345.9721544,0.0000565,0.992206202,120.9061614,1.5206593,0.00242418,0.970178038,-0.242393428,-0.513633523,0.858009676,-0.70629187,0.4352681,-0.0336038 
74,74,346.9725344,0.0000887,0.992459309,135.7570286,2.7138512,0.002409388,0.974262119,-0.225418108,-0.716387538,0.697702584,-0.855224037,0.4412725,-0.0169928 
91,91,347.9723447,0.0001157,0.992715959,150.7767995,3.7307476,0.002405114,0.978047133,-0.208383795,-0.872724459,0.488213087,-0.955301351,0.4475085,0.0025199 
105,105,348.9716024,0.0001356,0.992976236,165.8218446,4.4888396,0.002412462,0.981532492,-0.191295497,-0.969538805,0.244937757,-0.99848933,0.4538005,0.0228688 
113,113,349.9703267,0.0001469,0.993240115,180.7308727,4.9327825,0.002431234,0.984717689,-0.174158183,-0.999918642,-0.012755789,-0.982416049,0.4599525,0.0416903 
113,114,350.9685365,0.000149,0.993507462,195.3525804,5.0429701,0.002459906,0.987602287,-0.156976822,-0.964314856,-0.264758114,-0.910798669,0.46578,0.0568408 
108,111,351.9662482,0.000142,0.993778045,209.5712322,4.8345913,0.002495888,0.990185913,-0.139756424,-0.869742825,-0.493505237,-0.792236566,0.4711362,0.0668256 
96,103,352.9634749,0.0001264,0.994051561,223.3218004,4.3487288,0.002535967,0.99246826,-0.12250205,-0.727511759,-0.686095213,-0.637984259,0.4759242,0.070996 
81,89,353.9602249,0.0001032,0.994327665,236.5919991,3.6403632,0.002576795,0.994449091,-0.105218842,-0.550597315,-0.834770985,-0.459707363,0.4800956,0.0695076 
64,73,354.9565029,0.0000741,0.994605996,249.4142454,2.7679588,0.002615303,0.996128245,-0.087911996,-0.351608906,-0.936146985,-0.267949012,0.4836394,0.0631254 
48,56,355.9523097,0.0000404,0.994886196,261.8529058,1.7869326,0.00264898,0.997505643,-0.070586775,-0.141714933,-0.98990751,-0.071487067,0.4865688,0.0529835 
34,40,356.9476433,0.0000038,0.995167917,273.9912864,0.7469973,0.002676022,0.998581293,-0.053248479,0.069604762,-0.997574647,0.122625346,0.4889099,0.0403688 
30,31,357.9424992,-0.0000339,0.995450827,285.9206982,-0.3077968,0.002695375,0.999355299,-0.035902446,0.274306632,-0.961642279,0.308655096,0.4906941,0.0265571 
32,32,358.9368709,-0.0000712,0.995734615,297.7321645,-1.3376607,0.002706688,0.999827859,-0.018554038,0.465339012,-0.885132535,0.481681691,0.4919545,0.0127007 
42,42,359.9307504,-0.0001065,0.996018988,309.5104102,-2.3053596,0.002710221,0.99999927,-0.001208633,0.636218408,-0.771509,0.637150415,0.4927251,-0.0002469 
54,54,0.9241278,-0.0001384,0.996303673,321.3295588,-3.174905,0.002706716,0.999869929,0.016128374,0.780752865,-0.62483995,0.77057366,0.4930423,-0.011579 
65,65,1.9169921,-0.0001656,0.99658842,333.2501296,-3.9110769,0.002697243,0.999440339,0.033451582,0.892979962,-0.450096421,0.877423758,0.4929475,-0.0208641 
75,75,2.9093305,-0.0001869,0.996873005,345.317248,-4.4799934,0.002683041,0.998711105,0.050755579,0.967344099,-0.253466752,0.953232442,0.4924899,-0.0279528 
83,83,3.9011289,-0.0002015,0.997157235,357.5602593,-4.8507359,0.002665358,0.997682939,0.068034948,0.999093545,-0.042568641,0.993882428,0.491729,-0.0329583 
89,89,4.8923724,-0.0002085,0.997440955,9.9940461,-4.9978044,0.002645311,0.996356659,0.085284282,0.984825792,0.17354584,0.996038468,0.490736,-0.0362056 
92,92,5.8830447,-0.0002078,0.997724054,22.6221963,-4.9039487,0.002623788,0.994733193,0.102498174,0.923061272,0.384652944,0.957625911,0.4895937,-0.0381457 
92,92,6.8731296,-0.0001994,0.998006472,35.4417446,-4.5627946,0.002601409,0.992813574,0.119671245,0.814705526,0.579874905,0.878245057,0.4883941,-0.0392434 
88,91,7.862611,-0.0001836,0.998288204,48.448658,-3.9807478,0.002578548,0.990598943,0.136798149,0.663290912,0.748361655,0.759429765,0.4872353,-0.039855 
81,85,8.8514737,-0.0001613,0.998569303,61.6427775,-3.1779185,0.002555435,0.988090542,0.153873585,0.474967324,0.880003433,0.604720003,0.486217,-0.0401196 
71,76,9.8397043,-0.0001338,0.998849877,75.0307849,-2.1881487,0.002532295,0.985289712,0.170892317,0.258300018,0.96606475,0.419593394,0.485435,-0.0398926 
59,65,10.8272921,-0.0001026,0.999130089,88.6259995,-1.0584379,0.002509527,0.982197883,0.187849193,0.023978534,0.999712474,0.211346847,0.4849759,-0.0387417 
48,53,11.8142296,-0.0000697,0.999410147,102.4443603,0.1520153,0.002487842,0.978816571,0.204739151,-0.215491435,0.97650573,-0.010997634,0.4849103,-0.0360217 
43,44,12.8005134,-0.0000371,0.999690292,116.4967165,1.3733392,0.002468353,0.975147369,0.221557235,-0.446146526,0.894959931,-0.236773763,0.485285,-0.0310261 
48,46,13.7861451,-0.000007,0.999970786,130.7785421,2.5278027,0.002452548,0.971191932,0.238298617,-0.653137055,0.757239716,-0.453872262,0.486114,-0.0232 
58,58,14.7711314,0.0000184,1.000251884,145.2594347,3.5349388,0.002442135,0.966951973,0.25495859,-0.821740786,0.569861457,-0.649292801,0.4873695,-0.0123699 
75,75,15.7554845,0.0000373,1.000533813,159.8759839,4.3195759,0.002438766,0.962429249,0.271532577,-0.938950121,0.344053295,-0.810251382,0.4889762,0.0010755 
91,91,16.7392211,0.0000482,1.000816743,174.5319629,4.8219896,0.00244369,0.957625561,0.288016118,-0.995449512,0.095290448,-0.925822713,0.4908131,0.0161308 
102,102,17.7223615,0.0000503,1.001100764,189.1082008,5.0075319,0.002457422,0.95254275,0.304404844,-0.987391159,-0.158299395,-0.988719393,0.4927251,0.0312959 
109,109,18.7049279,0.0000433,1.00138587,203.4807586,4.8721401,0.002479531,0.947182699,0.320694457,-0.917193933,-0.398441074,-0.996528069,0.4945427,0.0448564 
109,109,19.6869426,0.0000277,1.001671959,217.5419987,4.4412752,0.002508619,0.941547343,0.336880694,-0.792906896,-0.609342806,-0.951835207,0.496106,0.0552328 
103,105,20.668426,0.0000044,1.001958845,231.2176696,3.7627333,0.00254249,0.935638678,0.352959295,-0.626363439,-0.779531168,-0.861192632,0.4972825,0.0612777 
93,98,21.649396,-0.0000253,1.002246276,244.4753898,2.8963967,0.002578453,0.929458772,0.368925997,-0.430898744,-0.902400284,-0.733421542,0.4979774,0.0624366 
79,86,22.6298669,-0.0000597,1.002533953,257.3240811,1.9046223,0.002613671,0.923009768,0.384776518,-0.219436173,-0.975626858,-0.577940036,0.4981333,0.0587569 
64,71,23.6098498,-0.0000972,1.002821559,269.8070864,0.8456706,0.002645489,0.916293891,0.40050656,-0.003366971,-0.999994332,-0.403589425,0.4977232,0.0507888 
48,56,24.5893528,-0.000136,1.003108762,281.9925693,-0.2292907,0.002671679,0.90931345,0.416111823,0.207784833,-0.978174557,-0.218088455,0.4967416,0.0394375 
36,42,25.5683811,-0.0001745,1.003395234,293.963909,-1.2763633,0.002690601,0.902070837,0.431588003,0.406161114,-0.913801483,-0.027999661,0.4951953,0.0258141 
29,31,26.5469377,-0.000211,1.003680654,305.8114055,-2.2574649,0.002701286,0.894568528,0.446930809,0.585119117,-0.810947359,0.160991788,0.4930975,0.0111099 
31,30,27.5250236,-0.0002441,1.003964706,317.6255216,-3.1383271,0.002703451,0.886809083,0.462135966,0.738755626,-0.673973386,0.343667857,0.4904639,-0.0035045 
38,38,28.5026378,-0.0002724,1.004247087,329.4913372,-3.8867398,0.002697462,0.878795144,0.477199219,0.861552414,-0.507668631,0.514869003,0.4873123,-0.0169597 
50,50,29.4797777,-0.0002949,1.004527504,341.4838017,-4.4715897,0.00268426,0.870529441,0.492116341,0.948233911,-0.317572748,0.669182797,0.483664,-0.0283559 
62,62,30.4564386,-0.0003107,1.004805676,353.663578,-4.8630628,0.002665238,0.862014788,0.506883128,0.993890998,-0.110366134,0.800806007,0.4795473,-0.0370257 
73,73,31.4326136,-0.0003189,1.005081344,6.0736403,-5.0342156,0.002642094,0.853254093,0.521495401,0.994386727,0.105806601,0.903642201,0.4750016,-0.0425886 
82,82,32.4082942,-0.0003193,1.005354277,18.7371718,-4.9638738,0.002616657,0.84425035,0.535949015,0.947002074,0.321227445,0.971668365,0.4700826,-0.0449867 
89,89,33.3834695,-0.0003117,1.005624278,31.6575129,-4.6404612,0.002590691,0.835006649,0.550239854,0.851200534,0.524840596,0.999546318,0.464865,-0.0444883 
93,93,34.3581273,-0.0002966,1.005891201,44.8207444,-4.0659525,0.002565722,0.825526165,0.564363846,0.709315572,0.70489107,0.983373599,0.4594439,-0.0416412 
94,94,35.3322541,-0.0002748,1.006154962,58.2008627,-3.2588774,0.002542903,0.815812161,0.578316969,0.526942999,0.849900627,0.921398462,0.4539317,-0.0371705 
90,93,36.3058365,-0.0002475,1.006415543,71.7665776,-2.2554045,0.002522951,0.805867972,0.592095273,0.312889013,0.949789695,0.814513223,0.448452,-0.0318321 
84,87,37.2788617,-0.0002164,1.006672998,85.48798,-1.1080497,0.002506177,0.795696996,0.605694883,0.078668236,0.996900852,0.666413824,0.44313,-0.0262523 
73,79,38.251319,-0.0001833,1.006927453,99.3411151,0.1177252,0.002492599,0.785302679,0.619112028,-0.162311941,0.986739496,0.483438289,0.4380823,-0.0207972 
62,68,39.2232008,-0.0001503,1.007179097,113.3090349,1.3482459,0.002482117,0.774688497,0.632343049,-0.395690326,0.918383997,0.274196993,0.4334063,-0.0155128 
52,56,40.1945032,-0.0001198,1.007428165,127.3789584,2.5068752,0.002474691,0.763857949,0.645384408,-0.607084054,0.794637623,0.049120752,0.4291724,-0.0101559 
48,49,41.1652272,-0.0000936,1.007674925,141.53636,3.5193515,0.002470479,0.752814529,0.658232698,-0.783003048,0.622017867,-0.180023572,0.4254173,-0.0043123 
53,51,42.1353787,-0.0000736,1.007919655,155.7578137,4.319215,0.002469883,0.741561728,0.670884643,-0.911818047,0.410594507,-0.400707817,0.4221397,0.0024266 
61,61,43.1049685,-0.0000613,1.008162622,170.0050439,4.853402,0.002473498,0.730103023,0.683337088,-0.984823036,0.173561482,-0.600421278,0.4192989,0.0102763 
74,74,44.0740124,-0.0000575,1.008404055,184.2226461,5.0876546,0.002481947,0.718441868,0.695587005,-0.997285452,-0.073632379,-0.767709349,0.4168159,0.0191129 
86,86,45.0425299,-0.0000626,1.008644132,198.3410871,5.0106943,0.002495669,0.70658171,0.707631462,-0.949200068,-0.314673213,-0.893360073,0.4145794,0.0284161 
94,94,46.0105435,-0.0000763,1.008882956,212.2848788,4.6357191,0.002514697,0.694525987,0.719467618,-0.845402827,-0.534129254,-0.971442935,0.4124563,0.037325 
98,98,46.9780772,-0.0000979,1.009120554,225.9838485,3.9982085,0.002538506,0.682278144,0.731092698,-0.694861122,-0.71914395,-0.999849448,0.4103064,0.0447925 
98,98,47.9451551,-0.0001262,1.009356869,239.3842358,3.1502405,0.00256596,0.669841656,0.742503977,-0.509278219,-0.860601938,-0.980136127,0.4079964,0.0497921 
93,95,48.9118003,-0.0001595,1.009591776,252.4566389,2.1528422,0.002595386,0.657220032,0.753698765,-0.301427481,-0.953489105,-0.91674774,0.4054118,0.0515132 
85,90,49.878034,-0.0001963,1.009825089,265.1993502,1.0684942,0.002624738,0.644416837,0.764674401,-0.083689145,-0.99649191,-0.815922549,0.4024639,0.0494953 
75,80,50.8438751,-0.0002346,1.010056578,277.6373668,-0.0444876,0.002651821,0.631435692,0.775428247,0.132902807,-0.991129075,-0.684629906,0.3990899,0.0436818 
63,69,51.8093398,-0.0002728,1.010285986,289.8184433,-1.1349555,0.002674522,0.618280284,0.78595769,0.339040769,-0.940771682,-0.529784515,0.3952498,0.0344024 
51,57,52.7744418,-0.0003093,1.010513036,301.8077431,-2.1595312,0.002691013,0.604954367,0.796260142,0.527070647,-0.849821471,-0.357825276,0.3909207,0.0223117 
41,45,53.7391925,-0.0003424,1.010737441,313.6822248,-3.0815553,0.002699922,0.591461755,0.806333053,0.690658088,-0.723181448,-0.17462726,0.3860905,0.0083081 
34,37,54.7036012,-0.0003708,1.01095891,325.5253057,-3.8692626,0.002700444,0.577806327,0.816173908,0.824376272,-0.566042192,0.014340957,0.3807533,-0.0065499 
34,34,55.6676752,-0.0003934,1.011177149,337.4218588,-4.4939495,0.002692412,0.563992023,0.825780236,0.923356762,-0.383943083,0.203713238,0.3749062,-0.0211224 
37,37,56.6314198,-0.0004092,1.011391865,349.4533251,-4.9287403,0.002676323,0.550022844,0.83514961,0.983106127,-0.183036455,0.387868004,0.3685489,-0.0342658 
45,45,57.5948383,-0.0004175,1.011602761,1.6926952,-5.148435,0.002653316,0.535902857,0.84427965,0.999563634,0.029538807,0.560608021,0.3616852,-0.0449163 
57,57,58.5579314,-0.0004178,1.011809551,14.1992964,-5.1308082,0.002625098,0.521636199,0.853168023,0.969448362,0.245295481,0.714977619,0.3543274,-0.0521828 
67,67,59.5206975,-0.0004099,1.012011954,27.0136982,-4.8595498,0.002593816,0.507227075,0.861812447,0.890897959,0.454203507,0.843325803,0.3465027,-0.0554521 
78,78,60.483132,-0.0003942,1.012209714,40.1535194,-4.3286686,0.002561866,0.492679773,0.870210688,0.764319398,0.644837854,0.9377095,0.33826,-0.054492 
86,86,61.4452278,-0.0003714,1.012402611,53.6112795,-3.5475833,0.002531649,0.477998652,0.878360569,0.59326042,0.805010605,0.990667254,0.3296768,-0.0495273 
91,91,62.4069748,-0.0003425,1.012590478,67.355401,-2.5454522,0.002505298,0.463188151,0.886259971,0.385013832,0.922910802,0.996272746,0.3208614,-0.0412506 
93,93,63.3683616,-0.0003091,1.012773218,81.3348142,-1.3729299,0.002484432,0.448252766,0.893906851,0.150660161,0.988585614,0.951237287,0.3119495,-0.0307371 
91,92,64.3293756,-0.0002734,1.01295082,95.4864723,-0.0999531,0.002469978,0.433197045,0.90129924,-0.095610734,0.9954188,0.855751921,0.3030937,-0.0192577 
86,89,65.2900055,-0.0002373,1.013123361,109.7439617,1.1905797,0.002462135,0.418025545,0.908435272,-0.337817527,0.941211622,0.713813481,0.294447,-0.0080313 
77,82,66.2502419,-0.0002034,1.013291002,124.0449544,2.4118196,0.00246047,0.402742825,0.915313179,-0.559843196,0.828598573,0.532954364,0.2861451,0.0020111 
68,72,67.2100793,-0.0001736,1.013453973,138.3357689,3.4823508,0.002464132,0.387353409,0.921931308,-0.74705333,0.66476411,0.323493191,0.2782919,0.0103738 
60,64,68.1695168,-0.00015,1.013612555,152.5724859,4.3338808,0.00247212,0.371861767,0.928288116,-0.887594289,0.460626071,0.097531326,0.2709508,0.017013 
57,58,69.1285582,-0.0001339,1.01376705,166.7192771,4.9162508,0.002483511,0.356272315,0.934382169,-0.973256218,0.229722299,-0.132095826,0.2641429,0.0222326 
58,57,70.0872126,-0.0001264,1.013917764,180.7453631,5.1998678,0.002497621,0.340589397,0.940212137,-0.999915384,-0.013008673,-0.35279149,0.2578494,0.0265047 
62,62,71.0454936,-0.0001277,1.01406498,194.6221581,5.1761822,0.002514034,0.324817298,0.945776783,-0.967611615,-0.252443583,-0.55305227,0.2520174,0.0302742 
69,69,72.0034187,-0.0001378,1.014208942,208.32179,4.8567422,0.002532548,0.308960247,0.951074953,-0.880296991,-0.474423027,-0.723188633,0.2465667,0.0337995 
76,76,72.961009,-0.0001559,1.014349843,221.8175278,4.2710309,0.00255303,0.293022423,0.956105569,-0.745272061,-0.666760493,-0.855874846,0.2413973,0.0370643 
82,82,73.9182873,-0.0001811,1.014487812,235.085944,3.4630972,0.002575257,0.277007984,0.960867617,-0.572347059,-0.82001149,-0.946467191,0.2363979,0.0397727 
85,85,74.8752781,-0.0002117,1.014622916,248.110107,2.4871138,0.002598769,0.260921065,0.965360139,-0.372824106,-0.927902035,-0.9930373,0.2314546,0.0414187 
85,85,75.832006,-0.0002463,1.014755155,260.8828882,1.4023235,0.002622781,0.244765806,0.96958223,-0.158452958,-0.987366528,-0.996116906,0.2264584,0.0414061 
83,83,76.7884952,-0.000283,1.014884469,273.4095844,0.2681268,0.00264617,0.228546357,0.973533031,0.059473358,-0.998229893,-0.958217355,0.2213125,0.0391834 
79,80,77.7447686,-0.00032,1.015010747,285.7093931,-0.859904,0.002667538,0.212266898,0.977211729,0.270758267,-0.962647371,-0.883237285,0.2159355,0.0343628 
72,76,78.7008476,-0.0003556,1.015133838,297.8156398,-1.932548,0.002685331,0.195931638,0.980617557,0.466628083,-0.884453635,-0.775883558,0.210263,0.026802 
65,69,79.6567517,-0.0003883,1.015253555,309.7749259,-2.9078735,0.002697993,0.179544825,0.983749793,0.639773418,-0.768563578,-0.641206255,0.2042457,0.0166436 
57,61,80.6124984,-0.0004165,1.015369688,321.6454594,-3.7508435,0.002704136,0.163110749,0.986607766,0.784186039,-0.62052579,-0.484306391,0.1978466,0.0043175 
49,53,81.5681036,-0.0004392,1.015482008,333.4947901,-4.4320808,0.002702695,0.146633731,0.989190856,0.894893785,-0.446279188,-0.310233677,0.1910372,-0.0094836 
42,45,82.523581,-0.0004552,1.015590271,345.3970391,-4.9263652,0.002693073,0.130118136,0.991498498,0.967696143,-0.252119367,-0.124061155,0.1837936,-0.0238456 
39,40,83.4789426,-0.0004638,1.01569422,357.4295598,-5.2114238,0.002675253,0.113568365,0.993530184,0.99899384,-0.044847597,0.068896655,0.1760948,-0.0376857 
40,39,84.4341982,-0.0004644,1.015793586,9.6688456,-5.2675354,0.002649875,0.09698886,0.995285467,0.985794939,0.167953382,0.262772687,0.1679216,-0.0498211 
43,43,85.3893555,-0.0004569,1.015888091,22.185473,-5.0784222,0.002618269,0.080384106,0.996763962,0.925966354,0.377606026,0.450817056,0.1592593,-0.059058 
51,51,86.3444196,-0.0004414,1.01597745,35.0379978,-4.6337992,0.002582431,0.063758637,0.997965348,0.818771476,0.574119561,0.625155181,0.1501023,-0.0643127 
60,60,87.2993923,-0.0004183,1.016061381,48.2660642,-3.9336756,0.002544914,0.047117045,0.998889375,0.665672465,0.746244041,0.776779764,0.1404631,-0.064767 
71,71,88.2542719,-0.0003886,1.016139614,61.8835512,-2.9939062,0.002508624,0.030463989,0.999535865,0.471265108,0.881991609,0.895938861,0.1303822,-0.0600459 
81,81,89.2090532,-0.0003537,1.016211915,75.8732241,-1.8515684,0.002476515,0.013804187,0.999904718,0.244068233,0.969758061,0.973034824,0.1199378,-0.0503782 
88,88,90.1637271,-0.0003156,1.016278107,90.1847739,-0.5678183,0.002451215,-0.002857573,0.999995917,-0.003224907,0.9999948,0.999999933,0.1092515,-0.0366729 
93,93,91.1182824,-0.0002763,1.016338095,104.7378701,0.774286,0.002434643,-0.019516471,0.999809536,-0.254397212,0.967099818,0.971880556,0.0984825,-0.0204425 
94,95,92.0727063,-0.0002384,1.016391882,119.4306976,2.0781576,0.002427729,-0.03616766,0.999345736,-0.491370457,0.870950673,0.88815256,0.087812,-0.0035462 
92,93,93.0269872,-0.0002042,1.016439579,134.152658,3.2467425,0.00243032,-0.05280632,0.998604773,-0.696572501,0.717486412,0.753268786,0.077418,0.0121887 
86,89,93.9811159,-0.0001758,1.01648139,148.7983158,4.1963101,0.002441308,-0.069427683,0.997586987,-0.855349032,0.518052152,0.576186987,0.0674506,0.0253391 
79,83,94.9350875,-0.0001549,1.016517594,163.2791652,4.8666349,0.002458938,-0.086027061,0.996292801,-0.957717937,0.287708799,0.369031865,0.0580136,0.0351178 
70,74,95.8889022,-0.0001425,1.016548514,177.5306929,5.2252204,0.0024812,-0.102599868,0.994722709,-0.999071445,0.043084199,0.145361429,0.0491596,0.041406 
62,66,96.8425653,-0.0001392,1.016574491,191.5140029,5.2660141,0.002506176,-0.119141614,0.992877271,-0.97987595,-0.199607419,-0.081441667,0.0408934,0.0446134 
59,60,97.796087,-0.0001448,1.016595857,205.2129836,5.0048213,0.002532281,-0.135647909,0.990757107,-0.904730545,-0.42598432,-0.299322186,0.0331824,0.0454479 
58,58,98.7494816,-0.0001587,1.016612916,218.6289354,4.4737566,0.002558369,-0.152114444,0.988362887,-0.781205302,-0.624274199,-0.49817684,0.0259671,0.0446802 
60,60,99.7027668,-0.0001799,1.016625932,231.7746152,3.7161949,0.002583712,-0.168536979,0.985695332,-0.618756507,-0.785582831,-0.670061977,0.0191709,0.0429563 
64,64,100.6559628,-0.000207,1.016635124,244.669132,2.7826837,0.002607888,-0.18491133,0.982755209,-0.427844874,-0.90385218,-0.809152073,0.0127068,0.0406832 
69,69,101.6090919,-0.0002385,1.016640656,257.3344439,1.7276617,0.002630629,-0.201233361,0.979543329,-0.219259713,-0.97566653,-0.911585273,0.0064831,0.0379906 
73,73,102.5621774,-0.0002726,1.016642641,269.7936244,0.6066649,0.00265167,-0.217498963,0.976060552,-0.003601926,-0.999993513,-0.975270805,0.0004079,0.0347574 
75,75,103.5152428,-0.0003075,1.016641139,282.0706836,-0.5261725,0.002670617,-0.233704042,0.972307781,0.209118235,-0.977890364,-0.999682186,-0.0056077,0.0306864 
77,77,104.468312,-0.0003415,1.016636159,294.1915188,-1.6202944,0.002686882,-0.249844522,0.968285967,0.409788013,-0.912180785,-0.985635144,-0.0116463,0.025406 
76,76,105.421408,-0.0003731,1.016627667,306.1854976,-2.6304007,0.002699664,-0.265916324,0.963996115,0.590401395,-0.807109777,-0.935048058,-0.0177818,0.0185777 
74,75,106.374553,-0.0004007,1.016615588,318.0872029,-3.5174382,0.002708001,-0.281915365,0.959439277,0.744162366,-0.667998782,-0.850695074,-0.024079,0.009992 
70,72,107.3277678,-0.0004231,1.016599812,329.9379415,-4.2488284,0.002710864,-0.297837554,0.954616568,0.865483333,-0.50093772,-0.735976886,-0.0305936,-0.0003586 
65,67,108.2810721,-0.0004391,1.016580199,341.7867185,-4.7980288,0.002707292,-0.313678792,0.949529155,0.949899625,-0.312555119,-0.594743565,-0.0373737,-0.0122341 
59,62,109.2344839,-0.0004481,1.016556582,353.6904578,-5.1436941,0.002696536,-0.329434967,0.944178268,0.993942666,-0.109899847,-0.431204517,-0.0444619,-0.0251275 
52,55,110.1880197,-0.0004493,1.016528774,5.7132843,-5.2688248,0.00267822,-0.345101957,0.938565203,0.995032515,0.099550455,-0.249953075,-0.0518978,-0.0382699 
46,49,111.1416942,-0.0004426,1.016496561,17.9246607,-5.1603603,0.002652479,-0.360675624,0.932691318,0.951462026,0.307766165,-0.05611833,-0.0597196,-0.0506577 
42,44,112.0955201,-0.0004279,1.016459711,30.3961084,-4.8097027,0.002620084,-0.376151818,0.926558045,0.862548038,0.50597518,0.144366361,-0.0679639,-0.0611077 
43,42,113.0495078,-0.0004055,1.016417968,43.1961885,-4.2146196,0.002582518,-0.391526367,0.920166889,0.729014164,0.684498611,0.34442469,-0.0766635,-0.0683501 
45,45,114.0036645,-0.0003764,1.016371065,56.3834689,-3.3827981,0.002541992,-0.40679507,0.913519442,0.553631842,0.83276154,0.535529153,-0.0858411,-0.0711717 
53,53,114.9579942,-0.0003415,1.016318721,69.9975164,-2.3368606,0.002501352,-0.421953698,0.906617382,0.342060876,0.939677794,0.70759437,-0.0954992,-0.0686195 
64,64,115.9124965,-0.0003026,1.016260667,84.0486731,-1.1197682,0.002463861,-0.436997976,0.899462489,0.103683573,0.994610334,0.849305175,-0.1056063,-0.0602494 
76,76,116.8671663,-0.0002616,1.016196664,98.5085525,0.2016514,0.00243283,-0.451923585,0.892056654,-0.147957039,0.988993789,0.949103765,-0.1160842,-0.0463641 
87,87,117.8219944,-0.0002209,1.016126532,113.3044753,1.5381355,0.002411148,-0.466726174,0.884401876,-0.39561724,0.918415483,0.996893297,-0.1268007,-0.0281408 
96,96,118.7769682,-0.000183,1.016050185,128.3215866,2.7867229,0.002400786,-0.481401377,0.876500265,-0.620074658,0.784542809,0.986156774,-0.1375771,-0.0075373 
101,100,119.7320735,-0.0001502,1.015967645,143.4149753,3.8461239,0.00240244,-0.49594484,0.868354026,-0.802973282,0.596015024,0.915782502,-0.1482102,0.0130622 
101,102,120.687297,-0.0001245,1.015879053,158.4304529,4.6340398,0.002415429,-0.510352268,0.859965443,-0.929972014,0.367630321,0.790762699,-0.1585048,0.0313685 
97,100,121.6426283,-0.0001072,1.015784652,173.2283889,5.0998739,0.0024379,-0.524619449,0.851336851,-0.993024053,0.117911959,0.621342528,-0.1683045,0.0456736 
88,93,122.5980618,-0.0000991,1.01568476,187.7031344,5.228534,0.00246725,-0.538742286,0.842470622,-0.990975868,-0.134040398,0.420955508,-0.1775093,0.0551207 
77,83,123.5535967,-0.0001001,1.015579735,201.7927093,5.0357577,0.002500634,-0.552716793,0.833369154,-0.928533075,-0.371249686,0.203827787,-0.1860769,0.0597003 
65,71,124.5092379,-0.0001098,1.015469945,215.4780011,4.5588789,0.002535398,-0.566539105,0.824034855,-0.814338421,-0.580390331,-0.016907302,-0.1940127,0.0600422 
54,59,125.4649944,-0.000127,1.015355746,228.7745344,3.8473462,0.002569368,-0.580205453,0.814470154,-0.659023812,-0.752122074,-0.230211773,-0.2013554,0.0571292 
49,50,126.4208792,-0.0001504,1.015237463,241.7211367,2.9555353,0.002600973,-0.593712159,0.804677496,-0.473763364,-0.880652187,-0.427361927,-0.2081632,0.052028 
48,48,127.3769079,-0.0001785,1.015115387,254.3689637,1.9384039,0.002629234,-0.607055615,0.794659349,-0.269441512,-0.963016755,-0.601704285,-0.2145045,0.04569 
51,51,128.3330987,-0.0002095,1.014989766,266.7727701,0.8493359,0.002653655,-0.620232279,0.784418205,-0.056296009,-0.998414122,-0.748257611,-0.2204524,0.0388302 
58,58,129.2894711,-0.0002418,1.014860805,278.9850141,-0.2607963,0.002674073,-0.633238658,0.773956589,0.156176127,-0.987729223,-0.863356301,-0.2260811,0.0318768 
65,65,130.2460459,-0.0002737,1.014728667,291.0526538,-1.3441583,0.00269049,-0.646071306,0.763277058,0.359225742,-0.933250699,-0.944414292,-0.2314648,0.0249771 
71,71,131.2028445,-0.0003035,1.014593473,303.0162097,-2.3565205,0.00270292,-0.658726814,0.752382207,0.544876284,-0.838516449,-0.989809475,-0.2366768,0.0180454 
76,76,132.1598887,-0.0003297,1.014455302,314.9105925,-3.2579916,0.002711282,-0.671201807,0.741274669,0.706002512,-0.708209328,-0.998847797,-0.2417884,0.0108411 
78,78,133.1172003,-0.0003512,1.014314191,326.7671945,-4.0138124,0.002715332,-0.683492939,0.729957124,0.836450661,-0.548042235,-0.971755454,-0.2468682,0.0030632 
79,79,134.0748004,-0.0003667,1.014170139,338.6167292,-4.5950087,0.002714659,-0.695596886,0.718432302,0.931162313,-0.364604919,-0.909657557,-0.2519813,-0.0055508 
77,78,135.0327099,-0.0003754,1.01402311,350.4923057,-4.9787331,0.002708733,-0.70751035,0.706702982,0.986263428,-0.165180054,-0.81452482,-0.2571891,-0.0151339 
73,76,135.9909483,-0.0003767,1.013873031,2.4322298,-5.1482543,0.002697004,-0.719230048,0.694772005,0.999099116,0.04243767,-0.6890976,-0.2625497,-0.0256151 
68,71,136.9495344,-0.0003703,1.013719799,14.4820647,-5.0927231,0.002679035,-0.73075272,0.682642265,0.968225969,0.250076933,-0.536820677,-0.2681184,-0.0366669 
61,65,137.9084854,-0.0003562,1.013563278,26.6955249,-4.8070094,0.002654659,-0.742075122,0.670316726,0.89340648,0.44924922,-0.361835456,-0.2739495,-0.0476795 
53,57,138.8678169,-0.0003346,1.0134033,39.1337898,-4.2920124,0.002624143,-0.753194025,0.657798419,0.775674335,0.631133366,-0.169074744,-0.2800965,-0.0577657 
46,49,139.8275425,-0.0003063,1.013239668,51.8627838,-3.555879,0.002588334,-0.764106217,0.645090451,0.617546895,0.786534063,0.035514192,-0.286612,-0.0658042 
41,43,140.7876732,-0.0002722,1.013072155,64.9479037,-2.6164569,0.002548777,-0.774808494,0.632196012,0.423442149,0.905923146,0.244634426,-0.2935443,-0.0705347 
42,41,141.748217,-0.0002337,1.012900509,78.445703,-1.5049714,0.002507744,-0.785297665,0.619118387,0.200296482,0.979735331,0.449279799,-0.3009303,-0.0707215 
47,47,142.7091777,-0.0001925,1.012724461,92.3924213,-0.2702208,0.002468159,-0.795570539,0.605860973,-0.041743496,0.99912836,0.638542776,-0.308784,-0.0653926 
59,59,143.6705544,-0.0001509,1.012543748,106.7903081,1.0184834,0.002433361,-0.805623927,0.592427285,-0.288869857,0.957368375,0.799891616,-0.317081,-0.0541375 
74,74,144.632341,-0.000111,1.012358132,121.5946246,2.2724333,0.002406693,-0.815454645,0.578820976,-0.523905996,0.85177609,0.920247445,-0.3257433,-0.0373874 
89,89,145.5945263,-0.0000753,1.012167439,136.7064627,3.3914326,0.002390969,-0.825059521,0.565045827,-0.72785011,0.685736259,0.987992075,-0.3346331,-0.0165535 
101,101,146.5570955,-0.0000459,1.01197159,151.9773245,4.2788618,0.002387928,-0.834435416,0.55110574,-0.882761725,0.469820963,0.995528676,-0.3435618,0.00611 
109,109,147.5200319,-0.0000246,1.011770625,167.2284671,4.8599071,0.002397866,-0.843579246,0.537004707,-0.975259309,0.221063973,0.941420907,-0.3523166,0.0279453 
110,111,148.4833195,-0.0000123,1.011564703,182.2812271,5.0956572,0.002419571,-0.852488013,0.522746771,-0.999207491,-0.039804405,0.831004784,-0.3606979,0.0464957 
105,108,149.4469456,-0.0000093,1.011354086,196.9880565,4.9870515,0.002450603,-0.861158824,0.508335991,-0.956365681,-0.292172353,0.675061022,-0.3685498,0.060027 
94,100,150.4109017,-0.0000153,1.011139113,211.253324,4.5682161,0.002487794,-0.869588896,0.493776418,-0.854881773,-0.518822855,0.487213206,-0.3757767,0.0677753 
79,87,151.3751848,-0.0000292,1.010920156,225.0388264,3.8939439,0.002527808,-0.877775568,0.479072074,-0.706627449,-0.707585789,0.28127572,-0.3823405,0.0698902 
63,71,152.3397966,-0.0000496,1.010697599,238.3563669,3.0272593,0.002567601,-0.885716283,0.464226955,-0.524634379,-0.85132765,0.069467969,-0.3882477,0.0671838 
48,55,153.3047428,-0.000075,1.010471812,251.2536224,2.0306775,0.002604715,-0.893408579,0.449245046,-0.321379597,-0.94695045,-0.138289509,-0.3935335,0.0608231 
40,42,154.2700328,-0.0001037,1.01024314,263.7990761,0.9618045,0.002637402,-0.900850083,0.434130312,-0.108015386,-0.994149222,-0.334284642,-0.3982479,0.0520613 
38,38,155.2356783,-0.0001338,1.010011896,276.0693467,-0.1278417,0.002664616,-0.908038497,0.418886725,0.105732084,-0.994394653,-0.512547522,-0.4024473,0.0420462 
43,43,156.2016933,-0.0001637,1.009778362,288.1399899,-1.1923143,0.002685913,-0.914971594,0.403518256,0.311339772,-0.950298662,-0.668329905,-0.4061901,0.0317034 
52,52,157.1680932,-0.0001918,1.009542784,300.0795938,-2.1902521,0.002701303,-0.921647209,0.388028892,0.501202577,-0.865329981,-0.797704991,-0.409535,0.02168 
62,62,158.1348947,-0.0002166,1.009305375,311.9465881,-3.0841655,0.002711089,-0.928063242,0.372422636,0.668437546,-0.743768275,-0.897348457,-0.4125414,0.0123335 
71,71,159.1021154,-0.0002369,1.009066312,323.7882268,-3.8403133,0.0027157,-0.934217645,0.356703508,0.806838937,-0.59077147,-0.964493427,-0.41527,0.0037559 
77,77,160.0697736,-0.0002515,1.008825739,335.6413512,-4.4291789,0.002715553,-0.940108429,0.340875552,0.910981567,-0.412447069,-0.997014572,-0.4177835,-0.0041735 
82,82,161.0378883,-0.0002595,1.008583761,347.5346238,-4.8263547,0.002710954,-0.945733659,0.324942835,0.976426623,-0.215849599,-0.993578304,-0.4201471,-0.0117129 
84,84,162.0064781,-0.0002603,1.008340445,359.4918901,-5.0135452,0.00270204,-0.951091449,0.308909462,0.999960678,-0.008868074,-0.953793482,-0.4224277,-0.019166 
83,84,162.9755621,-0.0002537,1.008095819,11.5361993,-4.979417,0.002688784,-0.956179966,0.292779563,0.979798549,0.199987008,-0.878311635,-0.4246934,-0.0267832 
81,82,163.9451585,-0.0002396,1.007849872,23.6938762,-4.7201427,0.002671051,-0.960997425,0.276557315,0.915705548,0.401849908,-0.768856143,-0.4270133,-0.0346676 
75,78,164.9152848,-0.0002182,1.007602554,35.9979452,-4.2396781,0.002648712,-0.965542091,0.26024694,0.809038074,0.587756238,-0.628198551,-0.4294566,-0.0426951 
68,72,165.8859572,-0.0001903,1.007353771,48.490193,-3.5500008,0.002621786,-0.969812278,0.243852713,0.662748233,0.748842293,-0.460134149,-0.4320925,-0.0504619 
58,63,166.8571905,-0.0001567,1.007103395,61.2211816,-2.6716575,0.002590612,-0.973806349,0.227378967,0.481429681,0.876484719,-0.26952509,-0.4349899,-0.0572683 
48,53,167.8289973,-0.0001188,1.006851253,74.2475536,-1.634939,0.002556011,-0.97752272,0.210830101,0.271481544,0.962443646,-0.062467287,-0.4382152,-0.0621522 
39,43,168.8013873,-0.0000781,1.006597139,87.625997,-0.4817598,0.002519415,-0.980959858,0.194210599,0.041422314,0.999141728,0.153410286,-0.4418283,-0.0639851 
38,38,169.7743667,-0.0000365,1.006340815,101.4034237,0.7322032,0.002482914,-0.984116284,0.177525037,-0.197715916,0.980259362,0.368596032,-0.4458751,-0.0616471 
43,43,170.7479376,0.0000037,1.006082023,115.6035782,1.9363429,0.002449185,-0.98699058,0.160778093,-0.432142069,0.90180554,0.571510726,-0.4503748,-0.0542799 
58,58,171.7220965,0.0000405,1.005820505,130.2118427,3.0469741,0.002421251,-0.989581387,0.143974573,-0.645615546,0.7636626,0.748837125,-0.4553052,-0.0415898 
76,76,172.6968346,0.0000717,1.005556033,145.1624579,3.9743825,0.002402075,-0.991887421,0.127119407,-0.820775082,0.571251489,0.886733631,-0.4605887,-0.024116 
94,94,173.6721379,0.0000954,1.005288439,160.3345855,4.6357226,0.002394038,-0.993907476,0.110217647,-0.941673854,0.336526896,0.973027886,-0.4660882,-0.0033351 
106,106,174.6479883,0.0001104,1.00501765,175.5630737,4.9710062,0.00239843,-0.995640436,0.093274444,-0.997003101,0.077361598,0.999872462,-0.4716184,0.0185115 
114,114,175.6243661,0.0001161,1.004743707,190.6644343,4.9560555,0.002415132,-0.997085288,0.076295006,-0.982727858,-0.185056634,0.965744592,-0.4769733,0.0388696 
114,115,176.6012519,0.0001125,1.00446677,205.4703896,4.6063171,0.002442597,-0.998241124,0.059284562,-0.902807652,-0.430044584,0.875724719,-0.4819613,0.0554466 
106,111,177.5786293,0.0001006,1.004187095,219.8565894,3.9699549,0.002478146,-0.999107141,0.042248313,-0.767650931,-0.640868199,0.739889927,-0.4864335,0.0666787 
94,101,178.5564857,0.0000816,1.00390501,233.7570989,3.1142877,0.002518465,-0.999682646,0.025191412,-0.591209726,-0.806517861,0.570704779,-0.4902961,0.0719312 
77,86,179.5348135,0.0000572,1.003620881,247.1632715,2.111906,0.002560128,-0.999967041,0.008118947,-0.388106452,-0.921614552,0.38061112,-0.4935081,0.0714284 
59,68,180.5136094,0.0000293,1.003335086,260.112118,1.0309114,0.002600032,-0.999959822,-0.008964055,-0.171720747,-0.985145667,0.180544747,-0.4960679,0.0660191 
42,50,181.4928737,-3.00E-07,1.003047996,272.6708905,-0.0696489,0.002635679,-0.999660573,-0.026052613,0.046598952,-0.998913679,-0.020558823,-0.4979992,0.0569004 
32,36,182.47261,-0.0000298,1.002759963,284.9226596,-1.1403711,0.002665302,-0.999068959,-0.043141792,0.25751496,-0.966274312,-0.215588398,-0.4993382,0.0453797 
32,31,183.4528241,-0.0000576,1.002471318,296.9549642,-2.1399766,0.00268788,-0.998184726,-0.06022668,0.453290008,-0.891363096,-0.398783322,-0.5001265,0.0327015 
37,37,184.4335241,-0.0000821,1.002182366,308.8517586,-3.0332249,0.002703064,-0.997007693,-0.077302396,0.627307577,-0.778771599,-0.565229569,-0.5004071,0.0199363 
49,49,185.4147193,-0.0001021,1.001893389,320.688107,-3.7892071,0.002711055,-0.995537755,-0.09436407,0.773708721,-0.633541487,-0.71047269,-0.5002238,0.0079144 
60,60,186.396421,-0.0001166,1.00160464,332.5270065,-4.3804815,0.002712459,-0.99377488,-0.111406856,0.887228381,-0.461330467,-0.830309901,-0.4996221,-0.0028052 
70,70,187.3786412,-0.0001245,1.001316348,344.4179447,-4.7831732,0.002708122,-0.991719106,-0.128425911,0.963246744,-0.268618151,-0.920772669,-0.4986516,-0.0119409 
78,78,188.3613934,-0.0001252,1.00102871,356.3970521,-4.9779289,0.002698976,-0.989370541,-0.145416412,0.998023496,-0.062841868,-0.978276808,-0.4973677,-0.0194693 
84,84,189.3446921,-0.0001186,1.000741889,8.4888232,-4.9514429,0.002685906,-0.986729361,-0.162373543,0.989044678,0.147616479,-0.999888434,-0.495833,-0.0255797 
87,87,190.3285524,-0.0001044,1.000456009,20.7093101,-4.6981579,0.002669639,-0.983795813,-0.179292496,0.935386582,0.353626841,-0.983632041,-0.494118,-0.0306021 
88,88,191.3129899,-0.000083,1.000171154,33.0704401,-4.2217275,0.002650695,-0.980570209,-0.196168461,0.838000349,0.545669695,-0.928761361,-0.4923002,-0.0349121 
86,87,192.2980202,-0.000055,0.999887359,45.5847857,-3.5359389,0.002629389,-0.977052935,-0.212996625,0.699853037,0.714286866,-0.835934155,-0.4904627,-0.0388232 
80,83,193.2836583,-0.0000214,0.99960461,58.269853,-2.6650144,0.0026059,-0.973244447,-0.229772161,0.525919245,0.850534507,-0.707277137,-0.4886921,-0.042482 
72,77,194.2699181,0.0000164,0.999322843,71.1508482,-1.6434424,0.002580389,-0.969145279,-0.246490218,0.32307767,0.946372453,-0.546380751,-0.4870755,-0.0457847 
62,67,195.256812,0.000057,0.999041944,84.260956,-0.5156279,0.002553161,-0.964756045,-0.263145918,0.099997804,0.994987658,-0.358300426,-0.4856979,-0.0483345 
50,56,196.2443497,0.0000984,0.998761753,97.6383689,0.6644391,0.002524836,-0.960077445,-0.279734336,-0.132920142,0.991126751,-0.149638554,-0.4846382,-0.0494584 
40,44,197.2325381,0.0001387,0.998482066,111.3196257,1.8336309,0.002496478,-0.955110276,-0.296250502,-0.363570344,0.931566747,0.071272655,-0.4839635,-0.0482957 
39,39,198.2213798,0.0001757,0.998202645,125.3293769,2.9209192,0.002469666,-0.949855438,-0.312689377,-0.578276001,0.815841202,0.294173728,-0.4837212,-0.0439658 
45,45,199.210873,0.0002075,0.997923235,139.6677285,3.8505824,0.002446439,-0.944313944,-0.329045855,-0.762303908,0.647219245,0.506889401,-0.4839277,-0.0358042 
61,61,200.2010103,0.0002322,0.99764358,154.297959,4.5486174,0.00242909,-0.938486934,-0.345314747,-0.901061573,0.433691183,0.695874552,-0.4845572,-0.0236276 
79,79,201.1917791,0.0002485,0.997363457,169.1391871,4.9526523,0.002419828,-0.932375678,-0.361490795,-0.982087814,0.188423794,0.847561324,-0.4855321,-0.0079492 
95,95,202.1831616,0.0002556,0.997082702,184.0690332,5.0235659,0.002420341,-0.925981587,-0.377568671,-0.99747928,-0.070958344,0.950439094,-0.4867227,0.009958 
106,106,203.1751363,0.0002532,0.996801237,198.9387715,4.7547721,0.0024314,-0.919306205,-0.393543011,-0.94586595,-0.324557551,0.997267793,-0.4879598,0.0282218 
111,111,204.16768,0.000242,0.996519088,213.5979991,4.1747175,0.002452602,-0.912351205,-0.40940845,-0.832940566,-0.553362461,0.986485597,-0.4890585,0.0447381 
110,110,205.1607697,0.0002231,0.996236387,227.9207113,3.340802,0.002482374,-0.905118371,-0.425159659,-0.670158365,-0.742218139,0.922133858,-0.4898465,0.05762 
102,105,206.1543845,0.0001983,0.995953354,241.8239664,2.3271768,0.002518205,-0.897609586,-0.440791369,-0.472182081,-0.881501039,0.812393212,-0.4901859,0.0655623 
89,96,207.1485069,0.0001694,0.995670279,255.2746184,1.2114733,0.002557047,-0.889826819,-0.456298403,-0.254186412,-0.967155245,0.66749328,-0.4899844,0.0680098 
74,82,208.1431233,0.0001383,0.995387489,268.2852937,0.064842,0.002595739,-0.881772112,-0.471675675,-0.029922803,-0.999552213,0.497849558,-0.4891927,0.0651259 
58,66,209.1382237,0.0001071,0.995105331,280.9040807,-1.0530033,0.00263139,-0.87344758,-0.486918191,0.189165379,-0.981945243,0.312900959,-0.4877956,0.0576307 
42,50,210.1338017,0.0000775,0.994824153,293.2024679,-2.0944485,0.002661632,-0.864855403,-0.502021047,0.393981499,-0.91911837,0.120679738,-0.4857998,0.0465969 
32,36,211.1298535,0.0000511,0.994544297,305.2643865,-3.0221129,0.002684776,-0.855997833,-0.51697941,0.577350224,-0.816496613,-0.072098603,-0.4832246,0.0332616 
30,30,212.1263776,0.0000293,0.994266089,317.1774438,-3.8061249,0.002699855,-0.846877188,-0.531788518,0.733462325,-0.679730106,-0.259679846,-0.4800942,0.0188796 
34,34,213.1233746,0.0000132,0.993989843,329.0263243,-4.4216803,0.002706609,-0.837495857,-0.546443674,0.857403842,-0.514644199,-0.436848099,-0.476435,0.0046163 
45,45,214.1208468,0.0000036,0.993715857,340.8879144,-4.8475006,0.002705405,-0.827856294,-0.560940243,0.94487987,-0.327417213,-0.598563256,-0.4722747,-0.0085288 
56,56,215.1187981,0.0000014,0.993444411,352.8277386,-5.065452,0.002697124,-0.817961021,-0.575273647,0.992175263,-0.124852907,-0.739736104,-0.4676444,-0.0197787 
66,66,216.1172343,0.0000068,0.993175766,4.8975285,-5.0613506,0.002683022,-0.80781262,-0.58943937,0.99634898,0.085373945,-0.855186044,-0.4625811,-0.0286209 
76,76,217.1161629,0.0000198,0.992910159,17.134016,-4.8267843,0.00266457,-0.797413735,-0.603432959,0.955618277,0.294607719,-0.939799147,-0.4571315,-0.0348334 
82,82,218.1155927,0.0000404,0.992647798,29.5592017,-4.3615739,0.002643279,-0.78676707,-0.617250012,0.869846428,0.493322605,-0.988869909,-0.4513555,-0.0384869 
88,88,219.1155344,0.0000678,0.992388849,42.1823001,-3.6762993,0.002620544,-0.775875386,-0.630886191,0.74101207,0.671491707,-0.998567871,-0.4453276,-0.039912 
89,89,220.1159996,0.0001011,0.992133433,55.0032739,-2.7942108,0.002597507,-0.764741502,-0.644337206,0.573529629,0.819184817,-0.966433166,-0.4391373,-0.0396259 
88,89,221.1170006,0.0001389,0.991881614,68.0174005,-1.7519277,0.002574988,-0.753368305,-0.657598812,0.374324994,0.927297578,-0.891794372,-0.4328862,-0.0382205 
83,86,222.1185495,0.0001795,0.991633398,81.2198652,-0.5986361,0.002553473,-0.741758752,-0.670666798,0.152643195,0.988281364,-0.776031924,-0.4266835,-0.0362262 
75,80,223.1206573,0.0002212,0.991388723,94.6091344,0.6060999,0.002533192,-0.729915883,-0.68353698,-0.080357835,0.99676608,-0.622672016,-0.4206389,-0.0339828 
65,70,224.1233334,0.0002617,0.991147469,108.1879755,1.7954877,0.002514258,-0.717842831,-0.696205192,-0.312135544,0.950037579,-0.437356833,-0.414856,-0.031547 
54,59,225.126584,0.0002991,0.990909457,121.9614305,2.8991707,0.002496839,-0.70554284,-0.708667271,-0.529348268,0.848404627,-0.227758711,-0.4094245,-0.0286689 
46,50,226.1304119,0.0003313,0.990674463,135.9317314,3.8472371,0.002481326,-0.693019271,-0.720919059,-0.718511596,0.695514979,-0.003467622,-0.4044135,-0.0248508 
46,45,227.1348155,0.0003566,0.990442231,150.0909866,4.5747754,0.002468434,-0.680275617,-0.7329564,-0.866818319,0.498624108,0.224205636,-0.3998643,-0.0194884 
51,51,228.1397881,0.0003735,0.99021249,164.4133893,5.0273218,0.002459214,-0.66731552,-0.744775132,-0.963225384,0.268694734,0.442658091,-0.3957832,-0.0120721 
63,63,229.1453179,0.0003813,0.989984979,178.8494898,5.1671735,0.002454928,-0.654142769,-0.756371098,-0.9997984,0.020078842,0.638823838,-0.3921358,-0.0024029 
77,77,230.1513882,0.0003795,0.989759467,193.3252658,4.9796285,0.002456822,-0.640761308,-0.767740155,-0.973077333,-0.230478859,0.80045818,-0.3888446,0.0092379 
89,89,231.1579776,0.0003685,0.98953578,207.747749,4.4772198,0.002465823,-0.627175232,-0.778878186,-0.88500593,-0.465579751,0.917683711,-0.3857927,0.0220318 
98,98,232.1650617,0.0003494,0.989313821,222.0167494,3.6997729,0.002482251,-0.613388767,-0.789781122,-0.742949185,-0.669347823,0.984354959,-0.382835,0.0347184 
101,101,233.1726143,0.0003236,0.98909358,236.039687,2.7092479,0.002505621,-0.599406256,-0.800444964,-0.558618521,-0.829424709,0.998748268,-0.3798162,0.0458279 
100,100,234.1806092,0.0002929,0.988875136,249.7452152,1.5804477,0.002534614,-0.585232132,-0.810865803,-0.346195405,-0.938162428,0.963328506,-0.3765896,0.0539775 
94,96,235.1890215,0.0002593,0.988658646,263.0920813,0.3904486,0.0025672,-0.570870898,-0.821039839,-0.120274044,-0.992740729,0.88374064,-0.3730331,0.0581333 
84,89,236.1978288,0.0002251,0.988444328,276.071895,-0.790155,0.002600893,-0.556327105,-0.830963388,0.105776311,-0.99438995,0.767455413,-0.3690569,0.0577669 
72,78,237.2070117,0.000192,0.988232442,288.7066923,-1.9023579,0.002633058,-0.54160534,-0.84063289,0.320723625,-0.947172823,0.622518999,-0.3646037,0.0528859 
59,66,238.2165537,0.0001619,0.988023273,301.0433149,-2.900086,0.002661207,-0.526710225,-0.850044904,0.515685936,-0.856777693,0.456682457,-0.3596431,0.0439688 
47,53,239.226441,0.0001362,0.987817119,313.1466005,-3.7488395,0.002683233,-0.511646415,-0.859196104,0.683867412,-0.729606307,0.276976586,-0.3541637,0.0318492 
37,42,240.2366626,0.0001162,0.98761428,325.0927214,-4.4230429,0.002697587,-0.496418591,-0.868083281,0.820079186,-0.572250057,0.089658153,-0.3481658,0.0175916 
33,34,241.2472093,0.0001029,0.987415053,336.9632631,-4.9032873,0.002703371,-0.481031471,-0.876703327,0.920254135,-0.391321257,-0.099598552,-0.3416551,0.0023777 
34,33,242.2580743,0.0000969,0.987219732,348.8401027,-5.1742484,0.002700381,-0.4654898,-0.885053245,0.981090864,-0.193547709,-0.285387762,-0.3346398,-0.0125881 
39,39,243.2692525,0.0000988,0.987028607,0.8008889,-5.2237161,0.002689098,-0.449798357,-0.893130135,0.999902307,0.013977693,-0.462238314,-0.3271299,-0.0261615 
48,48,244.2807406,0.0001085,0.986841958,12.9149025,-5.0429422,0.002670623,-0.433961948,-0.9009312,0.974703094,0.223503642,-0.624345458,-0.3191393,-0.0373371 
58,58,245.2925378,0.0001261,0.986660059,25.2392206,-4.6283294,0.002646581,-0.417985394,-0.908453747,0.904535382,0.426398572,-0.765445959,-0.3106891,-0.0453287 
68,68,246.3046453,0.0001509,0.986483164,37.8153562,-3.9842687,0.00261897,-0.401873537,-0.915695179,0.789990715,0.613118806,-0.878906298,-0.3018139,-0.0496494 
77,77,247.3170669,0.0001821,0.986311506,50.6667957,-3.1266114,0.002589961,-0.385631225,-0.922653,0.633829225,0.77347302,-0.958071543,-0.2925668,-0.0501818 
84,84,248.3298087,0.0002184,0.986145278,63.7980068,-2.0858779,0.002561679,-0.369263317,-0.92932481,0.441537066,0.89724301,-0.996873632,-0.2830247,-0.0472139 
88,88,249.342879,0.0002581,0.985984623,77.1953993,-0.909019,0.00253597,-0.352774678,-0.935708302,0.221626799,0.975131561,-0.99062302,-0.2732897,-0.0414156 
89,89,250.3562874,0.0002993,0.985829616,90.8303494,0.3413838,0.002514204,-0.336170195,-0.941801253,-0.014491824,0.999894988,-0.936830633,-0.2634855,-0.0337363 
87,88,251.370044,0.0003398,0.985680258,104.6638274,1.590998,0.002497161,-0.319454788,-0.947601519,-0.253147228,0.967427765,-0.835866926,-0.2537489,-0.0252298 
81,84,252.384158,0.0003774,0.985536472,118.6516325,2.7602379,0.002485037,-0.302633432,-0.953107028,-0.479482864,0.877551242,-0.691292712,-0.2442174,-0.0168433 
73,77,253.3986364,0.0004099,0.9853981,132.749012,3.7720256,0.002477555,-0.285711175,-0.958315775,-0.678788083,0.734334214,-0.509786721,-0.2350151,-0.009231 
65,69,254.4134831,0.0004356,0.985264924,146.9136436,4.5591682,0.002474175,-0.268693157,-0.963225824,-0.837848734,0.545902463,-0.300703128,-0.2262412,-0.0026476 
58,61,255.4286975,0.0004529,0.985136674,161.1065274,5.0701357,0.002474324,-0.251584634,-0.967835302,-0.946122255,0.323809634,-0.075364573,-0.2179619,0.0030435 
55,56,256.4442742,0.000461,0.985013056,175.2910289,5.2728218,0.002477598,-0.234390979,-0.972142412,-0.996624545,0.082094556,0.153792203,-0.2102063,0.008257 
57,56,257.460203,0.0004594,0.984893766,189.4309062,5.1564784,0.002483867,-0.217117686,-0.976145435,-0.986483918,-0.16385811,0.374132452,-0.2029662,0.0135004 
62,62,258.4764686,0.0004485,0.984778519,203.4884395,4.732139,0.002493274,-0.199770373,-0.979842741,-0.917140511,-0.398564027,0.573747571,-0.1961973,0.0191714 
70,70,259.4930515,0.0004291,0.984667063,217.4237118,4.0315807,0.002506118,-0.182354768,-0.9832328,-0.794163191,-0.607704555,0.742334496,-0.1898233,0.0253907 
78,78,260.5099283,0.0004024,0.984559199,231.1956689,3.1045932,0.002522662,-0.164876698,-0.986314186,-0.626662721,-0.779290596,0.871947451,-0.1837421,0.0319142 
84,84,261.5270733,0.0003702,0.98445479,244.7649768,2.0143742,0.002542926,-0.147342067,-0.989085596,-0.426332306,-0.904566617,0.957510494,-0.1778347,0.0381482 
87,87,262.5444591,0.0003345,0.984353773,258.0980996,0.8313513,0.00256651,-0.129756834,-0.991545846,-0.206236641,-0.978502145,0.996990351,-0.1719764,0.043261 
88,88,263.5620578,0.0002972,0.984256154,271.1716561,-0.3736285,0.002592507,-0.112126997,-0.993693885,0.020447831,-0.999790921,0.99119337,-0.1660479,0.0463567 
86,86,264.5798426,0.0002604,0.984162005,283.976097,-1.5354148,0.002619518,-0.094458559,-0.995528794,0.241517081,-0.970396568,0.94324437,-0.1599445,0.0466585 
80,82,265.5977879,0.000226,0.984071453,296.518023,-2.5988159,0.002645766,-0.076757523,-0.997049789,0.446479302,-0.894793961,0.857883485,-0.1535821,0.0436555 
74,77,266.6158704,0.0001957,0.983984665,308.8208871,-3.5204708,0.002669277,-0.059029868,-0.998256217,0.626887876,-0.779109486,0.740745779,-0.1468982,0.037186 
65,70,267.6340688,0.0001707,0.983901841,320.9242069,-4.2685333,0.002688092,-0.041281555,-0.999147553,0.776312792,-0.630347879,0.597763142,-0.1398499,0.0274556 
57,61,268.6523643,0.0001522,0.983823201,332.8816338,-4.8208825,0.002700468,-0.023518511,-0.999723402,0.890066734,-0.455830242,0.434771116,-0.1324091,0.0150072 
48,52,269.6707399,0.0001409,0.983748975,344.758266,-5.1627393,0.002705062,-0.005746641,-0.999983488,0.964825261,-0.262892023,0.257343177,-0.1245575,0.0006629 
41,44,270.689181,0.0001375,0.983679406,356.6274857,-5.2844677,0.002701067,0.012028188,-0.999927659,0.998268163,-0.058827495,0.070830596,-0.1162822,-0.0145448 
37,39,271.7076747,0.000142,0.983614742,8.5674244,-5.1801423,0.002688318,0.029800134,-0.999555877,0.98884124,0.14897316,-0.119439397,-0.1075725,-0.0294449 
37,37,272.7262101,0.0001543,0.983555235,20.6569886,-4.8472648,0.002667348,0.04756339,-0.998868221,0.935709117,0.352772515,-0.307867757,-0.0984192,-0.0428055 
40,40,273.7447786,0.0001742,0.983501144,32.9712691,-4.2878619,0.002639398,0.065312193,-0.997864879,0.838943571,0.544218416,-0.488263199,-0.0888165,-0.0534229 
48,48,274.7633742,0.0002008,0.98345273,45.5761659,-3.5110168,0.002606369,0.083040827,-0.996546146,0.699960489,0.714181569,-0.653589592,-0.0787661,-0.0602323 
58,58,275.7819934,0.0002331,0.983410245,58.5222427,-2.5365896,0.002570707,0.100743627,-0.994912419,0.522167523,0.852842938,-0.795898981,-0.0682848,-0.0624441 
68,68,276.8006364,0.0002696,0.983373929,71.8382139,-1.3993722,0.002535195,0.118414997,-0.992964193,0.311701257,0.950180155,-0.906584767,-0.0574138,-0.0596942 
78,78,277.8193065,0.0003083,0.983343988,85.5250391,-0.1522579,0.002502673,0.136049409,-0.990702053,0.078023421,0.996951526,-0.977066884,-0.0462267,-0.0521766 
86,86,278.8380106,0.0003472,0.983320573,99.5521869,1.1334975,0.00247569,0.153641403,-0.988126672,-0.165945879,0.986134862,-0.999922316,-0.034835,-0.0407021 
91,91,279.8567578,0.0003839,0.983303761,113.8578898,2.3726244,0.002456161,0.171185571,-0.985238804,-0.404469536,0.914551472,-0.970290946,-0.0233843,-0.026627 
93,93,280.8755584,0.0004162,0.983293541,128.3547105,3.475097,0.002445112,0.188676536,-0.982039289,-0.620528115,0.784184199,-0.887178788,-0.0120411,-0.0116278 
91,92,281.8944223,0.0004419,0.9832898,142.9402968,4.3583784,0.002442586,0.206108927,-0.978529054,-0.798007975,0.602646888,-0.754184057,-0.0009725,0.0026331 
86,89,282.913357,0.0004594,0.983292336,157.5112228,4.9590083,0.002447754,0.22347735,-0.974709123,-0.923954473,0.38250246,-0.579311534,0.0096759,0.0148438 
79,83,283.932366,0.0004676,0.983300875,171.9763716,5.2400103,0.002459189,0.240776355,-0.970580624,-0.99021059,0.139581469,-0.373894366,0.0197972,0.0242666 
70,75,284.951448,0.0004661,0.983315091,186.2663581,5.1926101,0.002475219,0.258000434,-0.966144801,-0.994025216,-0.109150676,-0.151003579,0.0293309,0.0307843 
62,66,285.9705969,0.0004551,0.983334638,200.3371017,4.8331959,0.002494258,0.275144018,-0.961403021,-0.937664081,-0.347542906,0.076136136,0.038261,0.0347824 
58,59,286.9898012,0.0004354,0.983359174,214.1678431,4.1977966,0.002515037,0.292201475,-0.956356784,-0.82739591,-0.561619096,0.295341926,0.0466098,0.0369337 
56,56,288.0090453,0.0004081,0.983388375,227.7554991,3.3361948,0.002536701,0.309167134,-0.95100772,-0.67229576,-0.740282656,0.496162767,0.0544291,0.0379617 
58,58,289.0283097,0.000375,0.983421957,241.1077422,2.3068026,0.002558778,0.326035293,-0.945357598,-0.48316408,-0.875529823,0.670160228,0.0617923,0.0384415 
63,63,290.0475721,0.0003379,0.98345968,254.2368021,1.1724564,0.002581055,0.342800243,-0.939408321,-0.271662141,-0.962392685,0.810953849,0.0687868,0.0386742 
69,69,291.0668078,0.0002988,0.983501359,267.1552127,-0.0031906,0.002603399,0.359456275,-0.933161929,-0.049630507,-0.998767647,0.914171947,0.0755086,0.0386439 
75,75,292.0859911,0.0002595,0.983546866,279.8739635,-1.1589877,0.002625585,0.375997714,-0.926620591,0.171481427,-0.985187353,0.977371511,0.0820561,0.0380538 
79,79,293.1050957,0.000222,0.983596127,292.4029095,-2.2393333,0.002647154,0.392418921,-0.9197866,0.381117325,-0.924526682,0.999924903,0.0885246,0.0364216 
81,81,294.1240955,0.000188,0.983649122,304.7528778,-3.1966784,0.00266735,0.408714313,-0.912662375,0.570038031,-0.821618308,0.982842818,0.0950022,0.0332079 
81,81,295.1429651,0.0001588,0.98370588,316.9386888,-3.9931161,0.002685118,0.424878374,-0.905250445,0.730623489,-0.682780578,0.928513542,0.1015657,0.0279465 
78,80,296.1616805,0.0001358,0.98376647,328.9822829,-4.6008224,0.002699181,0.440905666,-0.897553449,0.857007999,-0.515303105,0.840371762,0.1082795,0.0203535 
74,76,297.1802192,0.0001197,0.983830993,340.9152841,-5.0013949,0.002708173,0.456790838,-0.889574129,0.945036166,-0.326965815,0.722544192,0.1151959,0.0104006 
68,71,298.1985605,0.0001111,0.983899579,352.780578,-5.1844162,0.00271079,0.472528623,-0.881315324,0.992072159,-0.125669531,0.579536975,0.1223568,-0.0016502 
60,64,299.2166851,0.0001102,0.98397238,4.6327245,-5.1457398,0.002705968,0.488113842,-0.872779971,0.99673291,0.080768222,0.416026244,0.1297972,-0.015243 
52,56,300.234576,0.0001171,0.984049567,16.5371799,-4.886032,0.002693042,0.503541415,-0.86397109,0.958635232,0.284637474,0.236793992,0.1375477,-0.0295497 
44,48,301.2522175,0.0001315,0.984131327,28.5683247,-4.4100469,0.002671897,0.518806345,-0.854891792,0.87824748,0.478206402,0.046825637,0.1456374,-0.0435097 
39,41,302.2695964,0.0001526,0.984217863,40.8061823,-3.7270105,0.002643083,0.533903742,-0.845545264,0.756924546,0.653502281,-0.148440912,0.1540949,-0.0558897 
37,37,303.2867014,0.0001795,0.984309397,53.3315461,-2.8523515,0.002607891,0.548828809,-0.835934769,0.597183612,0.802104565,-0.342755524,0.1629465,-0.0653714 
39,39,304.3035243,0.000211,0.984406162,66.2191052,-1.8107874,0.002568371,0.563576862,-0.82606363,0.403240182,0.915094179,-0.528669183,0.1722116,-0.0706796 
48,48,305.3200601,0.0002455,0.984508399,79.5282536,-0.6403327,0.002527251,0.578143331,-0.815935224,0.181750642,0.983344652,-0.697267616,0.181894,-0.0707628 
60,60,306.3363077,0.0002809,0.984616343,93.2918297,0.6039377,0.002487753,0.592523768,-0.805552968,-0.057421664,0.998350015,-0.838247519,0.1919696,-0.0650196 
74,74,307.3522707,0.0003152,0.984730206,107.5042544,1.8484441,0.002453255,0.606713855,-0.794920309,-0.300776615,0.95369462,-0.940596562,0.2023737,-0.0535324 
86,86,308.3679568,0.000346,0.984850146,122.1123154,3.0045318,0.00242685,0.620709395,-0.784040717,-0.531580651,0.847007681,-0.994045614,0.2129921,-0.0372231 
97,97,309.3833774,0.000371,0.984976242,137.0132781,3.9784002,0.002410856,0.634506302,-0.772917688,-0.731511733,0.681828853,-0.991146385,0.2236634,-0.0178235 
103,102,310.3985461,0.0003883,0.985108472,152.0644158,4.6862769,0.002406421,0.648100577,-0.761554754,-0.883474846,0.468478597,-0.92935266,0.2341959,0.0024032 
105,104,311.4134759,0.0003966,0.985246697,167.1042046,5.0700006,0.002413342,0.661488272,-0.749955509,-0.974777575,0.223178583,-0.812177942,0.2443965,0.0211381 
101,104,312.4281779,0.0003952,0.985390678,181.9796465,5.1068054,0.002430184,0.674665476,-0.738123631,-0.999403162,-0.034544475,-0.648764716,0.2541013,0.0365118 
92,97,313.4426586,0.0003842,0.985540091,196.570493,4.8097514,0.002454652,0.687628279,-0.72606291,-0.958469575,-0.285194799,-0.452001419,0.2631968,0.0474419 
79,86,314.4569194,0.0003642,0.985694567,210.802739,4.2201004,0.002484076,0.700372774,-0.71377726,-0.858935418,-0.512083926,-0.23606112,0.2716265,0.053706 
65,72,315.4709566,0.0003366,0.985853716,224.6493596,3.39621,0.002515873,0.712895065,-0.701270723,-0.711420886,-0.702766194,-0.014339081,0.2793835,0.055785 
52,58,316.4847616,0.0003029,0.986017158,238.1215356,2.4034015,0.002547875,0.72519127,-0.688547472,-0.528119197,-0.84917025,0.201706598,0.2864984,0.0545865 
46,48,317.4983215,0.0002651,0.986184536,251.2556477,1.3070315,0.002578492,0.737257545,-0.675611806,-0.321346124,-0.946961809,0.402863724,0.2930254,0.0511601 
45,45,318.5116206,0.000225,0.98635553,264.1004333,0.1687942,0.002606722,0.749090096,-0.662468133,-0.102785014,-0.994703594,0.581964197,0.2990321,0.0464674 
50,50,319.5246406,0.0001846,0.986529861,276.7067565,-0.9548253,0.00263206,0.760685197,-0.649120968,0.116787854,-0.993156884,0.73351775,0.3045932,0.041234 
59,59,320.5373612,0.0001457,0.986707294,289.1208279,-2.013144,0.002654327,0.772039191,-0.635574927,0.327561381,-0.944829901,0.853400419,0.3097863,0.0358786 
68,68,321.5497613,0.0001098,0.986887639,301.3808068,-2.9617308,0.0026735,0.783148515,-0.621834708,0.520723676,-0.85372528,0.938679983,0.3146895,0.0305108 
76,76,322.561819,0.0000785,0.98707075,313.5163312,-3.7630316,0.002689539,0.794009699,-0.60790509,0.688561304,-0.725178138,0.987563834,0.31938,0.0249808 
81,81,323.573512,0.0000529,0.987256527,325.5503629,-4.3871025,0.002702262,0.804619372,-0.593790928,0.82462374,-0.565681613,0.999404846,0.3239323,0.018967 
83,83,324.5848185,0.000034,0.98744491,337.5026312,-4.8121792,0.00271128,0.814974277,-0.579497134,0.923897106,-0.382641005,0.974691741,0.3284166,0.0120839 
84,84,325.5957172,0.0000222,0.987635879,349.3938865,-5.0248142,0.002715987,0.825071265,-0.565028678,0.982915716,-0.184056229,0.914972561,0.3328979,0.0039927 
82,83,326.6061878,0.0000179,0.98782945,1.2501676,-5.019461,0.002715621,0.834907309,-0.550390575,0.999761963,0.02181781,0.822700254,0.3374353,-0.0054992 
77,80,327.6162109,0.0000211,0.988025671,13.1063965,-4.797605,0.002709369,0.844479495,-0.535587885,0.973950658,0.226760041,0.701031429,0.3420829,-0.0163615 
71,74,328.6257688,0.0000315,0.98822462,25.0087958,-4.3667362,0.002696513,0.853785035,-0.520625694,0.906242898,0.422757389,0.553638265,0.3468902,-0.0282907 
62,67,329.6348449,0.0000485,0.988426403,37.0158098,-3.7395676,0.002676595,0.862821258,-0.505509126,0.798469419,0.60203537,0.384602015,0.3519048,-0.0406879 
52,57,330.6434247,0.0000713,0.988631153,49.1973031,-2.9339143,0.002649589,0.871585619,-0.490243316,0.653456235,0.756964298,0.198446369,0.3571735,-0.0526648 
43,47,331.6514953,0.0000985,0.98883903,61.6317522,-1.9735651,0.002616056,0.880075691,-0.474833422,0.475136652,0.879912019,0.000344582,0.362743,-0.0630818 
36,39,332.6590463,0.0001289,0.989050223,74.4009611,-0.8902892,0.002577269,0.888289174,-0.4592846,0.268903664,0.963167078,-0.203503593,0.3686585,-0.0706264 
36,35,333.6660705,0.0001607,0.989264941,87.5816609,0.2732347,0.002535281,0.896223895,-0.443601996,0.042195448,0.999109375,-0.405390344,0.3749586,-0.0739503 
41,41,334.672564,0.000192,0.989483415,101.2334718,1.46039,0.002492883,0.903877806,-0.427790733,-0.194807385,0.980841518,-0.595676984,0.3816661,-0.0718781 
56,56,335.6785277,0.0002206,0.989705879,115.3835834,2.5991918,0.002453431,0.911248993,-0.411855889,-0.428676289,0.903458156,-0.762725399,0.3887733,-0.0636859 
73,73,336.6839673,0.0002443,0.989932552,130.010548,3.6049244,0.002420494,0.918335662,-0.39580249,-0.642928626,0.765926095,-0.893579741,0.3962265,-0.0494049 
90,90,337.6888941,0.0002612,0.990163605,145.0325369,4.3890764,0.002397346,0.925136149,-0.37963549,-0.819477633,0.573111167,-0.97570172,0.4039139,-0.0300414 
104,104,338.6933235,0.0002696,0.990399125,160.3074502,4.8744633,0.002386395,0.931648893,-0.363359795,-0.94151437,0.336972836,-0.9996032,0.4116675,-0.0075712 
112,111,339.6972737,0.0002685,0.990639094,175.6502321,5.012263,0.002388695,0.937872425,-0.346980279,-0.99711963,0.075844867,-0.961487679,0.4192821,0.0153844 
115,114,340.7007632,0.0002578,0.990883369,190.8652365,4.7936164,0.002403737,0.943805354,-0.330501821,-0.982073263,-0.188499617,-0.864586537,0.42655,0.0361359 
110,113,341.7038081,0.0002379,0.991131699,205.7826242,4.25008,0.002429589,0.949446345,-0.313929353,-0.90045072,-0.434958044,-0.718383548,0.4332962,0.0525343 
99,105,342.7064203,0.00021,0.991383745,220.2850601,3.4432876,0.002463336,0.954794116,-0.297267886,-0.762836954,-0.646590891,-0.536141528,0.4394023,0.063363 
83,91,343.7086065,0.0001759,0.991639117,234.3170425,2.4496723,0.002501654,0.959847441,-0.280522532,-0.583299633,-0.812257064,-0.332022252,0.4448113,0.0684058 
64,74,344.710368,0.0001374,0.991897409,247.878463,1.3468786,0.00254134,0.964605152,-0.263698503,-0.376572511,-0.926387146,-0.11895688,0.4495174,0.0682502 
47,55,345.7117019,0.0000966,0.992158223,261.0094541,0.2053628,0.002579687,0.969066157,-0.246801099,-0.156271489,-0.98771414,0.092331524,0.4535503,0.0639743 
38,41,346.7126012,0.0000554,0.992421184,273.7735451,-0.9148428,0.002614679,0.973229445,-0.229835698,0.065813183,-0.997831962,0.293388733,0.4569598,0.0568392 
36,36,347.7130562,0.0000157,0.992685947,286.2433238,-1.9640253,0.002645019,0.977094093,-0.212807738,0.279717146,-0.960082454,0.477622946,0.459805,0.0480531 
42,42,348.713055,-0.000021,0.992952206,298.4900649,-2.9013065,0.002670057,0.98065928,-0.195722703,0.477006366,-0.878899839,0.639801372,0.4621482,0.0386191 
54,54,349.712584,-0.0000532,0.993219689,310.5772339,-3.6931164,0.00268964,0.983924285,-0.178586118,0.650472474,-0.759529828,0.775657148,0.4640524,0.0292545 
65,65,350.7116284,-0.0000797,0.993488159,322.5572574,-4.3122708,0.002703941,0.986888494,-0.161403532,0.793961298,-0.607968303,0.881679501,0.4655805,0.0203677 
74,74,351.7101726,-0.0000998,0.993757419,334.4709387,-4.7377728,0.002713282,0.989551403,-0.144180513,0.902366806,-0.430968847,0.955075649,0.4667962,0.0120767 
81,81,352.7082003,-0.0001128,0.994027306,346.3490028,-4.9551454,0.002717983,0.991912618,-0.126922645,0.971751323,-0.236007132,0.993847048,0.4677639,0.0042628 
85,85,353.705695,-0.0001184,0.994297696,358.215279,-4.956954,0.002718245,0.993971858,-0.109635514,0.999514901,-0.031144221,0.996904196,0.4685488,-0.0033494 
87,87,354.7026402,-0.0001166,0.994568503,10.0909579,-4.7431832,0.002714088,0.995728954,-0.092324704,0.984530843,0.175211355,0.96414953,0.4692168,-0.0110953 
86,87,355.6990196,-0.0001078,0.994839677,21.9992504,-4.3212567,0.002705346,0.99718385,-0.07499579,0.927188755,0.374594463,0.896484646,0.4698335,-0.019266 
83,85,356.6948177,-0.0000924,0.995111208,33.9697266,-3.7056874,0.002691721,0.998336606,-0.057654325,0.829332918,0.558754786,0.79573878,0.470464,-0.0280099 
77,80,357.6900196,-0.0000715,0.995383123,46.0416522,-2.9175486,0.002672892,0.999187389,-0.040305842,0.69413525,0.719844605,0.664557245,0.4711731,-0.0372498 
68,73,358.6846119,-0.0000461,0.995655486,58.2657482,-1.9840911,0.002648662,0.99973648,-0.022955837,0.525980178,0.850496827,0.506317705,0.4720248,-0.0466257 
58,63,359.6785826,-0.0000176,0.995928398,70.7038833,-0.9388453,0.002619131,0.999984265,-0.005609762,0.330450425,0.94382335,0.3251506,0.4730834,-0.0554708 
47,52,0.6719214,0.0000123,0.996201995,83.4261985,0.1775785,0.002584867,0.999931237,0.011726972,0.114482919,0.993425217,0.126124916,0.4744128,-0.0628287 
37,41,1.664621,0.0000419,0.996476454,96.5050711,1.3160826,0.002547062,0.999577988,0.02904903,-0.113291152,0.993561832,-0.084381334,0.4760741,-0.0675254 
35,35,2.6566766,0.0000693,0.996751981,110.005309,2.4176428,0.002507615,0.998925208,0.046351141,-0.342107213,0.939660925,-0.298185164,0.4781204,-0.0683093 
40,40,3.6480878,0.0000924,0.99702881,123.9704029,3.4130875,0.00246912,0.997973677,0.063628132,-0.558764576,0.829326322,-0.504863854,0.4805864,-0.0640738 
55,55,4.6388588,0.0001093,0.997307186,138.4060448,4.225963,0.002434697,0.996724257,0.080874935,-0.747868132,0.663847315,-0.691729699,0.4834736,-0.0541524 
75,75,5.6289994,0.0001184,0.997587341,153.2646889,4.7803236,0.002407649,0.995177882,0.098086607,-0.893094306,0.449869494,-0.844661528,0.4867344,-0.0386321 
93,93,6.6185248,0.0001186,0.997869463,168.4377841,5.0137124,0.002390951,0.993335552,0.115258321,-0.979707639,0.20043189,-0.950076986,0.4902607,-0.0185706 
108,108,7.6074549,0.0001091,0.998153659,183.7628219,4.89228,0.002386689,0.991198324,0.132385359,-0.997844262,-0.065626433,-0.997749539,0.493886,0.004028 
116,116,8.5958126,0.0000903,0.998439929,199.0476812,4.4217418,0.00239559,0.988767307,0.149463081,-0.945247312,-0.326354896,-0.983407648,0.4974066,0.0265553 
117,118,9.5836215,0.0000631,0.998728152,214.1058769,3.6481043,0.002416838,0.986043669,0.166486884,-0.828002825,-0.560723927,-0.909800123,0.5006159,0.0463781 
110,114,10.5709027,0.0000291,0.999018095,228.7896188,2.6470965,0.002448234,0.983028641,0.183452149,-0.658825776,-0.752295551,-0.785654843,0.5033394,0.0614254 
97,104,11.5576737,-0.0000097,0.99930944,243.0091119,1.50742,0.00248664,0.979723525,0.200354221,-0.453848795,-0.891078712,-0.623177723,0.5054572,0.0705513 
80,89,12.5439472,-0.0000512,0.999601818,256.7347822,0.3151733,0.002528543,0.976129706,0.217188392,-0.229458913,-0.973318348,-0.435375108,0.506908,0.0735844 
61,71,13.5297311,-0.0000932,0.999894837,269.9869497,-0.8558315,0.002570571,0.972248653,0.233949901,-0.000227771,-0.999999974,-0.234171344,0.507679,0.0711364 
44,52,14.5150289,-0.0001337,1.000188109,282.8201838,-1.9473274,0.00260986,0.968081931,0.250633944,0.221892003,-0.975071248,-0.029576314,0.5077904,0.0643092 
34,38,15.4998407,-0.0001711,1.000481264,295.3079623,-2.9154888,0.002644256,0.963631196,0.267235697,0.427483498,-0.904023152,0.170349178,0.5072808,0.054412 
33,33,16.4841638,-0.0002039,1.000773957,307.5303604,-3.7279733,0.002672366,0.958898198,0.283750322,0.609181733,-0.793030653,0.359120563,0.5061967,0.0427452 
39,39,17.4679936,-0.0002309,1.001065869,319.5653426,-4.3609074,0.002693508,0.953884781,0.30017299,0.76114613,-0.648580426,0.531359384,0.5045874,0.0304562 
50,50,18.4513234,-0.0002513,1.001356712,331.4832264,-4.7967265,0.0027076,0.948592884,0.316498878,0.878677385,-0.477416018,0.682405481,0.5025021,0.0184546 
61,61,19.4341456,-0.0002646,1.001646226,343.3436809,-5.023132,0.002715002,0.943024538,0.332723189,0.958041293,-0.286630216,0.808087928,0.4999911,0.0073719 
71,71,20.4164511,-0.0002703,1.001934179,355.1947575,-5.0330497,0.002716359,0.937181867,0.348841151,0.996485199,-0.083769021,0.904665777,0.4971067,-0.0024474 
79,79,21.3982297,-0.0002686,1.002220371,7.0736284,-4.8252776,0.002712435,0.931067089,0.364848017,0.992388723,0.123144722,0.968909587,0.493905,-0.0109255 
84,84,22.3794706,-0.0002597,1.002504637,19.0087784,-4.4054262,0.002703971,0.924682514,0.380739082,0.945468684,0.325713015,0.998270034,0.4904475,-0.0182055 
86,86,23.3601623,-0.0002441,1.002786849,31.0233366,-3.7867616,0.002691581,0.91803054,0.396509681,0.856957454,0.515387157,0.991069112,0.4868015,-0.0245791 
87,87,24.340293,-0.0002228,1.003066918,43.1390725,-2.9906605,0.002675687,0.911113656,0.412155197,0.729696153,0.683771544,0.946656125,0.48304,-0.0303933 
85,86,25.3198507,-0.000197,1.003344799,55.3804138,-2.0465632,0.002656522,0.903934433,0.427671066,0.568125096,0.822942207,0.865496407,0.4792406,-0.0359453 
79,82,26.298824,-0.0001679,1.003620495,67.7777396,-0.9915135,0.002634186,0.896495524,0.44305279,0.378200475,0.925723717,0.749199509,0.4754842,-0.0413785 
71,76,27.2772025,-0.0001373,1.003894054,80.3691866,0.1304817,0.002608762,0.888799655,0.458295945,0.167298987,0.985906207,0.600532098,0.4718535,-0.0465972 
61,66,28.254977,-0.0001069,1.004165572,93.2002649,1.2690306,0.002580471,0.88084962,0.473396184,-0.055826121,0.998440506,0.423483508,0.4684312,-0.0512147 
50,55,29.2321403,-0.0000785,1.004435193,106.3206687,2.3678156,0.002549843,0.872648273,0.488349252,-0.281012928,0.959703983,0.223445275,0.4652972,-0.0545522 
41,45,30.2086879,-0.0000541,1.004703105,119.7778225,3.3652326,0.002517872,0.864198518,0.503150993,-0.496638037,0.867957752,0.007519949,0.4625251,-0.0557018 
39,39,31.1846188,-0.0000354,1.004969535,133.6070877,4.1959828,0.00248611,0.855503295,0.517797366,-0.689709121,0.724086547,-0.215118319,0.460175,-0.0536652 
45,45,32.159936,-0.0000241,1.00523474,147.8194203,4.794754,0.002456662,0.846565572,0.532284446,-0.846373735,0.53258943,-0.433021795,0.4582837,-0.0475703 
59,59,33.1346476,-0.0000214,1.005498986,162.3888177,5.1030321,0.002432034,0.837388328,0.546608442,-0.953131637,0.302555917,-0.632761689,0.4568508,-0.0369435 
77,77,34.1087673,-0.0000279,1.005762526,177.2437365,5.0790262,0.002414827,0.827974537,0.560765696,-0.998843136,0.048087321,-0.800050963,0.4558262,-0.021975 
93,93,35.0823139,-0.0000439,1.006025567,192.2675359,4.7086014,0.002407295,0.818327171,0.574752678,-0.977166122,-0.212476753,-0.921763171,0.4551031,-0.0036766 
105,105,36.0553109,-0.0000685,1.006288241,207.3111335,4.0129491,0.002410882,0.808449195,0.588565969,-0.888528093,-0.458822219,-0.988376965,0.454523,0.0161766 
111,111,37.0277844,-0.0001006,1.006550576,222.2161079,3.0485239,0.002425851,0.798343578,0.602202234,-0.740615722,-0.67192883,-0.995902848,0.4538963,0.0353569 
110,110,37.9997611,-0.0001382,1.00681249,236.841114,1.8978128,0.002451165,0.788013321,0.61565819,-0.546962642,-0.837157015,-0.94641642,0.4530326,0.0516608 
103,106,38.971266,-0.0001792,1.007073796,251.0827674,0.6541798,0.002484633,0.77746147,0.628930571,-0.324201953,-0.945987893,-0.847015233,0.4517698,0.0633703 
91,98,39.9423211,-0.0002213,1.007334228,264.8854801,-0.5932416,0.002523287,0.766691141,0.642016117,-0.089146711,-0.996018506,-0.707807927,0.4499917,0.0695352 
76,84,40.9129441,-0.0002623,1.007593467,278.2402122,-1.7697546,0.002563849,0.755705533,0.654911557,0.143323558,-0.989675885,-0.539839769,0.4476321,0.0700165 
60,68,41.8831486,-0.0003002,1.007851169,291.1759114,-2.8189476,0.002603162,0.744507932,0.667613615,0.361232566,-0.932475755,-0.353593,0.4446667,0.0653477 
46,52,42.8529443,-0.0003336,1.008106984,303.7481381,-3.7016134,0.002638521,0.733101712,0.680119019,0.555543213,-0.831487666,-0.158240895,0.4411005,0.0565133 
36,40,43.8223378,-0.0003612,1.008360572,316.0280974,-4.3922043,0.002667866,0.721490329,0.692424513,0.719680369,-0.694305528,0.038488259,0.4369558,0.0447283 
34,34,44.7913333,-0.000382,1.008611605,328.0936086,-4.8748975,0.002689858,0.709677313,0.70452687,0.848912735,-0.528533035,0.230088383,0.4322631,0.0312593 
37,37,45.7599324,-0.0003954,1.008859778,340.0223316,-5.140481,0.002703876,0.697666276,0.716422897,0.939825855,-0.341653863,0.410916155,0.4270559,0.0172967 
46,46,46.7281351,-0.000401,1.009104804,351.8869934,-5.1845273,0.00270994,0.685460897,0.728109441,0.989991647,-0.141125972,0.57584541,0.421369,0.0038684 
55,55,47.6959399,-0.000399,1.009346415,3.752228,-5.0068706,0.002708604,0.673064924,0.739583402,0.997856379,0.065441932,0.720021894,0.4152391,-0.0082184 
65,65,48.6633434,-0.0003895,1.009584367,15.6727367,-4.6121612,0.002700813,0.660482175,0.750841725,0.962820398,0.270142334,0.838759847,0.4087069,-0.0184131 
73,73,49.6303409,-0.000373,1.009818442,27.6926181,-4.0111414,0.002687755,0.647716539,0.761881412,0.885453508,0.464727969,0.927590482,0.40182,-0.026439 
79,79,50.5969261,-0.0003505,1.010048451,39.8458106,-3.2221963,0.002670696,0.634771969,0.772699519,0.767771481,0.640723773,0.982446766,0.394636,-0.0322876 
83,83,51.5630915,-0.000323,1.010274241,52.1575681,-2.2726952,0.002650837,0.621652487,0.783293167,0.613492056,0.789700891,0.999946174,0.387224,-0.0361839 
84,84,52.5288285,-0.000292,1.010495704,64.6467644,-1.199671,0.002629201,0.608362174,0.79365954,0.428197695,0.903685086,0.97771757,0.3796654,-0.0385174 
83,84,53.4941279,-0.000259,1.010712781,77.3286111,-0.0495377,0.002606558,0.594905169,0.803795895,0.219359036,0.975644204,0.91471663,0.3720528,-0.0397437 
79,82,54.4589804,-0.0002259,1.01092547,90.2171749,1.1232269,0.002583426,0.581285654,0.813699569,-0.003790408,0.999992816,0.811490414,0.3644867,-0.0402661 
73,76,55.4233772,-0.0001946,1.011133827,103.3269574,2.2582719,0.002560132,0.567507851,0.823367985,-0.230507588,0.973070528,0.670380254,0.3570712,-0.0403209 
64,69,56.387311,-0.0001669,1.01133797,116.6728343,3.2921668,0.002536939,0.553575998,0.832798664,-0.448895373,0.893584324,0.495678126,0.3499089,-0.0398923 
56,60,57.3507767,-0.0001447,1.011538073,130.2678533,4.1616176,0.002514198,0.539494344,0.841989224,-0.646361771,0.763031101,0.293755445,0.3430947,-0.0386823 
50,52,58.3137721,-0.0001295,1.011734361,144.1187945,4.8071649,0.002492506,0.525267128,0.850937392,-0.810233942,0.586106611,0.073150775,0.3367095,-0.036153 
50,49,59.276299,-0.0001226,1.011927099,158.2200058,5.1776549,0.002472814,0.510898561,0.859641007,-0.92861544,0.371043616,-0.155463984,0.3308119,-0.0316487 
55,53,60.2383636,-0.0001248,1.01211658,172.5467972,5.2357259,0.00245644,0.496392819,0.868098018,-0.99155114,0.129716371,-0.379592341,0.3254298,-0.0245849 
63,63,61.199977,-0.0001363,1.012303099,187.0504292,4.9640272,0.002444965,0.481754026,0.876306487,-0.992438503,-0.122742891,-0.585671636,0.3205507,-0.0146714 
75,75,62.1611559,-0.0001565,1.012486933,201.6570321,4.3709068,0.002440005,0.466986241,0.884264582,-0.929409595,-0.369049868,-0.76035922,0.3161156,-0.00211 
86,86,63.1219214,-0.0001847,1.012668308,216.2721507,3.4933772,0.002442889,0.452093474,0.891970566,-0.806215942,-0.591621378,-0.892193821,0.3120177,0.0123074 
95,95,64.0822988,-0.000219,1.01284738,230.7908889,2.3951359,0.002454327,0.437079681,0.899422789,-0.632152525,-0.774843974,-0.973213352,0.3081115,0.0272601 
99,99,65.0423154,-0.0002575,1.013024212,245.1114739,1.1588814,0.002474168,0.421948799,0.906619662,-0.420854163,-0.907128312,-0.999999272,0.3042305,0.0411251 
98,98,66.0019993,-0.000298,1.013198769,259.1486703,-0.1253888,0.002501311,0.406704765,0.91355965,-0.188261243,-0.982118987,-0.973791022,0.30021,0.0523017 
93,95,66.9613773,-0.0003381,1.013370929,272.843695,-1.3725344,0.002533815,0.391351546,0.920241255,0.049611467,-0.998768593,-0.899692539,0.2959075,0.0595241 
84,89,67.9204738,-0.0003759,1.013540495,286.1688772,-2.5113441,0.002569158,0.375893158,0.92666301,0.278469438,-0.960445091,-0.785334182,0.2912158,0.0620628 
73,79,68.8793097,-0.0004095,1.013707223,299.1272217,-3.4887477,0.002604568,0.360333687,0.932823474,0.486750462,-0.873541062,-0.63946702,0.2860658,0.0597806 
62,68,69.837903,-0.0004374,1.013870834,311.7483164,-4.2695486,0.00263735,0.34467728,0.938721243,0.665859743,-0.746076941,-0.470851549,0.2804213,0.053067 
51,56,70.7962682,-0.0004586,1.014031039,324.0823686,-4.8333548,0.002665156,0.328928155,0.944354948,0.80986116,-0.5866216,-0.287592873,0.2742706,0.0427072 
42,46,71.7544169,-0.0004724,1.014187546,336.1938295,-5.1705733,0.002686173,0.313090594,0.949723265,0.914916203,-0.403643831,-0.09689828,0.2676174,0.0297368 
38,40,72.7123585,-0.0004784,1.014340068,348.155482,-5.2788259,0.002699222,0.297168929,0.95482492,0.978708203,-0.205256556,0.094857593,0.2604738,0.0153114 
39,38,73.6701,-0.0004764,1.014488327,0.0433393,-5.1605077,0.002703803,0.281167548,0.959658694,0.999999714,0.000756413,0.281893367,0.2528553,0.0006004 
42,42,74.6276466,-0.0004668,1.014632053,11.9323555,-4.821717,0.002700073,0.265090887,0.964223429,0.978392384,0.206756726,0.458722585,0.2447801,-0.0132971 
48,48,75.5850013,-0.0004499,1.014770988,23.8927977,-4.2724927,0.002688787,0.248943431,0.968518027,0.914304876,0.405026658,0.619885813,0.2362691,-0.0254242 
56,56,76.5421654,-0.0004266,1.014904888,35.9871215,-3.5281237,0.002671195,0.232729709,0.972541455,0.809149092,0.587603393,0.759781692,0.227349,-0.0350305 
64,64,77.499138,-0.0003978,1.015033526,48.267287,-2.6111487,0.002648906,0.216454302,0.976292751,0.665656539,0.746258248,0.872650739,0.218057,-0.0416301 
71,71,78.455916,-0.000365,1.015156703,60.7725803,-1.5535004,0.002623725,0.20012184,0.979771019,0.488277352,0.872688505,0.952749868,0.2084445,-0.0450462 
77,77,79.4124944,-0.0003296,1.015274251,73.5281299,-0.3980871,0.002597461,0.183736999,0.98297544,0.283544569,0.958959059,0.994730831,0.198582,-0.0454287 
81,81,80.3688662,-0.0002936,1.015386053,86.54436,0.8009577,0.00257175,0.1673045,0.985905271,0.060275737,0.998181765,0.994197066,0.1885605,-0.0432277 
82,82,81.3250229,-0.0002587,1.015492047,99.8175725,1.9799732,0.002547898,0.150829099,0.988559853,-0.170511714,0.985355649,0.948364908,0.1784901,-0.0391123 
81,82,82.2809556,-0.0002271,1.015592241,113.3316745,3.0696016,0.002526792,0.134315568,0.99093861,-0.396053182,0.918227574,0.856711047,0.1684948,-0.0338386 
78,80,83.2366557,-0.0002006,1.015686714,127.060805,4.0003357,0.002508898,0.117768682,0.993041055,-0.602662234,0.797996386,0.721468436,0.1587036,-0.0280917 
72,75,84.192116,-0.0001808,1.015775622,140.9723525,4.7088596,0.00249434,0.101193194,0.994866794,-0.776842199,0.629695322,0.547851823,0.14924,-0.022341 
66,69,85.147332,-0.0001691,1.015859185,155.0297049,5.1440958,0.002483057,0.084593814,0.996415519,-0.906526771,0.422148331,0.343948592,0.140211,-0.0167542 
62,64,86.1023028,-0.0001662,1.015937679,169.1941327,5.2721186,0.002474979,0.067975192,0.997687012,-0.982268057,0.187481903,0.1202784,0.131698,-0.011196 
59,60,87.0570316,-0.0001725,1.016011418,183.425494,5.0795393,0.002470184,0.051341905,0.998681135,-0.99821334,-0.059750539,-0.110921911,0.1237495,-0.0053186 
60,59,88.0115266,-0.0001877,1.016080732,197.6818868,4.5752879,0.002468975,0.034698441,0.999397828,-0.952757549,-0.303731876,-0.336608179,0.1163761,0.0012797 
62,62,88.965801,-0.0002108,1.016145949,211.9188076,3.7907269,0.002471855,0.018049198,0.9998371,-0.84879818,-0.528716985,-0.543950983,0.1095483,0.0088683 
68,68,89.9198726,-0.0002405,1.016207363,226.0886402,2.7778359,0.002479408,0.001398486,0.999999022,-0.693544675,-0.72041362,-0.721382828,0.103197,0.0174242 
75,75,90.8737633,-0.0002749,1.016265223,240.1412757,1.605118,0.002492095,-0.015249455,0.99988372,-0.497863101,-0.867255633,-0.859562648,0.0972187,0.026547 
81,81,91.8274983,-0.0003121,1.016319707,254.0263426,0.351205,0.002510039,-0.031890454,0.99949137,-0.275195372,-0.961388323,-0.952123226,0.091485,0.0354814 
85,85,92.7811043,-0.0003497,1.016370917,267.6969907,-0.9031251,0.002532854,-0.048520369,0.998822193,-0.040184272,-0.999192286,-0.996065675,0.0858559,0.0432424 
86,86,93.7346089,-0.0003858,1.016418873,281.1146201,-2.0830352,0.002559565,-0.065135077,0.997876456,0.192772356,-0.981243506,-0.991716035,0.0801951,0.0488076 
85,85,94.6880386,-0.0004183,1.016463521,294.2535721,-3.1260799,0.002588641,-0.081730443,0.996654471,0.410775696,-0.911736436,-0.942259075,0.0743824,0.0513152 
81,82,95.6414185,-0.0004457,1.016504744,307.1047795,-3.9857721,0.00261814,-0.098302313,0.995156598,0.603274519,-0.797533608,-0.852974113,0.0683218,0.0502147 
74,78,96.594771,-0.0004668,1.016542378,319.6776836,-4.6320191,0.002645912,-0.114846492,0.993383251,0.762416351,-0.647086786,-0.730366018,0.0619437,0.0453422 
67,71,97.5481162,-0.0004807,1.016576225,332.0002289,-5.0491181,0.002669826,-0.131358748,0.991334898,0.882949468,-0.469468035,-0.581383183,0.0552025,0.0369219 
59,63,98.5014715,-0.0004869,1.016606067,344.1171956,-5.2324918,0.002687981,-0.147834812,0.989012067,0.961823487,-0.273670569,-0.412854489,0.0480713,0.0255173 
51,55,99.4548521,-0.0004852,1.016631674,356.0873767,-5.1853136,0.002698882,-0.164270382,0.986415349,0.99766927,-0.068235097,-0.231195659,0.0405358,0.0119555 
44,47,100.4082706,-0.0004757,1.01665281,7.9801086,-4.9158478,0.002701568,-0.180661121,0.983545403,0.990316326,0.138829301,-0.042366737,0.032589,-0.0027532 
40,42,101.3617377,-0.0004589,1.016669238,19.8714931,-4.4359482,0.002695695,-0.197002668,0.980402952,0.940457363,0.339911678,0.147977803,0.0242277,-0.0174943 
39,39,102.3152621,-0.0004354,1.016680716,31.8404196,-3.7608605,0.002681576,-0.213290638,0.976988794,0.849520738,0.527555225,0.334220723,0.0154514,-0.0311256 
41,41,103.2688501,-0.0004062,1.016687006,43.9643003,-2.9102662,0.00266017,-0.229520617,0.9733038,0.719772487,0.694210031,0.510474636,0.0062628,-0.0425563 
47,47,104.222506,-0.0003725,1.016687873,56.3143361,-1.9103308,0.002633031,-0.245688169,0.969348917,0.554636245,0.832092925,0.670320813,-0.0033279,-0.0508378 
55,55,105.1762312,-0.0003358,1.016683089,68.9501867,-0.7962919,0.002602196,-0.261788825,0.965125179,0.359179475,0.933268506,0.806691762,-0.0132979,-0.0552651 
64,64,106.1300244,-0.0002977,1.016672447,81.9141677,0.3851933,0.002570011,-0.277818087,0.960633703,0.140656422,0.990058469,0.912006634,-0.0236043,-0.0554833 
73,73,107.0838813,-0.0002601,1.016655772,95.2255512,1.5750531,0.002538907,-0.293771426,0.955875698,-0.091076688,0.995843882,0.978658694,-0.0341774,-0.0515755 
80,80,108.0377947,-0.0002252,1.016632937,108.8761252,2.7034003,0.002511128,-0.309644284,0.950852469,-0.323523162,0.946220251,0.99989296,-0.0449163,-0.044098 
85,85,108.9917554,-0.0001947,1.016603882,122.8286182,3.6945712,0.002488471,-0.325432095,0.945565414,-0.54212799,0.840295925,0.970980612,-0.0556913,-0.0340264 
88,88,109.9457527,-0.0001705,1.01656863,137.0195066,4.4753687,0.002472085,-0.341130295,0.940016022,-0.731585849,0.681749328,0.890421388,-0.0663519,-0.0225976 
88,89,110.8997764,-0.0001542,1.016527292,151.3667473,4.9848238,0.002462384,-0.356734354,0.934205867,-0.87770501,0.479201331,0.760780224,-0.0767421,-0.0110739 
86,87,111.8538179,-0.0001465,1.016480065,165.7812367,5.1828017,0.002459108,-0.372239798,0.928136592,-0.969364964,0.245624848,0.588809628,-0.0867189,-0.0004953 
80,83,112.8078718,-0.000148,1.016427225,180.1791245,5.05503,0.002461504,-0.387642236,0.921809903,-0.999995113,-0.003126307,0.384758481,-0.0961678,0.0085002 
73,76,113.7619369,-0.0001584,1.016369099,194.4915635,4.6135877,0.002468586,-0.402937375,0.915227552,-0.968184497,-0.250237447,0.161093514,-0.1050134,0.0157338 
65,69,114.7160168,-0.0001768,1.016306047,208.6695099,3.8936133,0.002479379,-0.418121027,0.908391329,-0.877401592,-0.479756654,-0.06894673,-0.1132235,0.021414 
59,61,115.6701201,-0.0002019,1.016238435,222.683164,2.9479355,0.002493107,-0.433189112,0.901303053,-0.735113836,-0.677943691,-0.292589409,-0.1208069,0.0259742 
57,57,116.6242601,-0.000232,1.016166615,236.51744,1.8412021,0.002509259,-0.448137649,0.893964567,-0.551683137,-0.834053785,-0.498384547,-0.1278086,0.0298768 
57,57,117.5784541,-0.0002652,1.016090902,250.1657314,0.6443388,0.002527557,-0.462962748,0.886377738,-0.3393006,-0.940678002,-0.6767125,-0.1343028,0.0334409 
62,62,118.5327231,-0.0002995,1.016011562,263.6241609,-0.5705114,0.002547839,-0.477660598,0.878544452,-0.111049863,-0.993814836,-0.820066366,-0.1403853,0.036733 
69,69,119.4870902,-0.0003327,1.015928802,276.887859,-1.7346654,0.002569898,-0.49222744,0.870466626,0.11992647,-0.992782777,-0.923215374,-0.1461652,0.039538 
75,75,120.44158,-0.000363,1.015842763,289.9499619,-2.7871332,0.002593332,-0.506659564,0.862146209,0.341199352,-0.939990959,-0.983281557,-0.1517565,0.041409 
80,80,121.396218,-0.0003888,1.015753523,302.8032114,-3.6780484,0.00261744,-0.520953289,0.853585186,0.541755323,-0.84053624,-0.9996985,-0.1572696,0.041775 
82,82,122.3510288,-0.0004087,1.015661097,315.4433917,-4.3708013,0.002641187,-0.535104945,0.844785593,0.712557602,-0.701613614,-0.97400617,-0.1628043,0.0400723 
82,82,123.3060363,-0.0004218,1.015565448,327.8734845,-4.8425425,0.002663244,-0.54911087,0.835749515,0.846875909,-0.531790556,-0.909472466,-0.1684459,0.0358682 
79,81,124.2612626,-0.0004275,1.015466492,340.1074314,-5.0831103,0.002682093,-0.562967399,0.826479103,0.940332267,-0.34025759,-0.810592198,-0.1742625,0.0289537 
74,77,125.2167282,-0.0004255,1.015364114,352.1726987,-5.0928338,0.002696175,-0.576670867,0.816976567,0.99068306,-0.136187646,-0.682560175,-0.1803068,0.019394 
67,71,126.1724514,-0.0004158,1.015258169,4.1112997,-4.8798915,0.00270405,-0.590217602,0.80724419,0.997426663,0.071694155,-0.530824083,-0.1866182,0.0075406 
59,64,127.1284486,-0.0003989,1.015148494,15.9793174,-4.4579066,0.002704561,-0.603603931,0.797284325,0.961361133,0.275290342,-0.360796684,-0.193227,-0.0059858 
51,55,128.0847343,-0.0003753,1.015034911,27.8451698,-3.8443047,0.002696978,-0.616826185,0.787099395,0.884213019,0.467083865,-0.177764315,-0.2001579,-0.0203306 
42,46,129.041321,-0.0003459,1.014917227,39.7868328,-3.0597441,0.002681121,-0.629880695,0.776691901,0.768430608,0.639933123,0.013011268,-0.2074325,-0.0344546 
37,39,129.998219,-0.0003119,1.014795236,51.8880462,-2.1287315,0.002657449,-0.642763797,0.766064423,0.617200042,0.786806271,0.206030449,-0.2150705,-0.0471957 
36,36,130.9554365,-0.0002745,1.014668726,64.2332899,-1.0813433,0.002627109,-0.655471833,0.755219621,0.434707924,0.900571497,0.395190465,-0.2230886,-0.057351 
38,38,131.912979,-0.0002354,1.014537473,76.9011485,0.0442666,0.002591926,-0.668001144,0.744160246,0.226631784,0.97398051,0.573407285,-0.2314958,-0.0637878 
46,46,132.8708489,-0.0001963,1.014401252,89.9557543,1.1992624,0.002554328,-0.680348076,0.732889143,0.000772233,0.999999702,0.732363537,-0.2402861,-0.0655905 
58,58,133.829045,-0.0001591,1.014259851,103.4365141,2.3226176,0.002517164,-0.692508967,0.721409267,-0.232367798,0.97262799,0.862579629,-0.2494285,-0.0622364 
71,71,134.7875622,-0.0001258,1.014113083,117.347441,3.3423355,0.002483431,-0.704480159,0.709723682,-0.459385174,0.888237165,0.954030692,-0.2588564,-0.0537697 
83,83,135.7463918,-0.0000983,1.013960812,131.6489706,4.1809397,0.002455907,-0.716257999,0.697835568,-0.664565112,0.747230361,0.997444,-0.2684611,-0.0409121 
93,93,136.7055217,-0.0000781,1.013802979,146.2563265,4.7655695,0.002436758,-0.727838848,0.685748213,-0.831530952,0.55547842,0.986138864,-0.278093,-0.0250363 
100,99,137.6649384,-0.0000666,1.013639617,161.0478699,5.0406891,0.002427219,-0.739219113,0.673464998,-0.945790254,0.324778072,0.917872896,-0.2875752,-0.0079568 
102,101,138.6246281,-0.0000641,1.013470865,175.8835052,4.9791901,0.002427432,-0.75039526,0.660989375,-0.997420158,0.071784593,0.795908212,-0.2967267,0.008429 
98,101,139.5845795,-0.0000707,1.013296963,190.6283276,4.5874973,0.002436513,-0.761363846,0.648324837,-0.982844282,-0.184437301,0.628726819,-0.3053881,0.0225349 
90,95,140.5447847,-0.0000856,1.01311823,205.173678,3.9029004,0.00245283,-0.772121532,0.635474893,-0.905022562,-0.425363564,0.428479542,-0.3134427,0.0333716 
78,85,141.5052408,-0.0001074,1.012935037,219.4490976,2.9850005,0.002474373,-0.782665095,0.622443049,-0.77218938,-0.635392447,0.208870062,-0.3208249,0.0406366 
64,71,142.4659501,-0.0001344,1.012747779,233.4233128,1.9052146,0.002499138,-0.792991424,0.609232798,-0.595898171,-0.803060004,-0.016708354,-0.3275184,0.0446152 
52,58,143.4269195,-0.0001646,1.012556849,247.0968327,0.7377468,0.002525406,-0.803097513,0.595847618,-0.389174873,-0.921163893,-0.23632794,-0.3335474,0.0459649 
47,48,144.3881606,-0.0001961,1.012362617,260.4906316,-0.4465052,0.002551883,-0.812980456,0.582290974,-0.165208871,-0.986258602,-0.439977899,-0.3389656,0.0454715 
46,46,145.3496884,-0.0002269,1.012165415,273.6348599,-1.5833713,0.002577717,-0.822637426,0.568566325,0.063397727,-0.997988341,-0.619575906,-0.3438455,0.0438435 
53,53,146.3115205,-0.000255,1.01196553,286.5599966,-2.6171674,0.002602409,-0.832065668,0.554677135,0.285019206,-0.958521806,-0.768824825,-0.3482717,0.041575 
62,62,147.2736766,-0.0002789,1.011763198,299.291451,-3.5017281,0.002625664,-0.841262491,0.540626879,0.489252326,-0.872142283,-0.883093191,-0.3523342,0.0388851 
72,72,148.2361778,-0.0002972,1.011558602,311.8476812,-4.2011935,0.002647238,-0.850225255,0.52641905,0.66715262,-0.744921057,-0.959370642,-0.3561245,0.0357268 
79,79,149.1990454,-0.0003091,1.011351874,324.2413351,-4.6905792,0.002666795,-0.858951366,0.512057176,0.811485616,-0.584372394,-0.996258756,-0.359732,0.0318492 
83,83,150.1623011,-0.0003137,1.011143096,336.4825629,-4.9559058,0.002683819,-0.867438272,0.497544817,0.916938679,-0.399028144,-0.993922087,-0.3632403,0.0268924 
85,85,151.1259658,-0.0003109,1.010932301,348.5834597,-4.9936666,0.002697581,-0.875683455,0.482885583,0.980214074,-0.197940319,-0.953939773,-0.3667255,0.0204959 
84,85,152.0900597,-0.0003006,1.010719484,0.5625878,-4.8095963,0.002707165,-0.883684435,0.468083133,0.999951794,0.009818852,-0.879045797,-0.3702545,0.0123991 
80,82,153.0546015,-0.0002831,1.010504602,12.4487222,-4.4169487,0.002711558,-0.891438762,0.453141186,0.976489322,0.215565775,-0.772798701,-0.3738853,0.0025231 
74,77,154.0196087,-0.0002591,1.010287581,24.2832942,-3.8346671,0.002709765,-0.89894402,0.438063521,0.911523224,0.411248602,-0.63925534,-0.3776679,-0.0089749 
66,70,154.9850972,-0.0002293,1.010068321,36.1213275,-3.0858895,0.002700959,-0.906197832,0.422853981,0.807770508,0.589497079,-0.482728697,-0.3816463,-0.021673 
56,61,155.9510812,-0.000195,1.009846697,48.0308646,-2.1971605,0.002684633,-0.913197855,0.407516474,0.668730185,0.743505171,-0.307692365,-0.3858613,-0.0348809 
46,51,156.9175732,-0.0001572,1.009622561,60.0908774,-1.1985863,0.002660754,-0.919941788,0.39205498,0.49862576,0.866817369,-0.118866607,-0.3903517,-0.0476595 
36,41,157.8845836,-0.0001176,1.009395743,72.3874799,-0.1249874,0.002629889,-0.926427368,0.376473548,0.302578172,0.953124572,0.07850949,-0.3951557,-0.0588653 
31,33,158.8521204,-0.0000777,1.009166051,85.0079955,0.9821423,0.002593312,-0.932652375,0.360776311,0.087016725,0.996206851,0.278251477,-0.4003088,-0.0672298 
34,32,159.8201888,-0.0000394,1.008933275,98.032258,2.072412,0.002553032,-0.938614634,0.344967489,-0.139730608,0.990189556,0.472736399,-0.4058393,-0.0714871 
41,41,160.7887905,-0.0000045,1.008697192,111.5207381,3.0851175,0.002511745,-0.944312012,0.329051401,-0.366837966,0.930284853,0.652521031,-0.4117588,-0.0705615 
57,57,161.7579229,0.0000251,1.008457582,125.5000901,3.9502732,0.002472658,-0.949742422,0.313032478,-0.580704236,0.814114605,0.80636376,-0.4180498,-0.0638116 
74,74,162.7275789,0.0000478,1.008214244,139.9487561,4.5939462,0.002439158,-0.954903828,0.296915273,-0.765469244,0.643472483,0.922006319,-0.4246517,-0.0512877 
90,90,163.6977466,0.0000622,1.00796703,154.7878463,4.948812,0.002414358,-0.959794253,0.280704457,-0.904736715,0.425971216,0.987933118,-0.4314505,-0.0339125 
103,103,164.6684102,0.0000674,1.00771587,169.8837302,4.9682873,0.002400582,-0.964411787,0.264404815,-0.984453343,0.17564628,0.995860129,-0.4382817,-0.0134663 
111,111,165.6395515,0.0000633,1.007460804,185.0660287,4.6393529,0.002398942,-0.968754602,0.248021211,-0.996093597,-0.088303718,0.943069061,-0.4449475,0.0076977 
112,113,166.6111527,0.0000505,1.007201983,200.1576477,3.9879915,0.002409142,-0.97282097,0.231558547,-0.938748006,-0.344604383,0.833437656,-0.451248,0.0271545 
106,110,167.5831979,0.0000303,1.006939672,215.0064812,3.0741537,0.002429598,-0.976609265,0.215021729,-0.819087157,-0.573669094,0.676576786,-0.457014,0.0429424 
95,101,168.5556755,0.0000045,1.006674214,229.5073674,1.9786955,0.002457816,-0.980117972,0.198415627,-0.649350266,-0.760489469,0.485546871,-0.462129,0.0539193 
78,87,169.5285792,-0.0000249,1.006406005,243.6087596,0.7883518,0.002490906,-0.983345685,0.181745054,-0.444498234,-0.895779727,0.274291885,-0.4665357,0.0598391 
60,69,170.5019076,-0.0000557,1.006135458,257.3061888,-0.4158883,0.002526059,-0.986291096,0.165014768,-0.219740831,-0.975558285,0.0557469,-0.4702279,0.061188 
45,52,171.4756644,-0.0000858,1.005862978,270.628666,-1.5649673,0.002560891,-0.988952994,0.148229469,0.010972071,-0.999939805,-0.159071409,-0.4732366,0.058902 
38,40,172.4498567,-0.0001133,1.005588945,283.6239027,-2.6033935,0.002593616,-0.99133025,0.131393821,0.235547576,-0.971862819,-0.361202206,-0.4756155,0.0540795 
39,39,173.4244952,-0.0001366,1.005313704,296.3458957,-3.4883531,0.002623075,-0.993421813,0.114512451,0.443789162,-0.896131229,-0.543488018,-0.4774305,0.0477549 
49,49,174.3995924,-0.0001544,1.005037561,308.8462183,-4.1880764,0.002648653,-0.995226706,0.09758998,0.627232269,-0.778832254,-0.700244529,-0.4787528,0.0407517 
61,61,175.3751629,-0.0001657,1.004760779,321.1690685,-4.6804695,0.002670126,-0.996744019,0.08063101,0.778999575,-0.627024451,-0.827020782,-0.4796557,0.0336099 
71,71,176.3512224,-0.0001698,1.004483579,333.3495887,-4.9523197,0.0026875,-0.997972911,0.063640146,0.893759933,-0.44854563,-0.920493712,-0.4802128,0.0265744 
79,79,177.3277872,-0.0001664,1.00420614,345.4148073,-4.9989332,0.002700842,-0.998912603,0.046622005,0.967774282,-0.251819259,-0.978462246,-0.4804968,0.0196301 
85,85,178.3048741,-0.0001555,1.003928598,357.3864884,-4.823878,0.002710154,-0.99956238,0.029581212,0.998959844,-0.045598566,-0.999871541,-0.4805796,0.0125708 
87,87,179.2824998,-0.0001374,1.003651049,9.285118,-4.438527,0.002715282,-0.999921592,0.012522414,0.986897658,0.16134749,-0.984799817,-0.4805307,0.0050908 
86,86,180.2606807,-0.0001128,1.003373551,21.1342409,-3.8612546,0.002715894,-0.99998965,-0.004549721,0.932738228,0.360554292,-0.934368996,-0.4804167,-0.0031151 
83,84,181.2394325,-0.0000824,1.003096122,32.9644265,-3.1163445,0.002711503,-0.999766034,-0.021630491,0.839008559,0.544118221,-0.850581803,-0.4803008,-0.0122545 
77,80,182.2187701,-0.0000473,1.002818746,44.8162982,-2.2328456,0.002701553,-0.999250287,-0.038715166,0.70937027,0.704836024,-0.736126289,-0.4802431,-0.0223531 
70,74,183.1987071,-0.0000089,1.002541372,56.7422423,-1.2436939,0.00268554,-0.998442024,-0.055798975,0.548406455,0.836211911,-0.594211818,-0.4803008,-0.0331916 
60,65,184.1792558,0.0000315,1.002263919,68.8065359,-0.1853907,0.002663169,-0.997340928,-0.07287711,0.361518215,0.932365047,-0.428504982,-0.4805296,-0.0442682 
49,55,185.160427,0.0000721,1.001986271,81.0836284,0.9016057,0.002634516,-0.995946759,-0.089944722,0.154992678,0.987915619,-0.243222251,-0.4809848,-0.0547894 
37,43,186.1422292,0.0001114,1.001708281,93.6541662,1.9718389,0.002600197,-0.994259353,-0.106996908,-0.063734004,0.997966922,-0.043411245,-0.4817211,-0.0636983 
30,33,187.1246687,0.0001475,1.001429772,106.5981618,2.973566,0.002561495,-0.992278629,-0.124028714,-0.285657622,0.95833174,0.1645913,-0.482791,-0.0697488 
32,31,188.1077489,0.0001786,1.001150538,119.984691,3.8480738,0.002520439,-0.990004593,-0.141035125,-0.499768587,0.866158969,0.372614357,-0.484239,-0.0716458 
41,41,189.091469,0.0002032,1.000870351,133.8580477,4.5309748,0.002479765,-0.987437345,-0.158011045,-0.692874051,0.721058631,0.570234485,-0.4860919,-0.0682623 
59,59,190.0758237,0.0002197,1.000588977,148.2218309,4.9571392,0.002442746,-0.984577089,-0.174951293,-0.850093413,0.52663193,0.74484756,-0.4883438,-0.05893 
78,78,191.0608026,0.0002272,1.0003062,163.0250268,5.0703399,0.002412832,-0.981424143,-0.191850596,-0.956432373,0.291953963,0.88265428,-0.4909402,-0.0437494 
95,95,192.0463897,0.0002252,1.000021849,178.1566176,4.8365773,0.002393137,-0.977978944,-0.208703583,-0.999482491,0.032167542,0.970759349,-0.4937669,-0.0238038 
108,108,193.0325648,0.000214,0.999735839,193.4549553,4.2568032,0.002385866,-0.974242054,-0.225504814,-0.97255315,-0.232680836,0.999972826,-0.4966533,-0.0011328 
115,115,194.0193049,0.0001947,0.999448195,208.7329186,3.3726734,0.002391844,-0.970214159,-0.242248808,-0.876870112,-0.480727372,0.967207432,-0.4993928,0.0216182 
115,116,195.0065868,0.0001689,0.999159061,223.8116046,2.2609932,0.002410337,-0.965896066,-0.258930088,-0.721620028,-0.692289344,0.876264486,-0.5017784,0.0417896 
107,112,195.9943896,0.0001389,0.998868694,238.5502111,1.0184322,0.002439215,-0.961288682,-0.275543228,-0.521751154,-0.853097728,0.73661878,-0.503638,0.0573058 
93,100,196.9826968,0.0001069,0.998577434,252.8623617,-0.2566855,0.002475416,-0.956393008,-0.292082889,-0.294668134,-0.95559965,0.56093285,-0.5048561,0.0670408 
75,84,197.9714967,0.0000754,0.998285671,266.7169066,-1.4784237,0.002515516,-0.951210127,-0.308543828,-0.057269438,-0.998358759,0.362512702,-0.5053776,0.0708585 
56,65,198.9607827,0.0000465,0.99799381,280.1277977,-2.5799365,0.002556253,-0.945741196,-0.324920898,0.175844348,-0.984417983,0.153554731,-0.5051969,0.0694051 
41,48,199.9505524,0.0000218,0.997702249,293.1395563,-3.5138389,0.002594892,-0.939987442,-0.341209039,0.392972056,-0.919550413,-0.055629885,-0.5043421,0.063798 
35,36,200.9408073,0.0000029,0.997411367,305.8132432,-4.2491228,0.002629403,-0.933950161,-0.35740327,0.585145127,-0.810928592,-0.256667855,-0.5028597,0.0553296 
37,37,201.9315513,-0.0000093,0.997121508,318.2153267,-4.7672337,0.002658499,-0.927630719,-0.373498661,0.745654271,-0.666333031,-0.442817313,-0.5008046,0.0452437 
46,46,202.9227906,-0.0000141,0.996832988,330.4100098,-5.0588331,0.002681561,-0.92103055,-0.38949034,0.86958121,-0.493789955,-0.608584443,-0.4982347,0.0345917 
58,58,203.9145332,-0.0000111,0.996546087,342.4546986,-5.1217731,0.002698502,-0.914151161,-0.405373476,0.953478897,-0.30145977,-0.749420046,-0.495208,0.0241537 
68,68,204.9067881,-4.00E-07,0.996261051,354.3980527,-4.9601952,0.002709599,-0.906994126,-0.421143272,0.995224083,-0.097616724,-0.86155177,-0.4917833,0.0144116 
76,76,205.8995654,0.0000177,0.995978095,6.2800793,-4.5843823,0.002715323,-0.899561092,-0.436794965,0.993999048,0.109388722,-0.941943312,-0.4880206,0.0055585 
82,82,206.8928761,0.0000427,0.995697393,18.1338011,-4.0109227,0.002716182,-0.891853776,-0.452323824,0.950332286,0.311237123,-0.988337403,-0.4839824,-0.0024605 
84,84,207.8867315,0.0000738,0.995419089,29.9880334,-3.2627998,0.002712596,-0.883873969,-0.46772514,0.866129813,0.499819114,-0.999327561,-0.4797337,-0.0098808 
85,85,208.8811432,0.0001097,0.995143282,41.8707749,-2.3691707,0.002704821,-0.875623534,-0.48299423,0.744652094,0.667452814,-0.974410756,-0.4753422,-0.0170302 
83,83,209.8761228,0.0001492,0.994870037,53.8126743,-1.3647809,0.002692915,-0.867104411,-0.49812643,0.590427147,0.807090939,-0.913995312,-0.4708776,-0.0242287 
79,80,210.8716816,0.0001908,0.994599373,65.850024,-0.2891427,0.002676784,-0.858318618,-0.513117091,0.409126521,0.912477666,-0.819368796,-0.466411,-0.0316864 
72,76,211.8678299,0.0002329,0.994331273,78.0267588,0.8142869,0.002656263,-0.849268258,-0.527961576,0.207454845,0.978244595,-0.692660372,-0.4620138,-0.0394112 
62,67,212.8645772,0.0002737,0.994065676,90.3949727,1.8987007,0.002631261,-0.839955519,-0.542655256,-0.006893519,0.999976239,-0.536852112,-0.4577578,-0.0471399 
52,57,213.8619313,0.0003116,0.993802478,103.0134688,2.9142222,0.002601924,-0.830382681,-0.557193506,-0.225180098,0.974317158,-0.355897539,-0.4537145,-0.054303 
41,46,214.859898,0.0003446,0.993541537,115.9438383,3.8080606,0.002568815,-0.820552127,-0.571571699,-0.437489932,0.899223309,-0.1549873,-0.4499539,-0.0600341 
35,37,215.8584808,0.0003713,0.99328267,129.2435979,4.5250948,0.002533071,-0.810466341,-0.585785209,-0.632618796,0.774463336,0.059047073,-0.4465418,-0.0632398 
37,36,216.8576796,0.0003903,0.99302566,142.95621,5.0098296,0.002496488,-0.800127929,-0.59982939,-0.798175322,0.602425228,0.27729001,-0.4435336,-0.0627433 
45,45,217.8574905,0.0004004,0.992770262,157.0986455,5.2108609,0.002461517,-0.789539625,-0.613699585,-0.921176206,0.389145727,0.488486545,-0.440964,-0.057512 
61,61,218.8579045,0.000401,0.992516219,171.6487055,5.0886126,0.002431092,-0.778704306,-0.627391109,-0.989396157,0.145242024,0.679323493,-0.4388326,-0.0469553 
79,79,219.8589072,0.0003922,0.992263292,186.5362143,4.6257259,0.002408285,-0.767625005,-0.640899252,-0.993500106,-0.113831187,0.835589847,-0.4370887,-0.0312296 
94,94,220.8604786,0.0003745,0.992011286,201.6431459,3.8371534,0.00239581,-0.756304915,-0.654219286,-0.929499011,-0.368824605,0.944276841,-0.4356223,-0.0114357 
106,106,221.8625941,0.0003495,0.991760085,216.8159915,2.7750502,0.002395479,-0.744747386,-0.667346485,-0.80056415,-0.599247063,0.996123479,-0.4342679,0.0104306 
111,111,222.8652263,0.0003191,0.991509681,231.8888403,1.5242117,0.002407769,-0.732955904,-0.680276152,-0.617189138,-0.786814825,0.987623783,-0.4328263,0.0318327 
109,109,223.8683474,0.0002858,0.991260184,246.7102758,0.1880213,0.002431672,-0.720934066,-0.69300366,-0.395380776,-0.918517306,0.921579325,-0.4310984,0.0502585 
101,104,224.8719314,0.000252,0.991011808,261.1652869,-1.1298997,0.002464873,-0.708685552,-0.705524478,-0.153584534,-0.988135512,0.805996932,-0.4289175,0.0637718 
88,95,225.8759563,0.0002202,0.990764852,275.1863957,-2.3411665,0.002504188,-0.696214091,-0.7178342,0.090396115,-0.99590589,0.651960259,-0.4261691,0.0713392 
72,80,226.8804042,0.0001924,0.990519663,288.7535281,-3.3806858,0.002546114,-0.683523457,-0.729928547,0.321497774,-0.946910334,0.471425614,-0.422794,0.0728617 
56,64,227.8852621,0.0001703,0.990276608,301.8860816,-4.2072067,0.002587316,-0.670617451,-0.741803366,0.528232085,-0.849100032,0.275623607,-0.4187781,0.0689871 
43,49,228.8905208,0.0001551,0.990036054,314.6316516,-4.7991973,0.002624983,-0.657499909,-0.753454624,0.702546287,-0.711638051,0.07426286,-0.4141378,0.0608324 
36,38,229.8961744,0.0001475,0.989798353,327.0548246,-5.1492639,0.002657021,-0.644174702,-0.764878392,0.839191333,-0.543836287,-0.124617202,-0.4089063,0.0497206 
37,36,230.9022199,0.0001479,0.989563834,339.2278216,-5.2592727,0.002682107,-0.630645739,-0.776070842,0.934997998,-0.354652989,-0.31441666,-0.4031244,0.0369768 
43,43,231.908656,0.0001563,0.989332803,351.2235141,-5.1370778,0.002699653,-0.616916981,-0.787028232,0.988291083,-0.152580256,-0.489608583,-0.396835,0.0237912 
51,51,232.9154833,0.0001724,0.98910554,3.1106638,-4.7949189,0.002709694,-0.602992431,-0.797746907,0.998526588,0.054264658,-0.645393438,-0.3900817,0.0111342 
61,61,233.9227042,0.0001958,0.988882301,14.9510115,-4.2491411,0.002712754,-0.588876135,-0.808223297,0.966146766,0.257993074,-0.777456786,-0.3829092,-0.0002913 
68,68,234.930322,0.0002254,0.988663314,26.7978595,-3.5207468,0.002709677,-0.574572191,-0.818453906,0.892602662,0.450844194,-0.88185986,-0.3753656,-0.0100691 
74,74,235.9383415,0.0002602,0.988448779,38.6958731,-2.6362744,0.002701467,-0.560084743,-0.828435321,0.78047544,0.625186442,-0.955058917,-0.3675044,-0.0180658 
79,79,236.9467686,0.000299,0.988238861,50.6818962,-1.6285425,0.00268913,-0.545417978,-0.838164202,0.633625352,0.773640041,-0.994028046,-0.3593866,-0.0243987 
81,81,237.9556103,0.0003402,0.988033689,62.7865694,-0.5368951,0.002673546,-0.530576127,-0.847637289,0.457306401,0.889309201,-0.996447499,-0.3510816,-0.0293767 
81,81,238.9648738,0.0003821,0.987833349,75.0364774,0.5932613,0.002655379,-0.51556348,-0.856851386,0.258204035,0.966090408,-0.960916476,-0.3426668,-0.033412 
78,79,239.974567,0.000423,0.98763788,87.4564487,1.711641,0.002635055,-0.50038437,-0.865803374,0.044378765,0.999014777,-0.887156805,-0.3342268,-0.0369113 
73,76,240.9846974,0.0004611,0.987447272,100.0715255,2.7648177,0.002612792,-0.485043197,-0.874490193,-0.174877432,0.984590211,-0.776191375,-0.3258503,-0.0401601 
67,70,241.9952715,0.0004945,0.987261462,112.9080571,3.6982744,0.002588703,-0.469544429,-0.882908845,-0.389253486,0.921130677,-0.630502616,-0.3176284,-0.0432203 
58,63,243.0062947,0.0005217,0.987080334,125.9933637,4.4585897,0.002562951,-0.453892608,-0.891056396,-0.587691544,0.809085069,-0.454191578,-0.3096503,-0.0458613 
50,54,244.0177702,0.0005413,0.986903722,139.3535097,4.9958093,0.002535917,-0.438092366,-0.898929963,-0.758743014,0.651390082,-0.253154541,-0.302001,-0.0475445 
45,47,245.0296985,0.0005522,0.986731416,153.0089485,5.2663268,0.002508373,-0.422148432,-0.906526724,-0.891077418,0.453851336,-0.03526143,-0.2947556,-0.0474778 
47,45,246.0420762,0.0005537,0.986563162,166.9682238,5.236761,0.002481594,-0.406065655,-0.913843906,-0.974245157,0.225491405,0.189543552,-0.2879733,-0.0447496 
53,51,247.0548961,0.0005456,0.986398683,181.2205769,4.8891444,0.002457361,-0.389848997,-0.920878797,-0.999773098,-0.021301474,0.409376616,-0.2816876,-0.0385404 
62,62,248.0681456,0.0005284,0.98623769,195.7291502,4.2270317,0.002437843,-0.373503569,-0.927628743,-0.962553949,-0.271090197,0.610988393,-0.275895,-0.0283858 
75,75,249.0818067,0.0005033,0.986079912,210.4271746,3.2809506,0.002425312,-0.357034622,-0.934091151,-0.862273567,-0.506442786,0.780925242,-0.2705446,-0.0144314 
87,87,250.0958564,0.0004718,0.98592512,225.2195525,2.1104981,0.002421737,-0.34044755,-0.940263508,-0.704392024,-0.709811156,0.907218067,-0.2655327,0.002418 
95,95,251.1102673,0.0004362,0.985773159,239.9910907,0.8004115,0.002428354,-0.323747876,-0.946143389,-0.500134658,-0.865947645,0.981228173,-0.2607096,0.0205477 
99,99,252.1250092,0.000399,0.985623973,254.6204312,-0.5500821,0.002445324,-0.306941224,-0.951728472,-0.265212312,-0.964190038,0.999051704,-0.2558982,0.0379126 
99,99,253.1400512,0.0003626,0.985477604,268.9964274,-1.8420508,0.002471603,-0.290033286,-0.957016558,-0.017514751,-0.999846605,0.961949618,-0.2509209,0.0524696 
94,96,254.155364,0.0003294,0.985334196,283.0326659,-2.9908476,0.002505076,-0.273029776,-0.962005583,0.225506533,-0.974241656,0.875655914,-0.2456253,0.0626025 
84,89,255.1709209,0.0003013,0.985193966,296.6766744,-3.9348647,0.002542885,-0.255936413,-0.966693619,0.448955262,-0.893554236,0.748889178,-0.2399006,0.0673918 
74,79,256.1866992,0.0002798,0.985057183,309.9125277,-4.637495,0.002581861,-0.238758893,-0.97107888,0.641617357,-0.767024881,0.591649812,-0.2336805,0.0666744 
62,68,257.2026797,0.0002658,0.984924144,322.7577669,-5.0837629,0.002618937,-0.22150289,-0.975159715,0.796084048,-0.605186078,0.413818166,-0.2269372,0.0609339 
50,56,258.2188472,0.00026,0.98479515,335.2567863,-5.2744702,0.002651464,-0.204174047,-0.978934604,0.908192755,-0.418552171,0.224305814,-0.2196699,0.0511088 
42,46,259.2351892,0.0002624,0.984670502,347.4729269,-5.2203745,0.002677421,-0.18677799,-0.982402149,0.976193627,-0.216900904,0.03075243,-0.2118937,0.0383922 
39,40,260.251696,0.0002727,0.984550486,359.4808725,-4.9378323,0.002695505,-0.169320331,-0.985561072,0.999958954,-0.00906036,-0.160383842,-0.2036317,0.0240649 
39,39,261.2683601,0.0002904,0.984435376,11.3601457,-4.4463344,0.002705151,-0.151806664,-0.988410207,0.980408426,0.196975427,-0.343525055,-0.19491,0.0093697 
42,42,262.2851756,0.0003148,0.984325429,23.1898697,-3.7677641,0.002706474,-0.134242583,-0.9909485,0.919204977,0.393779394,-0.513611549,-0.1857556,-0.0045791 
49,49,263.302139,0.0003448,0.984220888,35.0446344,-2.9269484,0.002700183,-0.116633659,-0.993175004,0.81870497,0.574214396,-0.665783942,-0.1761979,-0.0168638 
56,56,264.319248,0.000379,0.984121975,46.9912075,-1.9529918,0.002687444,-0.098985464,-0.995088879,0.682110584,0.731249035,-0.795176815,-0.1662707,-0.0268154 
63,63,265.3365026,0.0004162,0.984028892,59.0859033,-0.8808429,0.002669731,-0.081303544,-0.996689387,0.51375235,0.857938531,-0.896868115,-0.1560162,-0.0340538 
70,70,266.3539044,0.0004546,0.983941814,71.3725714,0.2474879,0.002648645,-0.063593432,-0.997975889,0.319412988,0.947615609,-0.966010098,-0.1454888,-0.0385073 
75,75,267.3714571,0.0004924,0.983860878,83.8813269,1.3826375,0.002625744,-0.045860637,-0.998947847,0.106588127,0.994303259,-0.9981453,-0.1347578,-0.0404029 
79,79,268.3891655,0.0005278,0.983786178,96.6282523,2.4689901,0.002602378,-0.028110662,-0.999604817,-0.115426964,0.99331597,-0.9896787,-0.1239084,-0.0402148 
80,80,269.4070357,0.0005591,0.983717755,109.6162962,3.4473561,0.002579574,-0.010348995,-0.999946448,-0.335719498,0.941962005,-0.938437201,-0.1130406,-0.0385668 
79,80,270.4250744,0.0005844,0.983655588,122.8374256,4.2590145,0.002557988,0.00741888,-0.99997248,-0.542257153,0.84021258,-0.844212398,-0.1022645,-0.036099 
76,78,271.4432875,0.0006023,0.98359959,136.2757767,4.8505093,0.002537936,0.025187455,-0.999682746,-0.722674993,0.691188003,-0.709171064,-0.0916943,-0.0333213 
71,73,272.4616798,0.0006117,0.983549611,149.9111734,5.1784072,0.00251951,0.042951201,-0.999077171,-0.865249205,0.501342012,-0.538042852,-0.0814404,-0.0304901 
65,68,273.4802537,0.0006119,0.983505439,163.7221092,5.2133532,0.002502741,0.060704541,-0.998155779,-0.959913524,0.28029632,-0.338050501,-0.0716021,-0.0275418 
60,62,274.4990085,0.0006027,0.983466808,177.6872717,4.9431222,0.002487791,0.078441844,-0.996918691,-0.999185455,0.040353763,-0.118607371,-0.0622602,-0.0241083 
56,58,275.5179395,0.0005844,0.983433416,191.7850045,4.3746963,0.002475099,0.09615741,-0.99536614,-0.978920876,-0.204239855,0.10916294,-0.05347,-0.0196196 
57,56,276.5370373,0.0005581,0.983404934,205.9907005,3.5354569,0.00246545,0.113845458,-0.993498471,-0.898865185,-0.438225261,0.333044408,-0.045255,-0.0134822 
59,59,277.5562878,0.0005252,0.983381033,220.2728492,2.4732683,0.002459925,0.131500132,-0.991316153,-0.762974739,-0.646428301,0.540483537,-0.0376012,-0.0052951 
66,66,278.5756716,0.0004876,0.983361403,234.5891264,1.2547557,0.002459733,0.149115493,-0.988819786,-0.579435857,-0.815017845,0.719502908,-0.0304529,0.0049481 
74,74,279.5951649,0.0004476,0.983345778,248.884276,-0.03912,0.002465941,0.166685539,-0.986010107,-0.36025283,-0.932854704,0.859755229,-0.023714,0.0167386 
81,81,280.6147402,0.0004074,0.983333957,263.0913642,-1.3205728,0.002479172,0.184204219,-0.982887992,-0.120286469,-0.992739223,0.953594187,-0.0172552,0.0290664 
87,87,281.6343675,0.0003695,0.983325821,277.1371151,-2.5047216,0.002499359,0.20166546,-0.979454462,0.124244264,-0.992251663,0.996921095,-0.0109284,0.040582 
90,90,282.6540162,0.0003359,0.983321337,290.9506327,-3.5193216,0.002525617,0.2190632,-0.975710671,0.357563423,-0.933888858,0.989534312,-0.0045852,0.0498638 
89,90,283.6736564,0.0003083,0.983320554,304.4734351,-4.3118269,0.002556291,0.23639142,-0.971657911,0.566024074,-0.824388711,0.934827048,0.0019063,0.0557014 
85,88,284.6932603,0.0002878,0.983323588,317.6681355,-4.852044,0.002589142,0.253644163,-0.967297596,0.739256691,-0.673423748,0.838909317,0.0086495,0.0573082 
79,82,285.7128028,0.0002753,0.983330607,330.5236674,-5.1304019,0.002621622,0.270815554,-0.962631256,0.870559029,-0.492063997,0.709437109,0.0157159,0.0544175 
71,75,286.7322618,0.0002709,0.983341812,343.0563138,-5.1533529,0.00265118,0.2878998,-0.957660538,0.956591655,-0.291431649,0.554495135,0.0231478,0.0472659 
61,66,287.7516184,0.0002745,0.98335742,355.3071566,-4.9379161,0.002675526,0.304891201,-0.952387188,0.996647614,-0.081814022,0.381787714,0.030965,0.0365048 
52,57,288.7708564,0.0002857,0.983377655,7.3372947,-4.5069717,0.002692837,0.321784139,-0.946813059,0.991811524,0.127710221,0.198231512,0.0391728,0.0230817 
43,47,289.7899621,0.0003037,0.983402743,19.2221712,-3.8861419,0.002701895,0.338573078,-0.9409401,0.944249041,0.329232058,0.009909658,0.0477684,0.0081239 
37,40,290.8089238,0.0003275,0.983432905,31.0458981,-3.1024307,0.002702159,0.355252557,-0.934770357,0.856754443,0.515724563,-0.177719828,0.0567454,-0.0071638 
36,36,291.8277322,0.0003559,0.983468361,42.8959123,-2.1843959,0.002693786,0.371817196,-0.928305969,0.732591462,0.680668605,-0.359478626,0.0660958,-0.0215867 
37,37,292.84638,0.0003875,0.983509322,54.8578727,-1.1634486,0.002677602,0.388261693,-0.921549162,0.575606649,0.817726718,-0.53008936,0.075809,-0.0340408 
43,43,293.8648622,0.0004207,0.983555995,67.0105122,-0.0757758,0.002655022,0.404580826,-0.914502245,0.390562235,0.920576526,-0.683855308,0.0858694,-0.0435948 
52,52,294.883176,0.0004539,0.983608572,79.4201967,1.0357378,0.002627932,0.420769456,-0.907167606,0.183604856,0.983000131,-0.81449056,0.0962508,-0.0495757 
62,62,295.9013217,0.0004854,0.983667227,92.1352414,2.1203701,0.002598509,0.436822539,-0.899547703,-0.037258367,0.999305666,-0.915198411,0.1069108,-0.0516527 
71,71,296.9193019,0.0005131,0.983732105,105.1805463,3.1200977,0.002569006,0.452735114,-0.891645062,-0.26186151,0.96510546,-0.979085419,0.1177848,-0.049901 
80,80,297.937122,0.0005355,0.983803304,118.5537339,3.972574,0.002541511,0.468502309,-0.883462272,-0.477982734,0.878369231,-0.999942091,0.1287822,-0.0448183 
86,86,298.9547894,0.0005509,0.983880863,132.2243851,4.616761,0.002517713,0.48411933,-0.875001985,-0.672035815,0.740518645,-0.973300813,0.1397873,-0.0372667 
89,89,299.972313,0.000558,0.983964748,146.1377477,5.0004515,0.002498732,0.499581453,-0.866266917,-0.830379559,0.557198158,-0.897524557,0.1506658,-0.028328 
90,90,300.9897013,0.0005562,0.984054845,160.2231332,5.0879146,0.002485048,0.514883994,-0.857259863,-0.941017458,0.338358012,-0.77457557,0.1612758,-0.0190962 
87,89,302.0069618,0.000545,0.984150959,174.40541,4.8655204,0.002476559,0.530022304,-0.847983701,-0.99523661,0.097488928,-0.610166622,0.1714828,-0.0104587 
81,84,303.0240993,0.000525,0.984252824,188.6164818,4.3438465,0.002472751,0.544991742,-0.838441412,-0.988713325,-0.149819765,-0.413225502,0.1811729,-0.0029331 
72,77,304.0411146,0.0004969,0.984360116,202.8034077,3.5561304,0.002472937,0.559787664,-0.828636091,-0.921840102,-0.387570414,-0.194879885,0.1902632,0.0033896 
63,68,305.0580043,0.0004623,0.984472472,216.9311088,2.5541583,0.002476486,0.574405424,-0.818570955,-0.799358542,-0.600854326,0.032686018,0.1987074,0.008784 
55,59,306.0747601,0.000423,0.984589516,230.9796295,1.4030578,0.002482997,0.588840365,-0.808249358,-0.629596652,-0.776922169,0.257214922,0.2064971,0.0137347 
52,53,307.091369,0.000381,0.984710875,244.9376392,0.1760095,0.00249236,0.603087833,-0.797674787,-0.423604438,-0.905847272,0.467100847,0.2136604,0.0187351 
54,54,308.1078133,0.0003385,0.984836205,258.7947041,-1.050863,0.002504707,0.617143182,-0.786850871,-0.194325021,-0.980937198,0.651924927,0.2202586,0.024096 
60,60,309.1240716,0.0002978,0.984965203,272.5348539,-2.2036276,0.002520262,0.631001791,-0.775781374,0.044227116,-0.999021502,0.802929663,0.2263804,0.0298133 
69,69,310.1401196,0.0002609,0.985097626,286.1333784,-3.215803,0.002539143,0.644659084,-0.764470186,0.277874321,-0.960617438,0.913497596,0.232135,0.035526 
79,79,311.155931,0.0002294,0.985233294,299.5578026,-4.0333413,0.00256117,0.658110546,-0.752921317,0.493301364,-0.869858474,0.979581817,0.237642,0.0405739 
85,85,312.1714789,0.0002045,0.985372101,312.7727472,-4.6184437,0.002585723,0.671351743,-0.741138878,0.679092228,-0.734052958,0.999944937,0.2430214,0.0441347 
89,89,313.1867366,0.0001873,0.985514004,325.7472105,-4.9512715,0.002611706,0.684378339,-0.729127074,0.826562347,-0.56284517,0.976067018,0.2483831,0.045398 
89,90,314.2016788,0.000178,0.985659022,338.4621405,-5.0291339,0.002637597,0.697186108,-0.71689018,0.930175191,-0.367115941,0.911687035,0.2538206,0.0437294 
86,88,315.2162818,0.0001766,0.98580722,350.9163193,-4.8635317,0.002661587,0.709770945,-0.704432542,0.987458814,-0.15787682,0.812083145,0.2594067,0.0387865 
80,83,316.2305244,0.0001827,0.985958701,3.1294191,-4.4760633,0.00268177,0.722128866,-0.691758557,0.998508771,0.054591515,0.683287859,0.265195,0.0305737 
71,76,317.2443878,0.0001957,0.986113592,15.1421336,-3.894355,0.002696341,0.734256016,-0.67887267,0.965280803,0.261214418,0.531431908,0.2712222,0.0194409 
61,66,318.2578555,0.0002145,0.986272039,27.0140246,-3.1489174,0.002703791,0.746148663,-0.665779372,0.890895372,0.454208583,0.362337686,0.2775133,0.0060451 
51,56,319.270913,0.0002379,0.986434201,38.8199483,-2.271382,0.002703062,0.757803192,-0.652483197,0.779119757,0.62687511,0.181393962,0.2840861,-0.0087084 
40,45,320.2835482,0.0002647,0.986600243,50.6457122,-1.2941748,0.002693678,0.769216109,-0.638988715,0.634113802,0.773239734,-0.006320912,0.2909549,-0.0237322 
32,36,321.2957512,0.0002934,0.986770341,62.5831961,-0.2514162,0.002675824,0.78038404,-0.625300528,0.460460146,0.887680378,-0.19573126,0.2981323,-0.0378288 
30,30,322.3075141,0.0003224,0.986944676,74.7247587,0.8193287,0.002650393,0.791303725,-0.611423269,0.26345622,0.964671353,-0.381348624,0.3056291,-0.0497711 
33,33,323.3188318,0.0003499,0.987123435,87.156501,1.8749943,0.002618968,0.801972027,-0.59736159,0.04960805,0.998768763,-0.556841827,0.3134509,-0.0584021 
43,43,324.3297019,0.0003743,0.987306804,99.9500039,2.86543,0.002583752,0.812385923,-0.583120152,-0.172788772,0.984958903,-0.714720551,0.3215922,-0.0627608 
57,57,325.3401256,0.0003939,0.987494962,113.1526676,3.7333506,0.002547412,0.822542519,-0.568703617,-0.393182472,0.919460463,-0.846309792,0.3300279,-0.0622321 
71,71,326.3501075,0.0004069,0.987688065,126.7778457,4.417029,0.002512831,0.832439038,-0.554116637,-0.598713939,0.800962933,-0.942219742,0.3387035,-0.0567005 
84,84,327.3596559,0.0004121,0.987886226,140.7974005,4.8565644,0.002482787,0.84207282,-0.539363854,-0.774915813,0.632064461,-0.993448267,0.3475279,-0.046661 
95,95,328.3687826,0.0004086,0.988089497,155.1403333,5.0033406,0.00245959,0.851441316,-0.524449889,-0.907340177,0.420397196,-0.993024177,0.3563718,-0.0332259 
102,101,329.3775011,0.0003958,0.988297843,169.7004904,4.8304037,0.002444759,0.86054207,-0.509379373,-0.983886568,0.178793794,-0.937749655,0.3650762,-0.0179774 
105,104,330.3858257,0.000374,0.988511135,184.3532857,4.3400628,0.002438834,0.869372708,-0.494156954,-0.997114971,-0.075906087,-0.829355021,0.3734703,-0.0026735 
101,104,331.3937692,0.0003441,0.988729147,198.9770806,3.5654538,0.002441375,0.877930913,-0.478787334,-0.945648733,-0.325189903,-0.67451745,0.3813943,0.0111114 
93,98,332.4013415,0.0003075,0.988951567,213.4722428,2.5653711,0.002451162,0.886214426,-0.463275286,-0.834153113,-0.551532941,-0.483726941,0.3887205,0.0222891 
80,87,333.4085479,0.0002661,0.989178025,227.7720668,1.4146859,0.002466525,0.894221028,-0.447625685,-0.672081671,-0.740477027,-0.269533026,0.395366,0.0304022 
65,72,334.4153889,0.0002222,0.989408115,241.8437586,0.1940219,0.002485709,0.901948546,-0.431843513,-0.471877548,-0.881664097,-0.044868348,0.4012948,0.0355853 
50,57,335.4218601,0.0001778,0.989641423,255.6816431,-1.0185011,0.002507166,0.909394867,-0.41593386,-0.247309461,-0.968936546,0.178111563,0.4065136,0.0383888 
43,45,336.4279523,0.0001351,0.989877548,269.2965766,-2.1525358,0.00252973,0.916557935,-0.399901929,-0.012276746,-0.999924638,0.388619442,0.4110624,0.0395443 
44,44,337.4336525,0.0000961,0.990116123,282.7052972,-3.1483621,0.002552656,0.923435773,-0.383753012,0.219936395,-0.975514214,0.577453653,0.415006,0.0397416 
52,52,338.4389446,0.0000624,0.990356819,295.9222227,-3.958392,0.002575543,0.93002649,-0.367492488,0.437150657,-0.899388294,0.737080133,0.4184258,0.0394645 
64,64,339.4438101,0.0000352,0.990599362,308.9549367,-4.5481164,0.002598186,0.936328291,-0.351125806,0.628708969,-0.777640683,0.861727706,0.4214137,0.0389043 
75,75,340.448229,0.0000154,0.990843528,321.803583,-4.896719,0.002620405,0.942339487,-0.33465847,0.785895564,-0.61835925,0.947519583,0.4240665,0.0379539 
84,84,341.4521806,0.0000035,0.991089154,334.4635984,-4.9971492,0.002641885,0.948058501,-0.318096022,0.902311587,-0.431084447,0.992570418,0.4264806,0.0362692 
90,90,342.455644,-7.00E-07,0.991336127,346.9306242,-4.8553205,0.002662066,0.953483871,-0.301444037,0.974096972,-0.226130692,0.9969515,0.4287477,0.0333756 
91,91,343.4585992,0.0000027,0.991584386,359.2061451,-4.4883015,0.002680111,0.958614261,-0.284708095,0.999904016,-0.013854938,0.962466862,0.4309508,0.0287939 
90,91,344.4610272,0.000013,0.991833918,11.3025016,-3.9217163,0.00269493,0.963448454,-0.267893779,0.980606102,0.195988959,0.89225921,0.4331619,0.022158 
84,87,345.4629102,0.0000291,0.992084744,23.2463542,-3.1868612,0.002705279,0.967985357,-0.251006671,0.918816326,0.394685392,0.790332083,0.4354415,0.0133066 
78,81,346.4642326,0.0000501,0.992336918,35.0802555,-2.318136,0.002709893,0.972224001,-0.234052329,0.818347819,0.574723278,0.661102069,0.4378398,0.0023406 
68,73,347.4649803,0.0000744,0.992590522,46.8624457,-1.3512753,0.002707648,0.976163535,-0.217036294,0.683752209,0.729714271,0.509079492,0.4403986,-0.0103537 
57,63,348.4651411,0.0001007,0.992845659,58.665187,-0.3226361,0.002697726,0.979803227,-0.199964086,0.520038186,0.854143012,0.338737166,0.4431546,-0.0241096 
45,51,349.4647046,0.0001275,0.993102453,70.5718729,0.7304492,0.002679768,0.98314246,-0.182841196,0.33262413,0.943059483,0.154586781,0.4461416,-0.0380062 
33,39,350.4636628,0.0001531,0.993361046,82.6728827,1.7684585,0.00265401,0.986180729,-0.165673079,0.127534044,0.991834194,-0.038548608,0.4493927,-0.0509144 
27,29,351.4620097,0.0001759,0.993621602,95.0598257,2.7480173,0.002621385,0.98891764,-0.148465151,-0.088195877,0.996103151,-0.235105064,0.4529397,-0.0615687 
30,28,352.459742,0.0001941,0.993884298,107.8176195,3.620459,0.00258357,0.991352904,-0.131222783,-0.305988088,0.952035341,-0.428270907,0.4568099,-0.0686728 
39,39,353.4568596,0.0002064,0.994149327,121.0139902,4.3316079,0.002542965,0.993486339,-0.113951284,-0.515247358,0.857041516,-0.609552192,0.4610195,-0.071055 
55,55,354.4533664,0.0002113,0.994416884,134.6867834,4.8240792,0.002502563,0.995317859,-0.096655883,-0.703230722,0.710961709,-0.768656728,0.4655624,-0.0678755 
73,73,355.4492704,0.0002076,0.994687153,148.8311085,5.0432947,0.002465685,0.996847475,-0.079341734,-0.855645395,0.517562517,-0.894012259,0.4703974,-0.0588654 
90,90,356.4445845,0.0001949,0.994960278,163.3904359,4.9474012,0.002435595,0.998075286,-0.06201389,-0.958274873,0.285848331,-0.974157035,0.4754364,-0.0445331 
103,103,357.4393254,0.000173,0.99523634,178.2569284,4.519119,0.002415012,0.99900147,-0.044677326,-0.999537276,0.030417646,-0.999898187,0.4805405,-0.0262367 
111,111,358.4335131,0.0001426,0.995515327,193.2845203,3.7751203,0.002405659,0.999626276,-0.027336948,-0.97324099,-0.229786803,-0.966595597,0.4855304,-0.0060284 
113,114,359.4271683,0.0001051,0.995797115,208.3130229,2.7679809,0.002407962,0.999950022,-0.009997633,-0.880369574,-0.474288323,-0.875583815,0.4902099,0.0137406 
108,112,0.4203104,0.0000623,0.996081472,223.1956697,1.5786126,0.002421029,0.999973093,0.007335735,-0.729020362,-0.68449201,-0.734021998,0.4943984,0.0309336 
97,103,1.4129554,0.0000166,0.996368071,237.8205934,0.3019384,0.002442903,0.99969594,0.024658224,-0.532572101,-0.846384639,-0.553280509,0.4979573,0.0440638 
80,89,2.4051146,-0.0000296,0.996656523,252.1203608,-0.9683284,0.002471013,0.999119088,0.041964842,-0.307018437,-0.951703567,-0.34668607,0.500804,0.0524971 
62,71,3.3967939,-0.0000741,0.996946406,266.0697111,-2.1507722,0.00250266,0.998243145,0.059250515,-0.068542698,-0.997648184,-0.127533447,0.5029107,0.0563952 
45,53,4.3879942,-0.0001149,0.997237294,279.6757774,-3.1814978,0.002535414,0.997068806,0.076510103,0.168072644,-0.985774612,0.092158274,0.5042933,0.0564849 
38,40,5.3787123,-0.0001502,0.997528782,292.9658118,-4.0146634,0.002567359,0.995596861,0.093738415,0.390181797,-0.920737838,0.302155266,0.5049979,0.0537702 
39,39,6.3689414,-0.0001788,0.997820497,305.9760292,-4.620577,0.002597177,0.993828198,0.110930219,0.587446733,-0.809262835,0.494049424,0.5050881,0.0492755 
50,50,7.3586718,-0.0001998,0.998112104,318.7433692,-4.9832282,0.002624097,0.991763806,0.128080258,0.751763497,-0.659432821,0.661111502,0.5046374,0.0438599 
63,63,8.3478922,-0.000213,0.998403313,331.3006579,-5.0982242,0.002647773,0.989404779,0.145183272,0.877151678,-0.480213426,0.798139106,0.5037234,0.0381119 
73,73,9.3365896,-0.0002181,0.998693879,343.674915,-4.9713188,0.00266811,0.986752314,0.162234003,0.95968232,-0.2810869,0.901366896,0.5024255,0.0323148 
82,82,10.3247504,-0.0002156,0.998983604,355.888201,-4.6172928,0.002685091,0.983807708,0.179227213,0.997426038,-0.071702847,0.968424323,0.5008226,0.02647 
87,87,11.3123605,-0.000206,0.999272334,7.9602224,-4.058833,0.002698635,0.980572364,0.196157689,0.990364451,0.138485574,0.998289021,0.4989924,0.0203637 
89,89,12.299406,-0.0001904,0.999559959,19.911857,-3.3251744,0.002708498,0.977047783,0.213020257,0.940217667,0.34057413,0.991186776,0.4970093,0.013662 
88,89,13.2858733,-0.0001697,0.999846412,31.7688042,-2.4504884,0.002714234,0.973235564,0.229809786,0.850179478,0.526492977,0.948418142,0.4949435,0.0060176 
84,87,14.2717497,-0.0001454,1.000131663,43.5647225,-1.4722054,0.002715217,0.969137399,0.246521199,0.724596329,0.689173534,0.872129288,0.4928603,-0.0028265 
78,81,15.2570235,-0.0001189,1.000415721,55.3434234,-0.4295704,0.002710721,0.964755073,0.263149479,0.568656272,0.822575251,0.765074273,0.4908201,-0.0129489 
70,74,16.2416842,-0.0000917,1.000698627,67.1598894,0.6372803,0.002700042,0.960090458,0.279689671,0.388160853,0.921591641,0.630429194,0.4888787,-0.0241857 
60,65,17.2257226,-0.0000655,1.000980453,79.0799869,1.6875551,0.002682651,0.955145509,0.296136887,0.189438424,0.981892603,0.471715879,0.4870893,-0.036092 
48,54,18.2091315,-0.0000418,1.001261301,91.1787225,2.6793703,0.00265836,0.949922261,0.312486316,-0.020571137,0.999788392,0.29287921,0.4855036,-0.0479332 
36,42,19.1919052,-0.0000223,1.001541305,103.5367495,3.5688869,0.002627483,0.944422823,0.328733221,-0.234068994,0.972219989,0.098540909,0.484173,-0.0587051 
30,32,20.1740404,-0.0000084,1.001820627,116.2346663,4.3095279,0.002590982,0.938649374,0.344872951,-0.44204865,0.896991076,-0.10558073,0.4831481,-0.0671929 
32,30,21.1555364,-0.0000014,1.002099456,129.3446005,4.852098,0.002550555,0.932604154,0.360900944,-0.633983058,0.773346935,-0.312153594,0.4824748,-0.0720799 
40,40,22.1363959,-0.0000026,1.002378006,142.9189295,5.1469183,0.00250865,0.926289456,0.376812744,-0.797783174,0.602944447,-0.51178099,0.4821872,-0.0721232 
57,57,23.1166259,-0.0000127,1.002656505,156.9770262,5.1491166,0.002468352,0.919707612,0.392604011,-0.920348109,0.39110019,-0.692903657,0.4822948,-0.0664025 
76,76,24.0962381,-0.0000319,1.002935174,171.4927358,4.8275498,0.002433116,0.912860985,0.408270525,-0.988997116,0.147934802,-0.842419462,0.4827667,-0.0546161 
93,93,25.0752494,-0.0000599,1.003214201,186.3872279,4.1760399,0.002406325,0.90575196,0.423808196,-0.993792743,-0.111247403,-0.947277286,0.4835178,-0.0373445 
106,106,26.0536815,-0.0000956,1.00349371,201.5323184,3.223064,0.002390739,0.898382934,0.439213051,-0.93021069,-0.367025982,-0.99688801,0.4844039,-0.0161501 
113,113,27.0315597,-0.0001374,1.003773724,216.7665971,2.0345128,0.002387973,0.890756322,0.454481216,-0.80108046,-0.598556678,-0.985600251,0.4852331,0.0066077 
114,115,28.0089102,-0.000183,1.00405415,231.9211045,0.7059629,0.002398155,0.882874574,0.469608866,-0.616745971,-0.787162249,-0.914167708,0.4857955,0.0282507 
107,111,28.9857581,-0.0002299,1.004334776,246.8463377,-0.6538782,0.002419924,0.874740188,0.484592203,-0.393198434,-0.919453637,-0.789506536,0.4858995,0.0463914 
94,101,29.9621252,-0.0002755,1.004615294,261.4319019,-1.941987,0.002450748,0.866355735,0.499427413,-0.148984787,-0.988839488,-0.622927373,0.4854019,0.059425 
77,86,30.938028,-0.0003175,1.00489533,275.6143806,-3.0750051,0.002487451,0.857723872,0.514110648,0.097832688,-0.995202876,-0.427730964,0.4842203,0.06673 
59,68,31.9134781,-0.000354,1.005174479,289.3744357,-3.9950921,0.002526766,0.848847356,0.52863803,0.331740251,-0.943370768,-0.21710483,0.4823295,0.0685737 
45,51,32.8884823,-0.0003836,1.005452334,302.7273454,-4.6688078,0.00256577,0.839729037,0.543005657,0.540641884,-0.841252847,-0.002812366,0.4797465,0.06584 
39,40,33.8630431,-0.0004055,1.005728507,315.7114317,-5.0823324,0.002602157,0.830371869,0.557209619,0.715832068,-0.698272476,0.205322672,0.4765152,0.0597179 
40,40,34.8371601,-0.0004191,1.006002641,328.3774326,-5.2360523,0.002634329,0.820778891,0.571246017,0.851520483,-0.52432134,0.399393561,0.472693,0.0514389 
48,48,35.8108301,-0.0004245,1.006274412,340.7802697,-5.1402091,0.002661365,0.810953235,0.585110973,0.944263066,-0.329191831,0.573139436,0.4683431,0.0420926 
59,59,36.7840483,-0.0004218,1.006543533,352.9735412,-4.8120914,0.002682905,0.800898114,0.598800644,0.992489767,-0.122327681,0.721633288,0.4635303,0.0325196 
69,69,37.7568083,-0.0004119,1.006809758,5.0065052,-4.274535,0.002698989,0.79061682,0.612311231,0.996184796,0.087268847,0.841036151,0.4583199,0.0232648 
75,75,38.729103,-0.0003955,1.007072873,16.923108,-3.5552282,0.002709887,0.780112719,0.62563899,0.956696263,0.291088063,0.928446965,0.4527775,0.0145784 
80,80,39.700924,-0.0003737,1.007332708,28.7625748,-2.6863202,0.002715937,0.769389254,0.638780225,0.876621171,0.481181174,0.981831927,0.4469698,0.006453 
83,83,40.672263,-0.0003479,1.007589129,40.561087,-1.7039687,0.002717412,0.758449929,0.651731313,0.759713112,0.650258401,0.999998117,0.4409647,-0.0013092 
82,82,41.6431112,-0.0003196,1.00784204,52.3540873,-0.6476583,0.002714437,0.747298319,0.664488692,0.610779852,0.791800463,0.982577211,0.4348309,-0.0090089 
80,80,42.61346,-0.0002902,1.008091389,64.1787657,0.4406922,0.002706958,0.735938054,0.677048876,0.435564735,0.900157409,0.929999226,0.428638,-0.0169494 
76,77,43.5833012,-0.0002614,1.00833716,76.0763011,1.5176772,0.00269477,0.72437282,0.689408455,0.240629533,0.970617034,0.843457084,0.422455,-0.0253365 
69,73,44.5526273,-0.0002348,1.00857938,88.0934561,2.5392076,0.002677599,0.712606349,0.701564103,0.033269328,0.999446423,0.724883667,0.4163509,-0.0341886 
61,65,45.5214317,-0.000212,1.008818114,100.2831359,3.4610359,0.002655231,0.700642421,0.713512577,-0.178512616,0.983937623,0.576978357,0.4103942,-0.0432685 
51,56,46.4897092,-0.0001945,1.009053467,112.703516,4.2390351,0.002627672,0.688484848,0.725250725,-0.385962654,0.922514406,0.403324803,0.4046533,-0.0520447 
42,46,47.4574565,-0.0001835,1.009285582,125.4153117,4.8295046,0.002595324,0.676137468,0.736775492,-0.579498986,0.81497296,0.208631126,0.3991961,-0.0596914 
37,39,48.4246721,-0.0001802,1.009514644,138.4767758,5.1900518,0.002559139,0.663604142,0.748083914,-0.748687074,0.662923575,-0.000909381,0.3940885,-0.0651379 
39,38,49.3913576,-0.0001855,1.009740872,151.9361666,5.281833,0.002520732,0.650888737,0.759173137,-0.882424005,0.470454966,-0.217203074,0.3893901,-0.067181 
46,46,50.3575181,-0.0001996,1.009964515,165.8219224,5.0739738,0.002482409,0.637995111,0.770040414,-0.969539138,0.244936441,-0.429950272,0.3851453,-0.0646743 
60,60,51.323163,-0.0002225,1.010185842,180.1317521,4.5505527,0.002447059,0.6249271,0.780683111,-0.999997356,-0.002299506,-0.626720633,0.3813704,-0.0567949 
76,76,52.2883069,-0.0002535,1.01040512,194.823214,3.71932,0.002417878,0.611688503,0.791098714,-0.966719813,-0.255837456,-0.793724077,0.3780373,-0.0433503 
90,90,53.2529698,-0.0002912,1.010622581,209.8094931,2.6194251,0.002397927,0.598283069,0.801284824,-0.8676831,-0.497117731,-0.917453001,0.3750605,-0.0250342 
101,101,54.2171768,-0.0003337,1.010838392,224.9639136,1.3238589,0.002389585,0.584714498,0.811239148,-0.707551995,-0.706661286,-0.98698721,0.3722937,-0.0034964 
106,106,55.1809564,-0.0003787,1.01105262,240.1343709,-0.0670748,0.002394051,0.570986464,0.820959474,-0.497967611,-0.867195628,-0.996265233,0.3695442,0.0188807 
106,106,56.1443383,-0.0004233,1.011265214,255.1649311,-1.44116,0.002411049,0.557102638,0.830443647,-0.256037471,-0.966666857,-0.945401501,0.3666035,0.0394799 
99,102,57.1073514,-0.0004652,1.011476009,269.9185198,-2.6934301,0.002438869,0.543066717,0.83968955,-0.001422097,-0.999998989,-0.840460995,0.3632833,0.056039 
88,94,58.070021,-0.0005021,1.011684741,284.2941989,-3.7417516,0.00247471,0.528882472,0.848695075,0.2469009,-0.969040735,-0.691838541,0.3594434,0.0670967 
74,81,59.0323681,-0.0005323,1.011891084,298.2352189,-4.5339793,0.002515205,0.514553753,0.857458124,0.4730924,-0.881012815,-0.512000126,0.3550019,0.0721498 
60,67,59.9944086,-0.0005546,1.012094681,311.7279095,-5.0466704,0.00255695,0.500084512,0.865976605,0.665593973,-0.746314052,-0.313437272,0.34993,0.0715414 
49,54,60.9561542,-0.0005685,1.012295168,324.7942366,-5.2787409,0.002596922,0.485478784,0.874248449,0.817086911,-0.57651451,-0.107338556,0.3442381,0.0662006 
43,45,61.9176127,-0.0005738,1.012492196,337.48161,-5.2439352,0.002632736,0.470740694,0.882271613,0.923756657,-0.382979947,0.096957514,0.3379599,0.0573577 
43,43,62.8787888,-0.0005709,1.01268544,349.8527686,-4.9646148,0.002662745,0.455874437,0.890044098,0.984358283,-0.176178235,0.29193738,0.331141,0.0463072 
46,46,63.8396848,-0.0005602,1.012874602,1.9773154,-4.4677621,0.002686026,0.440884278,0.897563955,0.999404566,0.034503814,0.471591141,0.3238316,0.0342418 
52,52,64.8003014,-0.0005428,1.013059412,13.9254186,-3.7830353,0.002702291,0.425774532,0.904829292,0.970609812,0.240658666,0.631015948,0.3160829,0.0221489 
59,59,65.7606372,-0.0005197,1.013239633,25.7635879,-2.9422764,0.002711745,0.410549573,0.91183828,0.900595184,0.434658849,0.766077545,0.3079467,0.0107551 
65,65,66.7206898,-0.0004921,1.013415056,37.5521921,-1.9797972,0.002714935,0.395213821,0.918589155,0.792798476,0.609483861,0.87319018,0.2994768,0.0005068 
70,70,67.6804556,-0.0004615,1.013585505,49.3443679,-0.9328709,0.002712586,0.37977174,0.925080227,0.651511135,0.758639072,0.949227521,0.2907303,-0.0084212 
73,73,68.6399298,-0.0004294,1.013750837,61.1860229,0.1580002,0.002705452,0.364227837,0.931309875,0.481967432,0.876189132,0.991549546,0.2817694,-0.0160902 
75,75,69.599107,-0.0003974,1.013910947,73.1166922,1.2492994,0.002694198,0.348586656,0.937276557,0.290423429,0.956898235,0.998116014,0.2726619,-0.0227349 
75,75,70.5579811,-0.0003673,1.014065773,85.1710152,2.2952749,0.002679325,0.332852772,0.942978808,0.084181939,0.996450401,0.967651803,0.2634816,-0.0286794 
73,74,71.5165459,-0.0003404,1.014215295,97.3805576,3.2492079,0.002661144,0.317030786,0.948415247,-0.128459082,0.99171481,0.899831963,0.2543076,-0.034236 
70,72,72.4747952,-0.0003184,1.01435954,109.7756306,4.0649893,0.002639813,0.301125317,0.953584576,-0.338337708,0.941024758,0.795464645,0.2452225,-0.0396013 
64,67,73.4327235,-0.0003026,1.014498584,122.386674,4.6988228,0.002615435,0.285140991,0.958485584,-0.535630405,0.844452527,0.656665389,0.2363113,-0.0447641 
58,61,74.3903265,-0.0002941,1.014632553,135.2447083,5.1109881,0.002588194,0.269082432,0.96311715,-0.710120351,0.704080312,0.487030913,0.2276594,-0.0494422 
53,55,75.3476014,-0.0002937,1.014761619,148.3803533,5.2677973,0.002558521,0.25295425,0.967478241,-0.85154721,0.524277932,0.291825006,0.2193502,-0.0530632 
49,51,76.3045478,-0.0003018,1.014886004,161.8209929,5.1440843,0.002527256,0.236761029,0.971567916,-0.950086426,0.311986832,0.078172956,0.2114614,-0.0548055 
50,49,77.2611684,-0.0003184,1.015005971,175.58589,4.7266318,0.002495756,0.220507312,0.975385322,-0.997033829,0.076964566,-0.144783142,0.2040592,-0.0537111 
55,53,78.2174696,-0.0003431,1.015121815,189.6794901,4.0187067,0.00246593,0.204197584,0.978929695,-0.985763719,-0.168136521,-0.365884403,0.1971894,-0.0488751 
61,61,79.1734626,-0.0003748,1.015233849,204.083836,3.0451791,0.002440135,0.187836256,0.982200357,-0.912949337,-0.40807292,-0.572294353,0.1908643,-0.039699 
71,71,80.1291636,-0.0004118,1.01534238,218.75189,1.8566027,0.002420916,0.171427657,0.985196711,-0.779863836,-0.625949198,-0.75037332,0.18505,-0.026159 
82,82,81.0845945,-0.0004521,1.015447681,233.6043075,0.5296342,0.002410618,0.15497602,0.987918232,-0.593358373,-0.804938408,-0.887169648,0.1796569,-0.0090011 
90,90,82.0397814,-0.0004932,1.015549955,248.5322523,-0.838734,0.002410924,0.138485508,0.99036446,-0.365977428,-0.930623727,-0.972339236,0.1745413,0.0102458 
95,95,82.9947542,-0.0005326,1.015649312,263.4075935,-2.1435887,0.002422455,0.121960217,0.99253499,-0.114805496,-0.99338799,-0.999974041,0.1695214,0.0294997 
96,96,83.9495436,-0.000568,1.01574575,278.0992713,-3.2881641,0.002444573,0.105404229,0.994429459,0.140888641,-0.99002545,-0.969660214,0.1644051,0.0465539 
92,94,84.9041795,-0.0005973,1.015839163,292.4918495,-4.1980652,0.002475442,0.088821639,0.996047547,0.382552004,-0.923933961,-0.88630326,0.1590199,0.0595477 
86,89,85.8586891,-0.0006192,1.015929356,306.5010349,-4.8288295,0.00251234,0.072216592,0.997388973,0.594837306,-0.803846117,-0.75879013,0.1532354,0.0673047 
76,81,86.8130955,-0.0006327,1.016016072,320.0822064,-5.1654952,0.002552095,0.0555933,0.998453497,0.766965908,-0.641687849,-0.598057311,0.1469707,0.0694474 
66,71,87.7674177,-0.0006376,1.016099022,333.2309695,-5.2164372,0.002591532,0.038956052,0.999240925,0.892829396,-0.450395015,-0.415272022,0.1401896,0.0663099 
57,61,88.7216707,-0.0006339,1.016177905,345.9775159,-5.0051757,0.002627827,0.022309204,0.999751119,0.970200716,-0.242302642,-0.220597931,0.1328898,0.0587399 
49,53,89.6758662,-0.0006224,1.016252426,358.3777891,-4.5631409,0.002658742,0.005657172,0.999983998,0.999599216,-0.028309139,-0.022653781,0.1250894,0.0478776 
44,46,90.6300127,-0.0006037,1.016322305,10.5041291,-3.9247908,0.002682731,-0.010995574,0.999939547,0.983241772,0.182306385,0.171484056,0.1168178,0.0349667 
43,43,91.5841166,-0.000579,1.016387278,22.4370066,-3.1251893,0.002698966,-0.027644528,0.999617817,0.924299712,0.381667449,0.355969753,0.1081089,0.0212128 
44,44,92.5381822,-0.0005496,1.016447103,34.2584263,-2.1994843,0.002707277,-0.044285148,0.999018932,0.82650697,0.562926485,0.525772232,0.0989981,0.0076862 
48,48,93.4922118,-0.0005168,1.01650156,46.0469326,-1.1835547,0.002708056,-0.060912863,0.998143088,0.694068906,0.719908573,0.676294042,0.0895228,-0.0047437 
53,53,94.4462062,-0.0004822,1.016550449,57.8739006,-0.1151397,0.002702131,-0.077523077,0.996990558,0.531784406,0.846879771,0.803105572,0.0797238,-0.0154511 
59,59,95.4001643,-0.0004472,1.016593595,69.8008095,0.9651291,0.002690612,-0.094111168,0.995561695,0.34528494,0.938497901,0.901837392,0.0696477,-0.0240771 
65,65,96.3540838,-0.0004136,1.016630856,81.87735,2.0132692,0.002674741,-0.110672502,0.99385693,0.141292594,0.98996788,0.968249233,0.0593504,-0.0305315 
70,70,97.3079604,-0.0003828,1.016662121,94.1403999,2.9824123,0.002655736,-0.127202416,0.991876779,-0.072200733,0.997390121,0.998472209,0.048899,-0.0349678 
73,73,98.2617888,-0.0003565,1.016687324,106.6140263,3.8243664,0.002634673,-0.143696243,0.989621842,-0.285922961,0.958252608,0.989393766,0.0383724,-0.0377258 
75,75,99.2155629,-0.000336,1.016706448,119.3106786,4.4922043,0.002612397,-0.160149312,0.987092801,-0.489544977,0.871978048,0.939123545,0.0278614,-0.0392418 
75,76,100.1692759,-0.0003224,1.016719529,132.2335642,4.9435581,0.002589501,-0.176556953,0.984290426,-0.672154442,0.740410971,0.847452971,0.0174654,-0.0399365 
73,74,101.1229217,-0.0003166,1.016726664,145.3798807,5.1441303,0.002566366,-0.192914526,0.981215565,-0.822936921,0.568132753,0.716217186,0.0072887,-0.0400989 
71,72,102.0764948,-0.0003191,1.01672801,158.744208,5.0709458,0.002543268,-0.209217416,0.977869149,-0.931971226,0.362532253,0.549493717,-0.0025646,-0.0397912 
66,69,103.0299917,-0.0003299,1.016723783,172.321087,4.7150576,0.002520529,-0.225461061,0.97425218,-0.991032445,0.133621457,0.353620223,-0.0119964,-0.0388015 
62,64,103.9834115,-0.0003485,1.016714251,186.1057951,4.0836716,0.002498665,-0.241640962,0.970365728,-0.994327191,-0.106364642,0.137057576,-0.0209212,-0.0366637 
58,60,104.936757,-0.0003739,1.016699727,200.0926204,3.2017716,0.002478515,-0.2577527,0.966210922,-0.939138507,-0.343538738,-0.089865395,-0.0292733,-0.0327556 
58,58,105.890035,-0.0004049,1.016680555,214.2705405,2.1131475,0.002461285,-0.273791947,0.961788943,-0.826387931,-0.563101223,-0.31532617,-0.0370155,-0.0264677 
58,58,106.8432571,-0.0004394,1.016657089,228.6170329,0.8802521,0.002448475,-0.28975447,0.957101012,-0.661088843,-0.750307631,-0.526566746,-0.0441484,-0.0174174 
63,63,107.7964402,-0.0004754,1.016629668,243.0916846,-0.4181922,0.00244169,-0.305636148,0.952148384,-0.452564132,-0.891731858,-0.710741089,-0.0507176,-0.0056568 
70,70,108.749606,-0.0005105,1.016598596,257.6320363,-1.6929633,0.002442347,-0.321432954,0.94693234,-0.214189198,-0.976792193,-0.85610865,-0.0568165,0.0081974 
78,78,109.7027803,-0.0005424,1.016564104,272.1542463,-2.8537126,0.002451339,-0.337140943,0.941454186,0.037589833,-0.999293252,-0.953461887,-0.0625804,0.022976 
85,85,110.6559917,-0.0005691,1.016526343,286.5601188,-3.8204184,0.002468768,-0.352756235,0.935715255,0.28502125,-0.958521198,-0.99744593,-0.0681708,0.0371369 
89,89,111.6092698,-0.0005889,1.016485362,300.7497879,-4.5337668,0.002493805,-0.368274975,0.929716915,0.511289905,-0.859408304,-0.987301715,-0.073754,0.0490655 
90,91,112.5626434,-0.0006008,1.016441122,314.6368152,-4.961145,0.002524747,-0.383693312,0.92346058,0.702610418,-0.711574733,-0.926698134,-0.0794794,0.0573951 
88,89,113.5161392,-0.0006042,1.016393505,328.1612323,-5.0966727,0.002559233,-0.399007373,0.916947717,0.849535948,-0.527530733,-0.822689208,-0.0854639,0.0612429 
82,85,114.4697807,-0.0005991,1.016342338,341.2970362,-4.9562224,0.00259456,-0.414213248,0.910179864,0.947193692,-0.320661988,-0.684200259,-0.091787,0.0603064 
74,78,115.423588,-0.0005859,1.016287409,354.0531243,-4.5700466,0.002628011,-0.42930699,0.903158629,0.994618386,-0.103606304,-0.520569552,-0.0984932,0.0548297 
64,69,116.3775779,-0.0005655,1.016228491,6.4689991,-3.975689,0.002657142,-0.444284618,0.895885695,0.993632961,0.112665608,-0.340520334,-0.1056002,0.0454891 
54,59,117.3317641,-0.0005389,1.016165353,18.6076284,-3.212829,0.002679992,-0.459142123,0.888362826,0.947725935,0.319085493,-0.151677207,-0.1131077,0.0332506 
45,49,118.2861575,-0.0005073,1.016097766,30.5476096,-2.320515,0.002695204,-0.473875474,0.880591866,0.861207127,0.508254153,0.039459538,-0.1210054,0.0192355 
38,41,119.2407669,-0.0004721,1.016025508,42.3759194,-1.336457,0.002702091,-0.488480634,0.872574736,0.738738675,0.673991966,0.227248825,-0.1292784,0.0046087 
36,36,120.1955987,-0.0004348,1.015948368,54.1816586,-0.2977291,0.002700626,-0.502953554,0.86431344,0.585217281,0.810876522,0.406514365,-0.1379089,-0.0095108 
37,37,121.1506574,-0.000397,1.015866145,66.0506499,0.7578052,0.002691397,-0.517290186,0.855810063,0.405928903,0.913904659,0.572145766,-0.1468768,-0.0221246 
42,42,122.1059453,-0.0003601,1.015778651,78.0605454,1.7899854,0.002675519,-0.531486478,0.847066776,0.20687795,0.978366758,0.718789143,-0.1561571,-0.0324208 
51,51,123.0614626,-0.0003259,1.015685715,90.2761942,2.7553633,0.002654507,-0.545538384,0.838085838,-0.004820479,0.999988381,0.840705857,-0.1657157,-0.0398349 
60,60,124.0172073,-0.0002957,1.015587188,102.7453328,3.6073022,0.002630117,-0.559441858,0.828869596,-0.220617985,0.975360295,0.931869429,-0.1755055,-0.0440994 
69,69,124.973175,-0.000271,1.015482957,115.4950936,4.2976359,0.002604167,-0.573192859,0.819420494,-0.430433804,0.902622147,0.986348669,-0.1854617,-0.0452711 
77,77,125.9293592,-0.000253,1.015372946,128.5302224,4.780081,0.002578351,-0.586787357,0.809741068,-0.62292736,0.782279684,0.998969886,-0.1954992,-0.0437189 
83,83,126.885752,-0.0002426,1.01525714,141.8340054,5.0151036,0.002554074,-0.600221346,0.799833943,-0.786223784,0.617941876,0.966159184,-0.2055135,-0.0400594 
86,86,127.8423441,-0.0002404,1.015135586,155.3724896,4.9753586,0.00253234,-0.613490846,0.789701831,-0.909036128,0.416717311,0.886767767,-0.2153842,-0.0350384 
87,87,128.7991266,-0.0002464,1.015008403,169.1015965,4.6504254,0.002513722,-0.626591931,0.779347517,-0.981963981,0.189068081,0.762640447,-0.2249837,-0.0293767 
85,86,129.7560914,-0.0002602,1.014875785,182.9755361,4.0496536,0.002498421,-0.639520738,0.768773846,-0.99865179,-0.051909561,0.598751817,-0.234187,-0.0236185 
79,82,130.7132326,-0.0002809,1.014737992,196.9541595,3.202542,0.002486404,-0.652273479,0.757983712,-0.956538367,-0.291606503,0.402891629,-0.2428823,-0.0180235 
71,76,131.6705477,-0.0003071,1.014595347,211.0070399,2.1568626,0.002477577,-0.664846465,0.746980038,-0.857104012,-0.515143391,0.185040743,-0.2509812,-0.01254 
62,66,132.6280379,-0.0003369,1.014448211,225.1131239,0.9752448,0.002471954,-0.6772361,0.735765767,-0.705709303,-0.708501503,-0.043359335,-0.2584261,-0.0068686 
54,58,133.5857095,-0.0003683,1.01429697,239.2562426,-0.269114,0.002469758,-0.689438902,0.724343841,-0.511199447,-0.859462114,-0.270105303,-0.2651957,-0.0006033 
51,52,134.5435733,-0.0003992,1.014142011,253.4180721,-1.4973722,0.002471436,-0.701451487,0.712717203,-0.285386081,-0.958412638,-0.482892684,-0.271308,0.0065856 
53,53,135.501645,-0.0004273,1.013983699,267.5709563,-2.6307397,0.002477561,-0.713270572,0.700888786,-0.042382112,-0.999101475,-0.670029107,-0.2768204,0.0147801 
60,60,136.4599446,-0.0004507,1.013822355,281.6732268,-3.5970016,0.002488652,-0.724892966,0.688861516,0.202329702,-0.979317462,-0.821281489,-0.2818266,0.023702 
71,71,137.4184953,-0.0004677,1.013658236,295.6691326,-4.3373276,0.002504958,-0.736315547,0.676638319,0.433173577,-0.901310519,-0.928813675,-0.2864478,0.0327012 
81,81,138.3773228,-0.0004772,1.013491527,309.4941452,-4.8120633,0.002526264,-0.747535255,0.664222133,0.635999368,-0.771689577,-0.988005247,-0.2908208,0.0408507 
88,88,139.3364532,-0.0004785,1.013322331,323.0845084,-5.0039095,0.002551783,-0.758549066,0.651615925,0.799522288,-0.600636422,-0.997861143,-0.2950834,0.047123 
92,92,140.2959123,-0.0004714,1.013150675,336.3882731,-4.9174902,0.002580153,-0.769353981,0.638822708,0.91628077,-0.400536579,-0.96081612,-0.2993607,0.0505914 
91,92,141.2557245,-0.0004562,1.012976518,349.3746036,-4.5755475,0.00260955,-0.779947016,0.62584555,0.982853716,-0.184387019,-0.881971619,-0.3037558,0.0505986 
87,90,142.2159117,-0.0004337,1.01279977,2.0391011,-4.0131516,0.002637873,-0.790325193,0.612687595,0.999366777,0.035581516,-0.768024388,-0.3083457,0.0468572 
80,84,143.1764932,-0.0004048,1.012620301,14.4046085,-3.2717308,0.002662968,-0.800485542,0.599352065,0.968563155,0.248767793,-0.626221311,-0.3131827,0.0394725 
70,75,144.1374856,-0.0003708,1.012437959,26.5184114,-2.394344,0.00268285,-0.810425099,0.585842264,0.894790934,0.446485368,-0.463591033,-0.318299,0.0289079 
59,64,145.098903,-0.0003331,1.012252578,38.4473508,-1.422862,0.002695888,-0.820140921,0.572161576,0.783179856,0.621795234,-0.286550508,-0.3237123,0.0159159 
47,53,146.060757,-0.0002932,1.012063981,50.2721775,-0.3970284,0.00270095,-0.82963008,0.55831347,0.639141358,0.769089282,-0.10085799,-0.3294319,0.0014585 
36,41,147.023057,-0.0002526,1.011871992,62.0818899,0.6450243,0.0026975,-0.838889674,0.544301493,0.468209132,0.883617682,0.088178617,-0.3354625,-0.0133721 
29,32,147.9858101,-0.0002128,1.01167643,73.9682065,1.6653831,0.002685654,-0.84791683,0.530129276,0.276170719,0.961108596,0.275342004,-0.341806,-0.0274297 
29,28,148.9490212,-0.0001754,1.011477113,86.0199206,2.6246959,0.002666185,-0.856708707,0.515800534,0.069409636,0.997588243,0.455092708,-0.3484619,-0.0395933 
34,34,149.9126931,-0.000142,1.011273863,98.316762,3.4808834,0.002640484,-0.865262502,0.501319062,-0.144645683,0.989483515,0.621203433,-0.3554237,-0.0488538 
46,46,150.8768255,-0.0001139,1.011066509,110.9225894,4.1889157,0.002610472,-0.873575443,0.486688756,-0.35710629,0.934063754,0.766557613,-0.3626742,-0.0544149 
59,59,151.8414154,-0.0000923,1.010854891,123.8782722,4.7023714,0.00257844,-0.881644798,0.471913604,-0.55743031,0.830223734,0.883249408,-0.3701784,-0.0558019 
72,72,152.8064567,-0.0000783,1.010638879,137.1954358,4.977305,0.002546836,-0.889467878,0.456997695,-0.733675738,0.679499751,0.963110822,-0.3778763,-0.0529611 
84,84,153.7719403,-0.0000725,1.010418387,150.8530345,4.9783655,0.002518002,-0.897042042,0.441945218,-0.873373279,0.48705145,0.998702609,-0.3856781,-0.0463171 
93,93,154.7378546,-0.0000751,1.010193387,164.7988962,4.6861132,0.0024939,-0.904364702,0.426760454,-0.965011443,0.26220777,0.984622193,-0.3934633,-0.0367491 
99,98,155.7041861,-0.0000858,1.00996393,178.9573565,4.1034582,0.002475884,-0.91143334,0.411447769,-0.999834429,0.018196558,0.918769366,-0.4010875,-0.0254611 
100,100,156.6709212,-0.0001036,1.009730153,193.24189,3.2588305,0.002464568,-0.918245515,0.396011582,-0.973411691,-0.22906261,0.803119473,-0.4083961,-0.0137592 
96,99,157.6380475,-0.0001272,1.009492282,207.5693167,2.204622,0.002459846,-0.924798881,0.380456344,-0.886451559,-0.462821385,0.643706078,-0.4152419,-0.0027933 
88,93,158.6055553,-0.0001547,1.009250621,221.871255,1.0112722,0.002461046,-0.931091189,0.364786509,-0.744646501,-0.667459054,0.449853738,-0.421502,0.0066559 
75,82,159.5734388,-0.0001839,1.009005536,236.0996885,-0.2410236,0.00246718,-0.937120298,0.349006515,-0.557749621,-0.830009253,0.232999854,-0.42709,0.0142762 
60,68,160.5416968,-0.0002127,1.008757429,250.2260044,-1.470624,0.002477207,-0.942884168,0.333120767,-0.338310855,-0.941034412,0.005509844,-0.4319617,0.020188 
47,53,161.510333,-0.0002388,1.008506717,264.2351501,-2.6012219,0.002490251,-0.948380864,0.317133626,-0.100445934,-0.994942518,-0.220268727,-0.4361143,0.0248011 
43,44,162.4793558,-0.0002603,1.008253807,278.1176973,-3.5667409,0.002505705,-0.953608542,0.301049413,0.14120702,-0.989980089,-0.432689145,-0.4395821,0.0286192 
46,46,163.448778,-0.0002757,1.007999077,291.8626078,-4.3147519,0.002523239,-0.958565444,0.284872409,0.372382181,-0.928079474,-0.621336927,-0.4424303,0.0320509 
57,57,164.4186157,-0.0002836,1.00774286,305.4527833,-4.8088821,0.002542692,-0.963249889,0.26860687,0.580031857,-0.814593792,-0.77752111,-0.4447478,0.0352734 
70,70,165.3888877,-0.0002835,1.007485432,318.8644425,-5.0303051,0.002563925,-0.967660264,0.252257037,0.753155283,-0.657842777,-0.89474391,-0.4466391,0.0381742 
81,81,166.3596146,-0.000275,1.007227009,332.070216,-4.9780117,0.002586655,-0.971795017,0.235827149,0.883522267,-0.468389158,-0.969061417,-0.4482166,0.0403756 
89,89,167.3308177,-0.0002583,1.006967738,345.0448095,-4.6674946,0.002610323,-0.975652652,0.219321461,0.966127946,-0.258063541,-0.999204166,-0.449592,0.0413257 
93,93,168.3025181,-0.0002342,1.006707705,357.7714733,-4.1278149,0.002634034,-0.979231722,0.202744259,0.99924368,-0.038885322,-0.986374885,-0.4508692,0.040428 
93,93,169.2747358,-0.0002036,1.006446941,10.2475391,-3.3975253,0.002656566,-0.982530833,0.186099874,0.98404834,0.17790128,-0.933750429,-0.4521387,0.0371743 
89,91,170.2474894,-0.0001676,1.006185428,22.4878802,-2.5203011,0.002676457,-0.985548638,0.169392689,0.923960461,0.382487995,-0.845817303,-0.453475,0.0312527 
82,86,171.2207957,-0.0001278,1.00592311,34.5259764,-1.5411667,0.00269214,-0.988283843,0.152627145,0.82386931,0.566779816,-0.727710743,-0.4549364,0.022616 
73,78,172.1946692,-0.0000856,1.0056599,46.4129237,-0.5039296,0.002702102,-0.990735209,0.135807751,0.689456181,0.724327394,-0.584699239,-0.4565673,0.0115079 
61,67,173.1691225,-0.0000425,1.005395691,58.215014,0.5499661,0.002705056,-0.992901554,0.118939074,0.526733068,0.850030749,-0.421892212,-0.4584019,-0.0015436 
49,55,174.1441661,-3.00E-07,1.005130357,70.010429,1.5813071,0.002700094,-0.994781759,0.102025746,0.341849094,0.93975486,-0.244186053,-0.4604673,-0.015756 
36,43,175.1198084,0.0000396,1.004863758,81.8853032,2.5520676,0.002686824,-0.996374767,0.08507246,0.141155176,0.989987483,-0.056422785,-0.4627874,-0.0301371 
26,30,176.0960557,0.0000757,1.00459574,93.9290684,3.4239455,0.002665473,-0.997679594,0.068083972,-0.068521446,0.997649644,0.136286399,-0.4653844,-0.0435423 
24,24,177.072912,0.0001066,1.004326137,106.2287338,4.1570689,0.002636957,-0.998695327,0.051065104,-0.279472658,0.960153651,0.328138383,-0.4682778,-0.05475 
30,30,178.0503787,0.000131,1.004054774,118.8617099,4.7095788,0.002602892,-0.999421127,0.034020745,-0.482697213,0.875787303,0.512212729,-0.4714823,-0.062564 
44,44,179.0284541,0.0001479,1.003781469,131.8870756,5.0389154,0.002565549,-0.999856239,0.016955862,-0.667664642,0.744462173,0.680191656,-0.4750002,-0.065952 
60,60,180.0071332,0.0001564,1.003506046,145.3359626,5.1055948,0.002527706,-0.999999992,-0.000124498,-0.822501196,0.56876338,0.82243038,-0.4788127,-0.0642196 
77,77,180.9864067,0.0001562,1.003228347,159.202917,4.8797964,0.002492396,-0.999851808,-0.017215194,-0.934843754,0.355059369,0.928592801,-0.4828687,-0.0571985 
91,91,181.9662615,0.0001476,1.002948256,173.4412585,4.349946,0.002462564,-0.999411204,-0.034311001,-0.993455274,0.114221796,0.988951267,-0.4870759,-0.0453932 
102,102,182.9466811,0.0001311,1.002665724,187.9655922,3.5308634,0.002440656,-0.998677806,-0.051406619,-0.990351468,-0.138578391,0.996165877,-0.4912993,-0.0300109 
108,108,183.9276465,0.0001081,1.002380787,202.6628603,2.4679164,0.002428251,-0.997651344,-0.068496688,-0.922788044,-0.385307963,0.947013051,-0.4953701,-0.0128085 
108,109,184.9091379,0.0000806,1.002093588,217.4098881,1.2342895,0.00242583,-0.996331661,-0.085575826,-0.794309788,-0.607512931,0.843384411,-0.4991066,0.0042391 
102,106,185.8911373,0.0000508,1.001804368,232.09225,-0.0787171,0.002432772,-0.994718706,-0.102638672,-0.614391928,-0.789000988,0.692129157,-0.5023409,0.0193546 
90,97,186.8736296,0.0000211,1.001513458,246.6187019,-1.3751428,0.002447574,-0.99281253,-0.119679909,-0.396848305,-0.91788421,0.503848269,-0.5049418,0.0313066 
73,82,187.8566044,-0.0000061,1.001221249,260.927792,-2.5669516,0.002468223,-0.990613279,-0.136694299,-0.157679092,-0.987490407,0.291183311,-0.5068281,0.039573 
56,64,188.8400562,-0.0000288,1.000928166,274.9867631,-3.5824353,0.002492603,-0.988121186,-0.153676682,0.086925592,-0.996214807,0.067201967,-0.5079692,0.0442939 
42,48,189.8239845,-0.0000451,1.000634637,288.7853211,-4.3697248,0.002518825,-0.985336561,-0.170621984,0.322023158,-0.946731792,-0.155767934,-0.508378,0.0460758 
40,40,190.8083935,-0.000054,1.000341073,302.3274979,-4.8966798,0.002545423,-0.98225979,-0.187525212,0.534757953,-0.845005285,-0.36681144,-0.5080995,0.0457393 
45,45,191.7932907,-0.0000547,1.000047852,315.6241802,-5.1489809,0.002571411,-0.978891328,-0.204381426,0.714767891,-0.699361754,-0.556743538,-0.5072008,0.0440876 
57,57,192.7786866,-0.0000469,0.999755311,328.6877974,-5.1277685,0.00259622,-0.9752317,-0.221185737,0.854348166,-0.519701079,-0.718236948,-0.5057622,0.0417386 
70,70,193.7645942,-0.0000307,0.999463735,341.5296767,-4.8473983,0.00261956,-0.971281496,-0.237933302,0.948487878,-0.316813424,-0.845868261,-0.503872,0.0390342 
80,80,194.7510274,-0.0000069,0.999173359,354.1598748,-4.3333099,0.002641253,-0.967041373,-0.254619289,0.994809693,-0.101753004,-0.936113855,-0.5016215,0.0360243 
87,87,195.7380012,0.0000238,0.998884365,6.5888605,-3.6197902,0.002661077,-0.96251206,-0.271238888,0.993395093,0.114744016,-0.987277797,-0.4991012,0.032512 
90,90,196.7255305,0.00006,0.998596884,18.8302279,-2.7474934,0.002678644,-0.957694354,-0.287787289,0.946479109,0.32276508,-0.999325386,-0.496398,0.0281414 
90,90,197.7136302,0.0001005,0.998310997,30.9036312,-1.7608039,0.00269334,-0.952589127,-0.304259683,0.858032358,0.513595632,-0.973618739,-0.4935924,0.0225068 
87,87,198.7023138,0.0001436,0.998026743,42.837302,-0.7053253,0.00270433,-0.94719733,-0.320651242,0.733287364,0.67991885,-0.912584656,-0.4907562,0.015264 
81,83,199.691594,0.0001877,0.99774412,54.6697631,0.3741478,0.002710623,-0.941519991,-0.336957129,0.578288247,0.815832522,-0.81937053,-0.4879525,0.0062247 
72,77,200.6814819,0.0002313,0.997463094,66.4505764,1.4348928,0.002711179,-0.935558226,-0.353172488,0.399539981,0.91671577,-0.697551705,-0.4852361,-0.004574 
62,67,201.6719873,0.0002727,0.997183599,78.24011,2.4366493,0.002705058,-0.929313235,-0.369292447,0.203810744,0.979010307,-0.550945134,-0.4826548,-0.0168285 
51,57,202.6631179,0.0003104,0.996905546,90.1083197,3.341232,0.002691573,-0.922786311,-0.385312112,-0.001890534,0.999998213,-0.383566864,-0.4802524,-0.0299542 
39,45,203.6548798,0.000343,0.996628819,102.1324515,4.1116482,0.002670456,-0.915978842,-0.401226571,-0.210172332,0.977664355,-0.199751508,-0.4780702,-0.0430959 
29,33,204.6472773,0.0003692,0.996353279,114.3934115,4.7111694,0.002642004,-0.908892308,-0.417030902,-0.412999707,0.910731158,-0.00443078,-0.4761489,-0.0551617 
27,26,205.6403122,0.000388,0.996078763,126.9704166,5.1029707,0.002607195,-0.901528296,-0.432720154,-0.601402585,0.798946137,0.196461353,-0.4745279,-0.0648889 
33,30,206.6339837,0.0003984,0.995805089,139.933545,5.2511131,0.002567764,-0.893888501,-0.448289356,-0.765298385,0.64367568,0.39553847,-0.4732419,-0.0709537 
44,44,207.6282876,0.0004001,0.995532054,153.3341468,5.1237091,0.002526186,-0.885974737,-0.463733508,-0.893639012,0.448786493,0.583624254,-0.4723135,-0.07214 
61,61,208.6232158,0.0003928,0.995259452,167.1939135,4.6988663,0.002485554,-0.877788941,-0.47904757,-0.975125814,0.221652086,0.749772762,-0.4717418,-0.0675723 
78,78,209.6187556,0.0003772,0.994987085,181.4947422,3.9730937,0.002449302,-0.869333193,-0.494226467,-0.999659723,-0.026085214,0.881929381,-0.4714875,-0.0569882 
93,93,210.6148894,0.0003542,0.994714794,196.1728614,2.9701762,0.002420781,-0.860609714,-0.509265079,-0.960425724,-0.278536224,0.96840048,-0.4714606,-0.0409741 
105,105,211.6115951,0.0003256,0.994442486,211.1209484,1.7466694,0.002402733,-0.851620876,-0.524158261,-0.856078173,-0.516846361,0.999963334,-0.4715166,-0.0210452 
110,110,212.6088476,0.0002936,0.994170167,226.2001106,0.3897857,0.002396793,-0.84236919,-0.53890087,-0.692141781,-0.721761564,0.971996846,-0.4714685,0.0005405 
109,110,213.6066208,0.0002607,0.993897954,241.2598182,-0.9939815,0.002403184,-0.832857288,-0.553487794,-0.480838526,-0.876809165,0.885773041,-0.4711139,0.021237 
101,106,214.6048901,0.0002296,0.993626079,256.1602234,-2.296379,0.002420714,-0.823087901,-0.567913996,-0.239207593,-0.970968448,0.748315447,-0.4702693,0.0387839 
88,95,215.6036343,0.0002028,0.993354868,270.7902798,-3.424469,0.002447083,-0.813063835,-0.582174544,0.013792547,-0.999904878,0.570904946,-0.4687982,0.0516699 
71,80,216.6028371,0.000182,0.993084708,285.0773453,-4.3113874,0.002479389,-0.802787951,-0.596264627,0.260122741,-0.965575559,0.366915148,-0.466623,0.059322 
55,63,217.6024874,0.0001689,0.992816014,298.9877445,-4.9189509,0.002514653,-0.792263154,-0.610179559,0.484622529,-0.874723387,0.149789758,-0.4637218,0.0620127 
43,48,218.6025793,0.0001643,0.992549201,312.5207282,-5.2341676,0.002550234,-0.781492386,-0.623914778,0.675856892,-0.737032877,-0.068331312,-0.4601148,0.0605943 
42,42,219.6031105,0.0001684,0.992284663,325.6992898,-5.2631513,0.002584078,-0.770478637,-0.637465819,0.826091309,-0.563536289,-0.277250584,-0.4558501,0.0561916 
46,46,220.6040825,0.0001811,0.992022764,338.560767,-5.0252127,0.002614792,-0.759224936,-0.650828316,0.93080575,-0.365514235,-0.468803922,-0.4509906,0.049939 
55,55,221.6054991,0.0002018,0.991763827,351.1490084,-4.5484319,0.002641598,-0.747734365,-0.663997981,0.988091837,-0.15386527,-0.636663994,-0.4456065,0.0427983 
65,65,222.607366,0.0002297,0.991508132,3.5088298,-3.8668378,0.002664195,-0.736010061,-0.676970597,0.998125378,0.06120236,-0.776062519,-0.439771,0.0354558 
74,74,223.6096903,0.0002634,0.991255921,15.6827997,-3.0187355,0.002682591,-0.724055217,-0.689742011,0.962772938,0.270311432,-0.883545919,-0.433558,0.0282865 
80,80,224.61248,0.0003017,0.991007389,27.7100404,-2.0455938,0.002696921,-0.711873088,-0.702308128,0.885312154,0.464997193,-0.956801205,-0.4270416,0.0213711 
82,82,225.6157437,0.0003431,0.990762691,39.6265907,-0.9910406,0.002707297,-0.699466992,-0.714664906,0.770217334,0.637781513,-0.994541666,-0.4202954,0.0145539 
83,83,226.6194902,0.0003858,0.990521938,51.4668507,0.100255,0.002713692,-0.686840313,-0.726808354,0.622967322,0.782247861,-0.996423351,-0.4133918,0.0075281 
81,81,227.6237278,0.0004283,0.9902852,63.2656371,1.1838042,0.002715884,-0.673996515,-0.738734525,0.449854713,0.893101751,-0.962965606,-0.4064008,-0.0000615 
77,78,228.6284645,0.000469,0.99005251,75.0604178,2.2164614,0.002713454,-0.660939129,-0.750439516,0.257800343,0.966198211,-0.895463652,-0.3993896,-0.0085144 
71,74,229.6337077,0.0005061,0.989823858,86.8933359,3.1573182,0.002705853,-0.647671768,-0.761919471,0.054194953,0.998530374,-0.795900275,-0.392422,-0.0179781 
63,67,230.6394635,0.0005384,0.989599204,98.8126776,3.9681855,0.002692508,-0.634198129,-0.773170572,-0.153204494,0.988194507,-0.666880909,-0.3855587,-0.028372 
54,59,231.6457367,0.0005645,0.989378469,110.873459,4.613669,0.002672972,-0.620521994,-0.784189043,-0.356305212,0.934369625,-0.511627201,-0.3788583,-0.0393344 
45,49,232.6525309,0.0005834,0.989161544,123.136801,5.0610412,0.002647094,-0.606647236,-0.794971151,-0.546639914,0.837367783,-0.334065638,-0.3723784,-0.0501995 
37,41,233.6598476,0.0005941,0.988948283,135.6677175,5.2803162,0.002615194,-0.592577821,-0.805513207,-0.715299108,0.698818422,-0.139037081,-0.3661764,-0.060008 
34,34,234.6676863,0.0005962,0.98873851,148.5308964,5.2451219,0.002578219,-0.578317818,-0.81581156,-0.852921795,0.522038708,0.067374659,-0.3603086,-0.0675602 
38,36,235.6760438,0.0005894,0.988532017,161.7840993,4.9350691,0.002537853,-0.563871403,-0.825862604,-0.949885336,0.312598542,0.277449731,-0.3548265,-0.071527 
46,46,236.6849132,0.000574,0.988328569,175.4690835,4.3402173,0.002496543,-0.549242879,-0.835662767,-0.996874852,0.078997016,0.481511549,-0.3497694,-0.0706371 
60,60,237.6942835,0.0005507,0.988127915,189.60066,3.4676759,0.002457389,-0.53443668,-0.845208516,-0.985994116,-0.166780105,0.667915386,-0.3451507,-0.0639453 
75,75,238.7041387,0.000521,0.987929807,204.1557223,2.3491426,0.002423866,-0.51945739,-0.854496355,-0.912436629,-0.409218033,0.823647267,-0.3409427,-0.0511549 
89,89,239.7144573,0.0004867,0.98773403,219.0655375,1.0464189,0.002399362,-0.504309749,-0.863522829,-0.776425608,-0.630208914,0.935758788,-0.3370612,-0.0329025 
99,99,240.7252128,0.0004503,0.987540434,234.2154238,-0.3492767,0.002386597,-0.488998653,-0.872284539,-0.584739319,-0.811221258,0.9935525,-0.3333615,-0.0108609 
104,104,241.736375,0.0004143,0.987348967,249.4549095,-1.7272403,0.002387068,-0.473529131,-0.880778157,-0.350944413,-0.936396294,0.990939805,-0.3296511,0.0124733 
104,104,242.7479125,0.0003816,0.987159697,264.6180069,-2.9752338,0.002400713,-0.457906305,-0.889000459,-0.093795424,-0.995591492,0.928030809,-0.3257202,0.034303 
97,100,243.7597949,0.0003544,0.986972808,279.5486339,-3.9991722,0.002425926,-0.44213536,-0.896948339,0.165884727,-0.98614515,0.811177751,-0.3213796,0.0521805 
87,92,244.7719956,0.0003345,0.986788579,294.1234214,-4.7367485,0.002459915,-0.426221492,-0.904618837,0.408703575,-0.912667183,0.651417678,-0.3164896,0.0645116 
73,80,245.7844924,0.0003232,0.986607353,308.2653534,-5.1608583,0.002499268,-0.410169892,-0.912009134,0.619304366,-0.785151006,0.462044883,-0.3109719,0.0707412 
60,66,246.7972686,0.0003208,0.986429502,321.946066,-5.27429,0.002540526,-0.393985726,-0.919116558,0.787430866,-0.616402977,0.256309661,-0.3048036,0.0712314 
50,54,247.810312,0.0003273,0.986255398,335.1790994,-5.1003692,0.002580638,-0.377674144,-0.925938573,0.907624409,-0.419783197,0.045907183,-0.2980021,0.0669677 
45,47,248.8236144,0.0003422,0.986085395,348.0084978,-4.6739221,0.002617221,-0.361240283,-0.932472765,0.978178426,-0.207766615,-0.159620742,-0.2906091,0.0592382 
46,45,249.8371709,0.0003645,0.98591982,0.4967551,-4.0348183,0.00264866,-0.344689275,-0.938716839,0.999962416,0.008669903,-0.352814904,-0.2826781,0.0493699 
49,49,250.8509787,0.0003931,0.985758967,12.7145152,-3.224415,0.002674071,-0.328026261,-0.944668604,0.975478817,0.220093337,-0.527897935,-0.2742671,0.0385474 
55,55,251.8650372,0.0004265,0.985603096,24.7329155,-2.2842026,0.002693188,-0.311256392,-0.950325975,0.90826797,0.418388928,-0.680310077,-0.2654346,0.0277065 
61,61,252.8793473,0.0004633,0.985452434,36.6185323,-1.2557031,0.002706198,-0.294384829,-0.955686964,0.802624584,0.596484515,-0.806332976,-0.2562398,0.017484 
67,67,253.8939109,0.0005018,0.985307172,48.4305211,-0.1807976,0.002713569,-0.277416758,-0.960749677,0.663527771,0.748151654,-0.902860183,-0.2467428,0.0082101 
71,71,254.908731,0.0005405,0.985167468,60.2195057,0.8980833,0.002715876,-0.260357382,-0.965512317,0.496678511,0.867934592,-0.967315456,-0.2370058,-0.0000649 
73,73,255.9238115,0.0005776,0.985033441,72.0278548,1.9382148,0.002713654,-0.243211923,-0.969973175,0.308554594,0.951206635,-0.997689076,-0.2270941,-0.0075159 
74,74,256.9391566,0.0006117,0.984905173,83.8910619,2.8973501,0.002707292,-0.225985628,-0.974130636,0.106419186,0.994321355,-0.9926481,-0.2170759,-0.0144629 
73,73,257.9547708,0.0006412,0.984782704,95.8399567,3.7348912,0.002696974,-0.208683774,-0.977983171,-0.101750078,0.994809993,-0.951673841,-0.2070224,-0.0212725 
71,72,258.9706586,0.0006648,0.984666035,107.9034273,4.4132285,0.002682687,-0.191311666,-0.981529341,-0.307413539,0.951576017,-0.875187984,-0.1970063,-0.0282518 
67,70,259.9868238,0.0006814,0.984555122,120.1112392,4.899008,0.00266428,-0.173874647,-0.984767793,-0.501680437,0.865053027,-0.764646852,-0.1871016,-0.035546 
62,65,261.0032698,0.0006902,0.984449879,132.4964437,5.1641953,0.002641587,-0.156378099,-0.987697267,-0.675544444,0.737319269,-0.622607871,-0.1773822,-0.0430537 
56,59,262.0199983,0.0006906,0.984350178,145.0967989,5.186999,0.002614587,-0.138827453,-0.990316585,-0.820119909,0.572191694,-0.452795766,-0.1679221,-0.0503709 
50,53,263.0370099,0.0006824,0.984255849,157.9545977,4.9529404,0.002583583,-0.121228188,-0.992624665,-0.926886718,0.375341194,-0.26020813,-0.1587941,-0.0567773 
47,48,264.0543026,0.0006657,0.984166678,171.1143077,4.4565208,0.002549377,-0.103585849,-0.994620516,-0.987998469,0.154463672,-0.051290076,-0.1500684,-0.0612749 
47,47,265.0718718,0.0006413,0.984082415,184.6175171,3.7039374,0.002513404,-0.085906048,-0.996303242,-0.996754313,-0.080503667,0.165833288,-0.141808,-0.0626962 
51,49,266.0897093,0.0006102,0.984002777,198.4949431,2.7169954,0.002477779,-0.06819448,-0.997672047,-0.948351657,-0.317220957,0.381154829,-0.134061,-0.0598925 
57,57,267.1078025,0.000574,0.983927459,212.7558861,1.5376136,0.002445211,-0.050456935,-0.998726238,-0.840983433,-0.54106087,0.582805133,-0.1268477,-0.0520047 
68,68,268.1261335,0.0005348,0.983856157,227.3766792,0.2311502,0.002418746,-0.03269931,-0.999465235,-0.677175523,-0.735821521,0.757571201,-0.1201457,-0.0387788 
79,79,269.1446789,0.000495,0.983788595,242.2913361,-1.1143267,0.002401335,-0.014927615,-0.999888577,-0.464975924,-0.885323325,0.892165661,-0.1138772,-0.0208349 
89,89,270.1634102,0.0004572,0.98372456,257.3889715,-2.3955925,0.00239529,0.002852042,-0.999995933,-0.218331085,-0.975874755,0.975248096,-0.1079053,0.0002457 
95,95,271.1822951,0.0004238,0.983663932,272.5221666,-3.5089572,0.002401775,0.020633478,-0.999787107,0.044005896,-0.999031271,0.999726579,-0.102047,0.0221274 
97,97,272.2012998,0.000397,0.983606703,287.527007,-4.3681764,0.002420501,0.038410478,-0.999262045,0.301155311,-0.953575104,0.964438928,-0.0961026,0.0422069 
95,96,273.2203914,0.0003783,0.983552976,302.2499517,-4.9186854,0.002449739,0.056176844,-0.998420834,0.533613803,-0.845728272,0.874369466,-0.0898892,0.0582033 
89,92,274.2395397,0.0003685,0.983502951,316.5726729,-5.1426266,0.002486653,0.073926424,-0.997263698,0.726246883,-0.687433971,0.739241779,-0.0832684,0.068616 
80,85,275.2587193,0.0003677,0.983456888,330.4269314,-5.0541506,0.002527816,0.09165316,-0.995790991,0.869727007,-0.493533113,0.571169056,-0.0761569,0.0728995 
70,75,276.277909,0.0003756,0.983415083,343.7967743,-4.6890419,0.002569743,0.109351071,-0.994003191,0.960277977,-0.279045169,0.382379214,-0.0685216,0.0713683 
59,64,277.2970925,0.0003912,0.983377839,356.7107786,-4.0938179,0.002609318,0.127014274,-0.991900889,0.998352628,-0.057376216,0.183716554,-0.0603667,0.0649484 
50,54,278.3162569,0.0004134,0.983345449,9.2294673,-3.3176262,0.002644072,0.14463696,-0.98948479,0.987053907,0.160388852,-0.015937853,-0.0517195,0.0548983 
43,46,279.3353926,0.0004407,0.983318186,21.4323268,-2.4078246,0.0026723,0.162213388,-0.986755703,0.930849801,0.365402036,-0.209566243,-0.0426179,0.0425732 
41,41,280.3544926,0.0004716,0.9832963,33.406856,-1.4085756,0.002693063,0.179737883,-0.983714539,0.834781987,0.550580634,-0.391572227,-0.0331043,0.0292569 
42,42,281.3735517,0.0005045,0.983280018,45.2403306,-0.3612852,0.002706121,0.197204816,-0.980362311,0.704134567,0.710066554,-0.55726376,-0.0232218,0.016053 
46,46,282.3925667,0.0005378,0.983269539,57.0140029,0.6941821,0.002711796,0.214608616,-0.976700129,0.54443405,0.838803651,-0.702419396,-0.0130141,0.0038193 
52,52,283.411536,0.0005698,0.983265039,68.7991895,1.7183052,0.002710832,0.231943759,-0.972729198,0.361637759,0.932318686,-0.823013986,-0.0025269,-0.0068664 
59,59,284.4304594,0.0005991,0.983266665,80.6548063,2.6712491,0.00270422,0.249204767,-0.968450817,0.162382182,0.98672794,-0.915131065,0.0081895,-0.0157161 
65,65,285.4493382,0.0006242,0.983274532,92.6261609,3.5130548,0.002693035,0.266386215,-0.963866373,-0.045819107,0.998949753,-0.975059654,0.0190779,-0.0227176 
70,70,286.468175,0.0006436,0.983288722,104.7450397,4.2047715,0.002678293,0.283482724,-0.958977344,-0.254518227,0.967067977,-0.9995478,0.0300729,-0.0280911 
74,74,287.4869735,0.0006564,0.983309276,117.0312086,4.7104093,0.002660828,0.300488959,-0.953785293,-0.454475757,0.890759107,-0.986157883,0.0411002,-0.0322174 
76,76,288.5057378,0.0006616,0.983336187,129.4953441,4.9993854,0.002641234,0.317399623,-0.948291874,-0.636015515,0.771676269,-0.933645421,0.0520771,-0.0355383 
77,77,289.5244727,0.0006587,0.983369403,142.1431167,5.0490188,0.002619859,0.334209458,-0.942498826,-0.789546128,0.613691218,-0.842277037,0.0629151,-0.0384405 
75,76,290.5431822,0.0006474,0.983408816,154.9797573,4.8466631,0.002596871,0.350913225,-0.936407982,-0.906158419,0.422938435,-0.7140259,0.0735221,-0.0411417 
72,74,291.5618697,0.000628,0.983454266,168.0141042,4.391272,0.002572385,0.367505706,-0.930021267,-0.978198752,0.207670899,-0.552631975,0.0838058,-0.0435984 
66,69,292.5805369,0.000601,0.98350554,181.2609795,3.6944723,0.002546628,0.38398169,-0.923340707,-0.999757828,-0.022006467,-0.363569234,0.093677,-0.0454591 
61,64,293.5991833,0.0005675,0.983562377,194.7408522,2.7814289,0.002520117,0.400335971,-0.916368436,-0.967086576,-0.254447547,-0.153991842,0.1030542,-0.0460794 
55,58,294.6178052,0.0005291,0.983624469,208.4760744,1.6917496,0.002493808,0.416563326,-0.909106702,-0.879016288,-0.476791742,0.067288619,0.1118685,-0.0446147 
52,53,295.6363953,0.0004874,0.983691478,222.483528,0.4803028,0.002469159,0.432658522,-0.901557876,-0.737471532,-0.675378219,0.28981921,0.1200724,-0.040191 
53,52,296.6549415,0.0004448,0.983763043,236.7643644,-0.7828454,0.002448088,0.448616295,-0.893724465,-0.54808355,-0.83642359,0.501653014,0.127649,-0.0321442 
57,57,297.6734267,0.0004034,0.983838809,251.2927664,-2.0148392,0.002432771,0.464431358,-0.88560912,-0.320732573,-0.947169793,0.689863942,0.1346237,-0.0202833 
66,66,298.6918285,0.0003657,0.983918445,266.0071749,-3.1263426,0.002425305,0.480098394,-0.877214644,-0.069631553,-0.997572778,0.841655453,0.1410719,-0.0051 
77,77,299.71012,0.0003338,0.984001683,280.8083993,-4.0321719,0.002427287,0.495612085,-0.868543989,0.187525311,-0.982259771,0.946075631,0.1471188,0.0121716 
88,88,300.7282707,0.0003093,0.984088336,295.5680975,-4.6642808,0.002439418,0.510967121,-0.859600256,0.431583538,-0.902072974,0.995947158,0.1529267,0.0297147 
94,94,301.7462485,0.0002933,0.984178316,310.1474498,-4.9828245,0.002461268,0.526158245,-0.850386678,0.644756882,-0.764387704,0.98926927,0.1586725,0.0454873 
97,97,302.7640219,0.0002863,0.984271638,324.4208882,-4.9809007,0.002491264,0.541180281,-0.840906596,0.81331293,-0.581826501,0.929410663,0.1645208,0.0576562 
95,97,303.7815616,0.000288,0.984368399,338.2969122,-4.6813419,0.002526925,0.556028167,-0.831163448,0.929112644,-0.36979683,0.823974408,0.1706029,0.0649501 
89,92,304.7988419,0.0002978,0.984468763,351.7296723,-4.1277179,0.002565244,0.57069697,-0.821160745,0.989600415,-0.143843727,0.68288078,0.1770068,0.0668245 
80,85,305.8158411,0.0003144,0.98457293,4.7197758,-3.3737436,0.002603103,0.585181895,-0.810902059,0.996609046,0.082282496,0.516474525,0.1837799,0.0634359 
68,74,306.8325414,0.0003364,0.98468112,17.3070728,-2.4746578,0.002637645,0.599478281,-0.800391024,0.954724083,0.297492731,0.334225841,0.1909367,0.0554898 
56,62,307.8489283,0.0003622,0.984793553,29.5597478,-1.4821261,0.002666531,0.613581591,-0.789631326,0.869841726,0.493330895,0.14416934,0.198471,0.0440465 
44,50,308.8649905,0.0003902,0.984910443,41.5632103,-0.4424557,0.002688092,0.62748741,-0.778626708,0.748224244,0.663445914,-0.047075415,0.2063648,0.0303396 
35,39,309.8807194,0.0004188,0.985031989,53.4105799,0.6029311,0.002701387,0.641191437,-0.767380963,0.596076621,0.802927557,-0.233952096,0.2145955,0.0156333 
32,32,310.8961083,0.0004462,0.985158381,65.1951548,1.6159076,0.002706189,0.654689472,-0.755897939,0.419528847,0.907742004,-0.411499191,0.2231383,0.0011159 
33,33,311.911153,0.0004711,0.985289791,77.004517,2.5598517,0.002702914,0.667977428,-0.744181534,0.224874238,0.974387796,-0.57491049,0.2319673,-0.012178 
40,40,312.9258509,0.000492,0.985426375,88.9157556,3.3983146,0.002692516,0.681051311,-0.732235694,0.018922505,0.999820953,-0.719217393,0.2410536,-0.0234287 
50,50,313.9402017,0.0005075,0.985568274,100.9914888,4.0946239,0.002676352,0.693907234,-0.720064408,-0.190663174,0.981655517,-0.839157754,0.2503616,-0.0320802 
61,61,314.9542072,0.0005165,0.985715601,113.2767344,4.6127346,0.002656011,0.706541411,-0.7076717,-0.395172524,0.918606921,-0.929277874,0.2598457,-0.0378752 
71,71,315.9678711,0.0005181,0.985868443,125.7970749,4.9194409,0.002633142,0.718950154,-0.695061635,-0.584916267,0.811093682,-0.984285741,0.2694459,-0.0408672 
79,79,316.9811994,0.0005117,0.986026845,138.5588004,4.9877456,0.00260928,0.731129877,-0.682238304,-0.749635347,0.661851076,-0.999620954,0.2790862,-0.0413971 
86,86,317.9941992,0.0004971,0.986190805,151.5515951,4.8008043,0.002585692,0.743077077,-0.669205841,-0.87924644,0.476367188,-0.972135579,0.2886739,-0.0400242 
89,89,319.006879,0.0004744,0.986360261,164.7537812,4.3555577,0.002563287,0.754788342,-0.655968413,-0.96480468,0.262967543,-0.900721727,0.2981028,-0.0374123 
90,90,320.0192474,0.0004443,0.98653509,178.1392563,3.66514,0.002542596,0.766260332,-0.642530236,-0.999472698,0.032470396,-0.786719492,0.3072586,-0.0341859 
87,89,321.0313121,0.0004078,0.9867151,191.6844509,2.7594929,0.002523833,0.777489769,-0.628895587,-0.979277808,-0.202521543,-0.634013571,0.3160263,-0.0307878 
81,84,322.0430794,0.0003663,0.986900035,205.3733189,1.6841936,0.002507037,0.788473433,-0.615068814,-0.903534938,-0.428514428,-0.448847434,0.3242987,-0.0273739 
71,76,323.0545528,0.0003219,0.987089583,219.1987497,0.4979817,0.002492249,0.799208152,-0.601054349,-0.774958281,-0.632012392,-0.239479178,0.3319843,-0.0237802 
60,66,324.0657322,0.0002764,0.987283383,233.1597037,-0.7304386,0.002479688,0.809690795,-0.586856726,-0.599586607,-0.800309878,-0.015812521,0.3390143,-0.0195749 
50,54,325.0766136,0.0002322,0.987481043,247.254502,-1.9260743,0.002469867,0.819918275,-0.572480587,-0.386638499,-0.922231355,0.210947576,0.3453493,-0.0141958 
46,47,326.0871879,0.0001914,0.98768216,261.4718113,-3.0120587,0.002463615,0.829887545,-0.557930697,-0.148295975,-0.988943024,0.428692688,0.3509854,-0.0071461 
47,47,327.0974415,0.0001561,0.987886337,275.7818332,-3.9153047,0.00246198,0.839595609,-0.543211942,0.100740845,-0.994912701,0.625030031,0.3559583,0.0017964 
58,58,328.107356,0.0001277,0.988093213,290.1308236,-4.5735267,0.002466016,0.849039525,-0.528329334,0.344164852,-0.938909236,0.788262854,0.3603447,0.0124157 
72,72,329.116909,0.0001076,0.988302479,304.4418119,-4.9427568,0.002476509,0.858216423,-0.513288,0.565568984,-0.824700991,0.908689712,0.3642577,0.0239993 
85,85,330.1260752,0.0000963,0.988513901,318.622753,-5.0033709,0.002493706,0.86712352,-0.498093165,0.750373627,-0.661013933,0.979913143,0.3678363,0.0354189 
95,95,331.1348281,0.0000938,0.98872733,332.5805522,-4.7623608,0.002517131,0.875758136,-0.48275013,0.887659129,-0.460501108,0.999681674,0.3712291,0.0453375 
99,99,332.1431415,0.0000996,0.988942698,346.2368234,-4.2506759,0.002545539,0.884117713,-0.46726424,0.971287382,-0.23790927,0.969898873,0.3745766,0.0524772 
99,100,333.1509903,0.0001125,0.989160016,359.5405709,-3.5164483,0.002577024,0.89219982,-0.451640876,0.999967852,-0.008018465,0.895792604,0.3779974,0.0558631 
94,97,334.1583525,0.0001312,0.989379353,12.4746744,-2.6164921,0.002609243,0.90000217,-0.435885413,0.976391581,0.216008055,0.784599782,0.3815806,0.0549752 
85,90,335.1652087,0.000154,0.989600821,25.055841,-1.608695,0.002639699,0.90752261,-0.420003228,0.905895469,0.423501357,0.644248684,0.385385,0.0497906 
74,80,336.1715431,0.0001794,0.989824559,37.3298173,-0.5469429,0.002666013,0.914759128,-0.403999676,0.795158011,0.606402291,0.482391719,0.3894445,0.0407348 
60,67,337.1773426,0.0002055,0.990050719,49.3643004,0.5210855,0.002686158,0.921709838,-0.387880103,0.651247174,0.758865678,0.30591203,0.3937746,0.0285837 
47,53,338.1825968,0.0002307,0.99027946,61.2414712,1.5538372,0.002698631,0.928372984,-0.37164984,0.481119269,0.876655148,0.120849386,0.3983798,0.014352 
34,40,339.1872982,0.0002535,0.990510939,73.051135,2.5144412,0.002702558,0.93474693,-0.355314194,0.291518111,0.956565309,-0.067385572,0.4032589,-0.0008115 
25,28,340.1914411,0.0002724,0.990745315,84.8846537,3.368791,0.002697744,0.940830157,-0.338878466,0.089161077,0.99601722,-0.253643358,0.4084082,-0.0157155 
26,25,341.1950224,0.0002862,0.990982741,96.8294009,4.0838705,0.002684676,0.94662126,-0.322347935,-0.118913486,0.992904619,-0.432626787,0.4138223,-0.0292076 
33,33,342.1980411,0.0002936,0.991223369,108.9633691,4.6269013,0.002664476,0.952118941,-0.305727857,-0.32496359,0.945726528,-0.598538934,0.419492,-0.0402551 
45,45,343.2004988,0.0002937,0.991467341,121.3497573,4.9657865,0.002638806,0.957322014,-0.289023463,-0.520260952,0.854007343,-0.744885422,0.4254002,-0.0480296 
60,60,344.2023998,0.0002859,0.991714788,134.0318004,5.0712035,0.002609729,0.962229397,-0.272239945,-0.695057513,0.718954139,-0.864532806,0.4315166,-0.051996 
74,74,345.2037513,0.0002698,0.991965815,147.0286527,4.9204168,0.00257951,0.966840111,-0.255382457,-0.838942828,0.544219561,-0.950107706,0.437791,-0.0519938 
86,86,346.2045631,0.0002456,0.992220495,160.3335751,4.502364,0.002550385,0.971153274,-0.238456115,-0.94166792,0.336543503,-0.994754739,0.4441479,-0.0482868 
95,95,347.2048479,0.0002137,0.992478845,173.9156482,3.8228902,0.002524318,0.975168096,-0.221465988,-0.994366929,0.105992501,-0.993148639,0.4504847,-0.0415524 
100,100,348.20462,0.0001752,0.99274082,187.7254802,2.90848,0.002502781,0.978883875,-0.204417121,-0.990923516,-0.134426876,-0.942519896,0.456675,-0.032786 
101,101,349.2038945,0.0001316,0.993006294,201.7040079,1.806907,0.00248662,0.982299985,-0.187314546,-0.929106705,-0.36981175,-0.843390382,0.4625779,-0.0231226 
97,100,350.2026861,0.0000847,0.993275059,215.7921495,0.5841051,0.002476042,0.985415877,-0.170163302,-0.811143961,-0.58484654,-0.699794719,0.4680521,-0.0136138 
89,94,351.2010074,0.0000369,0.993546832,229.9385596,-0.6820972,0.002470717,0.988231071,-0.152968461,-0.643608698,-0.765354718,-0.51895898,0.4729705,-0.0050237 
75,82,352.1988677,-0.0000098,0.99382126,244.1034197,-1.909725,0.002469991,0.990745158,-0.135735152,-0.436748097,-0.899583848,-0.310600913,0.4772335,0.0022931 
60,68,353.1962724,-0.000053,0.994097944,258.2576912,-3.020116,0.002473129,0.992957803,-0.118468569,-0.203510325,-0.9790728,-0.086087812,0.4807771,0.0083951 
46,52,354.193222,-0.0000908,0.99437646,272.3787916,-3.944021,0.002479523,0.994868747,-0.101173989,0.041505819,-0.999138262,0.142379646,0.4835762,0.0136458 
40,41,355.1897125,-0.0001216,0.99465638,286.444653,-4.6261605,0.002488821,0.996477819,-0.083856763,0.283089005,-0.959093643,0.362518402,0.4856442,0.0185337 
43,43,356.1857351,-0.0001441,0.994937294,300.4284207,-5.0285342,0.002500941,0.997784937,-0.06652232,0.506461539,-0.862262553,0.5626994,0.4870296,0.0234735 
57,57,357.1812773,-0.0001579,0.99521883,314.2957022,-5.1326807,0.002515979,0.998790121,-0.04917615,0.698361599,-0.71574512,0.732714255,0.487811,0.0286423 
72,72,358.1763231,-0.0001627,0.995500667,328.0054253,-4.9406635,0.002534041,0.999493495,-0.031823792,0.84809827,-0.529838961,0.864530189,0.4880909,0.0338909 
85,85,359.1708543,-0.0001591,0.995782548,341.5141925,-4.4742696,0.002555051,0.999895292,-0.014470817,0.948402224,-0.317069741,0.952891178,0.4879862,0.0387493 
94,94,0.1648519,-0.000148,0.996064287,354.782879,-3.7720654,0.00257859,0.999995861,0.002877204,0.995857272,-0.090930164,0.995591525,0.487619,0.0425195 
98,98,1.1582964,-0.0001307,0.996345767,7.7835743,-2.8845541,0.002603805,0.999795662,0.020214709,0.990786707,0.135431537,0.993321961,0.4871061,0.0444262 
98,99,2.1511694,-0.0001086,0.996626934,20.5050776,-1.8683579,0.002629414,0.99929527,0.037536169,0.93664115,0.350290389,0.94912963,0.4865512,0.0437809 
93,96,3.1434542,-0.0000837,0.996907789,32.9558874,-0.7806857,0.002653795,0.998495369,0.054836106,0.839089642,0.543993173,0.867657589,0.4860399,0.0401177 
85,90,4.135136,-0.0000574,0.997188378,45.1645527,0.3248402,0.002675143,0.99739675,0.0721091,0.705073067,0.709134663,0.754372648,0.4856379,0.0332781 
75,80,5.1262027,-0.0000317,0.997468778,57.1779287,1.400473,0.002691657,0.996000308,0.0893498,0.542031971,0.840357866,0.614949817,0.4853935,0.0234382 
62,69,6.1166442,-0.0000081,0.997749092,69.0581174,2.4048185,0.002701734,0.994307033,0.106552918,0.357420797,0.933943453,0.454900413,0.4853411,0.0110921 
49,55,7.1064529,0.0000119,0.998029436,80.8787493,3.301976,0.002704134,0.992318011,0.123713237,0.158524283,0.987355079,0.279455394,0.4855058,-0.0029928 
36,42,8.0956234,0.0000269,0.998309943,92.7209542,4.0599861,0.00269813,0.990034418,0.140825608,-0.047471761,0.99887258,0.09366816,0.4859075,-0.0178351 
25,30,9.0841524,0.0000359,0.998590755,104.6690468,4.6492279,0.002683602,0.987457514,0.15788495,-0.253235355,0.967404701,-0.097320512,0.4865638,-0.0323045 
24,24,10.0720388,0.0000378,0.998872024,116.8057268,5.0413635,0.002661115,0.984588644,0.174886253,-0.450966754,0.892540748,-0.287923638,0.4874902,-0.0451957 
30,30,11.0592842,0.0000319,0.999153908,129.2065295,5.2093871,0.002631926,0.981429227,0.191824587,-0.632117612,0.774872457,-0.471739111,0.4886991,-0.0553177 
44,44,12.0458925,0.0000178,0.999436573,141.9334255,5.129288,0.002597952,0.977980755,0.208695096,-0.787294858,0.616576684,-0.641282689,0.490194,-0.0616061 
60,60,13.0318713,-0.0000046,0.999720182,155.0278862,4.7836713,0.002561654,0.974244783,0.225493022,-0.906513371,0.422177106,-0.787967931,0.4919631,-0.0632636 
76,76,14.0172313,-0.0000349,1.000004884,168.504381,4.1672224,0.002525839,0.970222926,0.242213694,-0.979939946,0.199293006,-0.902488707,0.4939685,-0.0599171 
89,89,15.0019873,-0.0000722,1.000290796,182.3459368,3.2930686,0.002493372,0.965916849,0.258852548,-0.999161898,-0.040932882,-0.975702893,0.4961383,-0.0517578 
100,100,15.9861572,-0.0001153,1.000577982,196.5036425,2.1980476,0.002466825,0.961328263,0.275405105,-0.958801677,-0.2840763,-0.999959213,0.4983609,-0.0396067 
106,106,16.969762,-0.0001622,1.000866433,210.901375,0.9442759,0.002448127,0.956458923,0.291866972,-0.858052581,-0.513561844,-0.970583788,0.500489,-0.0248462 
106,107,17.9528238,-0.0002107,1.001156044,225.4454783,-0.3849655,0.002438298,0.951310632,0.308233809,-0.701587664,-0.712583153,-0.887070024,0.5023536,-0.0091919 
101,104,18.935364,-0.0002585,1.001446616,240.0372848,-1.6949241,0.002437351,0.945885251,0.324501298,-0.499436335,-0.866350592,-0.753541354,0.5037859,0.0056486 
89,96,19.9174022,-0.0003031,1.001737854,254.5852565,-2.8920162,0.002444401,0.940184702,0.340665124,-0.265804192,-0.964027039,-0.578315426,0.5046406,0.0183205 
74,82,20.8989537,-0.0003423,1.002029393,269.0138283,-3.89553,0.00245794,0.934210989,0.356720939,-0.017211093,-0.999851878,-0.372746894,0.5048136,0.0280491 
58,66,21.8800293,-0.0003744,1.002320821,283.2674951,-4.6453743,0.002476199,0.927966204,0.372664358,0.229497599,-0.973309227,-0.149751643,0.5042488,0.0346873 
44,50,22.8606347,-0.0003982,1.002611705,297.3104016,-5.1050204,0.002497476,0.921452537,0.388490954,0.458810868,-0.888533954,0.077585035,0.502937,0.0385968 
41,41,23.8407709,-0.000413,1.002901623,311.1228796,-5.2606753,0.002520378,0.914672279,0.404196267,0.65767611,-0.753300826,0.297076724,0.5009071,0.040434 
46,46,24.8204348,-0.0004188,1.003190174,324.6967513,-5.1184235,0.002543917,0.907627821,0.419775819,0.816104824,-0.577903899,0.498129361,0.4982175,0.0409173 
58,58,25.7996197,-0.0004158,1.003477,338.0309492,-4.7007351,0.002567492,0.90032166,0.435225124,0.927386069,-0.374105706,0.672125563,0.4949465,0.0406351 
71,71,26.7783163,-0.000405,1.003761791,351.1284351,-4.0430063,0.002590771,0.89275639,0.450539708,0.988036525,-0.154220057,0.812593662,0.4911855,0.0399246 
81,81,27.7565136,-0.0003876,1.004044292,3.9947841,-3.1902225,0.002613534,0.884934699,0.465715126,0.997570396,0.069665661,0.91522901,0.4870329,0.0388301 
88,88,28.7341995,-0.0003651,1.004324305,16.6383114,-2.193624,0.002635507,0.876859365,0.480746975,0.958131332,0.286329096,0.977798278,0.4825885,0.0371343 
91,91,29.7113614,-0.000339,1.004601691,29.0712985,-1.1073437,0.002656236,0.868533251,0.495630903,0.874015736,0.485897616,0.999937603,0.4779494,0.0344432 
90,90,30.6879874,-0.0003111,1.004876362,41.3117586,0.0147956,0.002675013,0.859959293,0.510362631,0.751128668,0.660155833,0.982858946,0.4732051,0.0303014 
87,88,31.664066,-0.0002832,1.005148283,53.385209,1.121983,0.00269088,0.8511405,0.524937947,0.596432104,0.802663532,0.928996066,0.4684354,0.0243114 
80,84,32.6395875,-0.0002569,1.005417459,65.3260514,2.1682853,0.002702693,0.842079942,0.539352734,0.417453948,0.908698081,0.84163839,0.463709,0.0162352 
72,76,33.6145432,-0.0002338,1.005683932,77.1783218,3.1134975,0.00270923,0.832780748,0.553602949,0.221917435,0.97506546,0.724607682,0.4590836,0.0060658 
61,67,34.5889266,-0.0002152,1.005947774,88.9957033,3.9230321,0.002709345,0.823246099,0.567684649,0.017527387,0.999846384,0.582026796,0.4546077,-0.0059344 
50,56,35.5627325,-0.0002024,1.006209084,100.840756,4.5671116,0.002702124,0.813479225,0.581593973,-0.188079994,0.982153713,0.418215513,0.4503235,-0.0192248 
39,45,36.5359579,-0.0001963,1.006467985,112.7833069,5.0196738,0.002687042,0.803483401,0.595327157,-0.387246986,0.921976015,0.237730835,0.4462694,-0.0330022 
30,34,37.5086015,-0.0001977,1.00672462,124.8978669,5.2574842,0.002664103,0.793261941,0.608880524,-0.572115339,0.820173176,0.045550149,0.442482,-0.046237 
30,29,38.4806641,-0.0002071,1.006979153,137.2598504,5.2599932,0.002633963,0.782818195,0.62225049,-0.734439199,0.678674489,-0.152626835,0.4389969,-0.0577313 
35,33,39.4521492,-0.0002246,1.007231768,149.9403206,5.010491,0.002597993,0.772155538,0.635433573,-0.865504133,0.500901782,-0.350014,0.4358466,-0.0662084 
44,44,40.4230628,-0.00025,1.007482667,162.9990832,4.4990439,0.002558296,0.761277363,0.648426384,-0.956300078,0.292387007,-0.538418152,0.4330548,-0.0704461 
60,60,41.3934149,-0.0002828,1.007732059,176.4762973,3.7273906,0.002517623,0.75018707,0.661225649,-0.998109458,0.061461453,-0.708128921,0.4306274,-0.0694616 
75,75,42.3632191,-0.0003219,1.007980149,190.3834683,2.7152645,0.002479165,0.738888055,0.673828199,-0.983623516,-0.180235345,-0.848235325,0.4285399,-0.0627399 
88,88,43.3324939,-0.0003655,1.008227116,204.6956455,1.506419,0.002446224,0.727383696,0.686230981,-0.908539933,-0.417798026,-0.947563083,0.4267243,-0.0504597 
99,99,44.3012618,-0.0004118,1.008473086,219.3474982,0.1714032,0.002421759,0.715677353,0.698431047,-0.773314871,-0.634022168,-0.996264706,0.4250617,-0.0336297 
104,104,45.2695489,-0.0004583,1.008718101,234.2360089,-1.1960754,0.002407914,0.703772373,0.710425539,-0.584447827,-0.811431289,-0.987779746,0.4233863,-0.0140328 
104,105,46.2373831,-0.0005024,1.008962099,249.2311477,-2.490444,0.002405648,0.691672108,0.722211669,-0.354598711,-0.935018585,-0.920547371,0.4215049,0.0060744 
98,102,47.2047918,-0.0005417,1.009204904,264.1931576,-3.6107027,0.002414591,0.679379938,0.733786685,-0.101175108,-0.994868633,-0.798757695,0.4192267,0.0244402 
87,93,48.1717996,-0.0005743,1.009446239,278.992202,-4.4763296,0.002433196,0.666899305,0.745147849,0.156300038,-0.987709622,-0.631753313,0.4163941,0.0392987 
73,80,49.1384272,-0.0005985,1.009685752,293.5249062,-5.0370968,0.002459113,0.65423373,0.756292421,0.399147673,-0.916886653,-0.432298557,0.4129023,0.0496713 
59,66,50.1046896,-0.0006136,1.009923045,307.7236795,-5.2746539,0.00248967,0.641386838,0.767217651,0.611853989,-0.79097073,-0.214411611,0.4087037,0.0554101 
49,53,51.0705971,-0.0006195,1.010157708,321.5577738,-5.1976785,0.002522315,0.628362352,0.77792079,0.783235467,-0.621725183,0.008502735,0.4038007,0.0570269 
47,47,52.0361552,-0.0006163,1.010389345,335.027891,-4.8342386,0.002554914,0.615164096,0.788399096,0.906513406,-0.42217703,0.224810511,0.3982314,0.0554215 
50,50,53.0013654,-0.0006051,1.010617587,348.15748,-4.224479,0.002585902,0.601795991,0.798649852,0.97871536,-0.205222427,0.425086119,0.3920567,0.0516098 
57,57,53.9662264,-0.0005869,1.010842106,0.983613,-3.4151473,0.002614277,0.588262034,0.808670378,0.999852646,0.017166442,0.602057344,0.3853503,0.046512 
65,65,54.9307345,-0.0005632,1.011062617,13.5493105,-2.4560908,0.00263951,0.574566299,0.818458043,0.97216865,0.234282129,0.750325436,0.3781919,0.0408179 
72,72,55.8948844,-0.0005355,1.011278883,25.8981293,-1.3981536,0.002661387,0.560712925,0.828010275,0.89957204,0.436772418,0.866053719,0.3706635,0.0349278 
77,77,56.8586695,-0.0005057,1.011490714,38.0711047,-0.2917839,0.002679839,0.54670611,0.837324566,0.787246104,0.616638931,0.946719181,0.3628473,0.0289546 
79,79,57.8220829,-0.0004752,1.011697967,50.1057508,0.814143,0.002694792,0.532550097,0.846398484,0.641372628,0.767229531,0.990944967,0.3548243,0.022775 
79,79,58.7851173,-0.0004459,1.011900545,62.0366611,1.8734913,0.002706053,0.518249175,0.855229673,0.468906507,0.883247807,0.998390143,0.3466724,0.0161128 
77,77,59.7477657,-0.0004192,1.012098397,73.8972003,2.8439788,0.002713248,0.503807663,0.863815859,0.2773616,0.960765602,0.969661464,0.338466,0.0086402 
74,75,60.7100217,-0.0003966,1.012291509,85.7217782,3.6880708,0.002715824,0.489229909,0.872154858,0.07459969,0.997213561,0.906221051,0.3302742,0.000081 
68,71,61.6718795,-0.0003793,1.01247991,97.5482255,4.3734825,0.002713105,0.474520286,0.880244567,-0.131360639,0.991334647,0.810283649,0.3221613,-0.0096975 
62,65,62.6333347,-0.0003683,1.012663663,109.4198405,4.8732323,0.002704401,0.459683176,0.888082979,-0.332487733,0.94310758,0.684718772,0.3141868,-0.0206119 
54,58,63.594384,-0.0003644,1.012842864,121.3867344,5.1653493,0.002689141,0.444722973,0.895668174,-0.520811997,0.853671403,0.532989247,0.3064069,-0.0323164 
46,50,64.5550253,-0.0003681,1.013017641,133.5061465,5.2325075,0.002667036,0.42964408,0.902998319,-0.688432387,0.725300522,0.359164253,0.2988758,-0.0441827 
41,43,65.5152584,-0.0003796,1.013188153,145.8414052,5.0619957,0.002638242,0.414450897,0.910071675,-0.827486552,0.561485536,0.168039538,0.2916469,-0.055309 
39,39,66.4750852,-0.0003988,1.01335459,158.4591769,4.6465147,0.002603503,0.39914781,0.916886594,-0.930156201,0.367164054,-0.034622012,0.2847733,-0.0645632 
41,40,67.4345097,-0.0004253,1.013517171,171.4245923,3.9862864,0.002564264,0.383739196,0.923441514,-0.988820473,0.149110939,-0.241753942,0.2783043,-0.0706721 
47,47,68.3935391,-0.0004582,1.013676144,184.7938841,3.0927706,0.002522712,0.368229396,0.929734969,-0.996501786,-0.083571475,-0.444640573,0.2722804,-0.0723706 
58,58,69.3521844,-0.0004961,1.013831771,198.6044813,1.9937685,0.002481713,0.352622705,0.935765584,-0.94774346,-0.319033437,-0.632736372,0.2667213,-0.0686224 
70,70,70.310461,-0.0005374,1.01398432,212.8633132,0.7386986,0.002444596,0.33692336,0.941532076,-0.83996749,-0.542636725,-0.793914552,0.261612,-0.058901 
82,82,71.2683896,-0.0005798,1.014134033,227.5355118,-0.5984764,0.002414779,0.321135523,0.94703325,-0.675133115,-0.737695925,-0.915431795,0.2568868,-0.0434693 
92,92,72.2259955,-0.000621,1.014281099,242.5374119,-1.9220195,0.002395253,0.305263286,0.952267991,-0.461169332,-0.887312148,-0.985737022,0.2524211,-0.0235466 
97,97,73.1833082,-0.0006584,1.014425619,257.7386009,-3.1251806,0.002388044,0.289310678,0.957235254,-0.21237209,-0.977188874,-0.996841153,0.2480372,-0.0012282 
98,98,74.1403591,-0.0006897,1.014567582,272.9761099,-4.1076051,0.002393796,0.273281701,0.961934048,0.051919562,-0.99865127,-0.946447992,0.2435279,0.0208944 
94,96,75.097179,-0.0007132,1.014706854,288.0791036,-4.7935558,0.002411653,0.257180373,0.966363418,0.310329745,-0.950628976,-0.838842346,0.2386924,0.0403114 
87,91,76.0537961,-0.0007277,1.0148432,302.8968729,-5.1435859,0.002439468,0.24101076,0.970522444,0.543128624,-0.839649509,-0.683998851,0.2333696,0.05514 
77,82,77.0102339,-0.0007327,1.014976305,317.3207645,-5.1556927,0.002474268,0.224777013,0.974410229,0.735160318,-0.677893286,-0.495299011,0.2274572,0.0644283 
67,72,77.966511,-0.0007286,1.015105813,331.2938747,-4.8576364,0.002512807,0.208483376,0.978025911,0.87709482,-0.480317267,-0.286903044,0.2209129,0.0681539 
58,62,78.9226406,-0.000716,1.01523136,344.8083579,-4.2955662,0.002552043,0.192134191,0.981368663,0.96505473,-0.262048406,-0.071746084,0.2137427,0.0670027 
53,55,79.8786316,-0.0006961,1.015352593,357.894677,-3.523717,0.002589464,0.175733883,0.984437709,0.999324985,-0.03673655,0.139450415,0.2059846,0.0620646 
51,51,80.8344894,-0.0006704,1.01546919,10.6080996,-2.5974881,0.002623232,0.159286949,0.987232327,0.982909335,0.184090301,0.338304525,0.1976944,0.054553 
51,51,81.7902163,-0.0006404,1.015580859,23.016241,-1.5699606,0.002652196,0.142797944,0.989751861,0.92039406,0.390992038,0.518415477,0.1889362,0.0455972 
55,55,82.7458127,-0.0006078,1.015687352,35.1894204,-0.4908083,0.002675797,0.126271467,0.991995724,0.817251322,0.576281421,0.674864229,0.1797766,0.0361118 
59,59,83.7012773,-0.0005744,1.015788454,47.1941426,0.5936043,0.002693928,0.109712153,0.993963402,0.679516311,0.733660401,0.803782785,0.1702828,0.0267328 
63,63,84.6566074,-0.0005416,1.015883994,59.0893491,1.6398495,0.002706763,0.093124667,0.995654456,0.513700752,0.857969427,0.902079295,0.1605223,0.0178044 
67,67,85.6117996,-0.0005111,1.015973835,70.9249215,2.6073213,0.002714596,0.076513692,0.997068531,0.326806851,0.94509115,0.967325843,0.1505629,0.0094052 
69,69,86.5668496,-0.0004842,1.016057883,82.7419795,3.4585647,0.002717704,0.059883929,0.998205347,0.126337833,0.991987274,0.997772607,0.1404736,0.0014053 
70,70,87.5217528,-0.0004622,1.016136084,94.5745847,4.1599896,0.002716247,0.043240088,0.99906471,-0.079756765,0.996814355,0.992433355,0.1303239,-0.0064528 
70,70,88.4765045,-0.0004461,1.016208422,106.4524735,4.6827639,0.002710221,0.026586879,0.999646506,-0.283219912,0.959054994,0.951186041,0.1201838,-0.0144603 
68,69,89.4311002,-0.0004367,1.016274923,118.4043842,5.0036442,0.00269947,0.009929011,0.999950706,-0.475691517,0.879612176,0.87484567,0.1101235,-0.0228426 
66,67,90.3855358,-0.0004345,1.016335654,130.4614647,5.1055818,0.002683747,-0.006728818,0.999977361,-0.648936477,0.760842591,0.765191943,0.1002125,-0.0316681 
62,64,91.3398082,-0.0004397,1.01639072,142.6601889,4.9780971,0.002662832,-0.023381933,0.999726605,-0.795052227,0.606540977,0.62496501,0.0905202,-0.0407738 
58,60,92.2939152,-0.0004523,1.016440269,155.0441879,4.6176058,0.002636675,-0.040025678,0.999198651,-0.906633451,0.421919169,0.457869684,0.0811155,-0.049718 
53,55,93.247856,-0.0004719,1.016484485,167.6644105,4.0280388,0.002605568,-0.056655428,0.998393791,-0.976913061,0.213637241,0.268641522,0.0720674,-0.0577675 
50,51,94.2016319,-0.0004976,1.016523595,180.577027,3.2221572,0.002570304,-0.073266603,0.997312391,-0.999949288,-0.010070851,0.063219103,0.0634432,-0.0639294 
49,49,95.1552466,-0.0005284,1.016557862,193.8384915,2.2238565,0.002532304,-0.089854673,0.995954887,-0.970973813,-0.239185815,-0.150971747,0.0553057,-0.0670421 
51,50,96.1087071,-0.0005627,1.016587582,207.4972824,1.0713797,0.00249367,-0.106415177,0.994321784,-0.887032733,-0.461706541,-0.364691126,0.0477052,-0.0659379 
55,55,97.0620242,-0.0005987,1.016613075,221.5822949,-0.179373,0.002457127,-0.122943729,0.992413643,-0.748003216,-0.663695102,-0.566697769,0.0406683,-0.0596842 
63,63,98.015214,-0.0006341,1.016634664,236.089002,-1.4532716,0.002425797,-0.139436046,0.990231079,-0.557904421,-0.82990521,-0.744005945,0.0341821,-0.0478813 
73,73,98.9682974,-0.0006667,1.016652652,250.9665104,-2.6587807,0.002402811,-0.155887939,0.987774747,-0.326120758,-0.945328118,-0.88293295,0.0281797,-0.0309418 
83,83,99.9213009,-0.0006942,1.016667283,266.1108747,-3.6974095,0.002390787,-0.172295323,0.98504534,-0.06782593,-0.99769717,-0.971090858,0.0225326,-0.0102278 
90,90,100.8742547,-0.0007145,1.016678713,281.3706206,-4.4793565,0.002391306,-0.18865419,0.982043582,0.197154663,-0.980372398,-0.999962475,0.0170606,0.0120777 
95,95,101.8271913,-0.0007262,1.016686984,296.5670897,-4.9407445,0.002404546,-0.204960577,0.978770229,0.447245418,-0.894411279,-0.967090812,0.011557,0.0333923 
95,96,102.7801423,-0.0007286,1.016692018,311.5251803,-5.0553181,0.002429218,-0.221210515,0.975226081,0.662949135,-0.748664441,-0.876768408,0.005825,0.0513129 
92,94,103.733137,-0.0007217,1.016693638,326.1038389,-4.8356095,0.002462824,-0.237400002,0.971411982,0.830049653,-0.557689496,-0.738800047,-0.0002911,0.0641202 
85,89,104.6861999,-0.000706,1.016691589,340.2156291,-4.3242641,0.002502136,-0.253524964,0.967328844,0.940973135,-0.338481255,-0.565982861,-0.00689,0.0710251 
76,81,105.6393511,-0.0006826,1.016685578,353.8309993,-3.5808162,0.002543737,-0.269581263,0.962977644,0.99420925,-0.107461465,-0.371503174,-0.0140145,0.0721302 
65,70,106.5926056,-0.0006532,1.016675299,6.9701309,-2.6696198,0.002584475,-0.285564687,0.958359436,0.992609549,0.121351899,-0.167155498,-0.0216641,0.0682042 
55,60,107.5459743,-0.0006192,1.016660458,19.6886678,-1.6519953,0.002621764,-0.301470968,0.953475357,0.941537199,0.336909044,0.03738834,-0.0298099,0.0603978 
47,51,108.4994649,-0.0005825,1.016640779,32.0628735,-0.5827845,0.002653733,-0.3172958,0.948326619,0.847466079,0.53084955,0.234521332,-0.0384082,0.0499906 
44,45,109.4530821,-0.0005447,1.016616015,44.1772481,0.4900132,0.002679239,-0.333034845,0.94291452,0.717187392,0.696880366,0.418250224,-0.0474091,0.0382058 
43,43,110.4068288,-0.0005075,1.016585949,56.1154585,1.5240864,0.002697798,-0.348683755,0.937240438,0.55752115,0.830162735,0.583663518,-0.0567608,0.0260899 
46,46,111.3607058,-0.0004723,1.016550394,67.9542819,2.4813336,0.002709465,-0.364238168,0.931305834,0.375346303,0.926884649,0.726497631,-0.0664112,0.0144455 
51,51,112.3147125,-0.0004406,1.016509191,79.7599461,3.326785,0.002714678,-0.379693724,0.925112251,0.177772721,0.984071572,0.842877481,-0.0763067,0.0038016 
57,57,113.268847,-0.0004136,1.016462216,91.5863652,4.0282637,0.0027141,-0.395046064,0.918661313,-0.027683759,0.999616731,0.929245578,-0.0863911,-0.0055855 
63,63,114.2231061,-0.0003923,1.016409376,103.4749969,4.5568464,0.002708471,-0.410290838,0.911954729,-0.233021013,0.9724717,0.982456553,-0.0966039,-0.0137043 
68,68,115.1774859,-0.0003775,1.016350617,115.4561974,4.8879804,0.00269848,-0.425423711,0.904994291,-0.429820945,0.902914146,0.999988169,-0.106879,-0.0207348 
72,72,116.1319813,-0.0003699,1.016285922,127.551951,5.0029668,0.002684674,-0.440440361,0.897781871,-0.609480525,0.792801041,0.980202224,-0.1171447,-0.0269715 
74,74,117.0865872,-0.0003695,1.01621532,139.7796811,4.8904665,0.002667417,-0.455336498,0.890319422,-0.763567081,0.645728513,0.922584598,-0.1273238,-0.0327279 
75,75,118.0412982,-0.0003764,1.016138883,152.156603,4.5477362,0.002646915,-0.47010786,0.882608973,-0.884227471,0.467056506,0.827910548,-0.1373353,-0.0382339 
74,75,118.9961093,-0.0003901,1.016056733,164.7038288,3.981468,0.002623287,-0.484750228,0.874652626,-0.96457505,0.263808593,0.698318853,-0.147095,-0.0435401 
71,73,119.9510165,-0.0004098,1.015969039,177.4493049,3.2083201,0.002596694,-0.499259432,0.866452549,-0.999009236,0.044503324,0.537324803,-0.156518,-0.0484449 
66,69,120.906017,-0.0004346,1.01587602,190.4286588,2.2553971,0.002567494,-0.51363136,0.858010971,-0.983481054,-0.181011096,0.349837205,-0.1655203,-0.0524607 
60,63,121.86111,-0.0004629,1.015777943,203.6831446,1.160946,0.002536406,-0.527861966,0.849330174,-0.9157808,-0.401678388,0.142248279,-0.174022,-0.0548354 
54,57,122.8162978,-0.0004929,1.015675118,217.2540804,-0.0246999,0.002504642,-0.541947288,0.84041248,-0.795958894,-0.605350675,-0.077376499,-0.1819527,-0.054641 
50,52,123.7715857,-0.0005228,1.015567891,231.1735626,-1.2384057,0.002473961,-0.555883443,0.831260247,-0.626963347,-0.779048755,-0.299073717,-0.1892594,-0.0509401 
51,50,124.7269837,-0.0005503,1.01545663,245.4520675,-2.4049149,0.002446611,-0.569666653,0.821875845,-0.415454353,-0.909614028,-0.510919308,-0.1959181,-0.0430211 
55,55,125.6825068,-0.0005734,1.015341708,260.0650653,-3.4406214,0.002425121,-0.583293244,0.812261652,-0.172529715,-0.985004313,-0.699445814,-0.2019475,-0.0306698 
64,64,126.6381752,-0.00059,1.015223469,274.9428114,-4.2618549,0.002411943,-0.596759646,0.802420043,0.086161368,-0.996281195,-0.850853626,-0.2074198,-0.0143965 
76,76,127.5940141,-0.0005987,1.015102201,289.968874,-4.7973813,0.002408998,-0.610062387,0.792353383,0.341509604,-0.939878285,-0.953057903,-0.2124629,0.0044866 
87,87,128.5500523,-0.0005983,1.014978103,304.9916767,-5.0019347,0.002417252,-0.623198068,0.782064044,0.573457433,-0.819235359,-0.998072081,-0.2172495,0.0240222 
96,96,129.5063206,-0.0005886,1.014851269,319.8483056,-4.8654506,0.002436442,-0.636163338,0.77155441,0.764339937,-0.644813508,-0.983753752,-0.2219712,0.0419889 
100,100,130.462849,-0.00057,1.014721683,334.393357,-4.4136605,0.00246506,-0.648954859,0.760826913,0.901782423,-0.432190306,-0.914038102,-0.2268086,0.0563786 
99,100,131.4196654,-0.0005434,1.014589233,348.5226054,-3.699885,0.002500599,-0.661569284,0.749884046,0.980003287,-0.198981301,-0.797552976,-0.2319054,0.0657887 
92,96,132.3767937,-0.0005103,1.014453741,2.1843946,-2.7921449,0.002539966,-0.674003238,0.73872839,0.999273335,0.038115643,-0.645356356,-0.2373569,0.0696053 
82,87,133.3342535,-0.0004723,1.014314985,15.3781486,-1.7609189,0.00257994,-0.686253319,0.72736262,0.964196612,0.265188413,-0.468794987,-0.2432114,0.0679678 
69,76,134.2920602,-0.0004314,1.014172728,28.1443249,-0.6709549,0.002617555,-0.698316101,0.71578951,0.88176222,0.471694167,-0.278115019,-0.2494797,0.0615943 
55,62,135.2502256,-0.0003893,1.014026735,40.5512295,0.4222582,0.002650375,-0.710188148,0.704011928,0.759824975,0.650127685,-0.081921046,-0.2561488,0.0515596 
43,49,136.2087582,-0.0003477,1.01387678,52.6825348,1.4725522,0.002676638,-0.72186602,0.692032838,0.606230853,0.795288723,0.112748459,-0.263192,0.0390943 
34,38,137.1676639,-0.0003081,1.013722657,64.6271967,2.4413353,0.002695298,-0.73334629,0.679855292,0.428506297,0.903538795,0.300032128,-0.2705768,0.0254293 
32,32,138.1269463,-0.0002721,1.013564178,76.4719642,3.295399,0.002705994,-0.744625547,0.667482431,0.233921133,0.972255575,0.474779863,-0.2782686,0.0116864 
34,34,139.0866071,-0.0002408,1.013401178,88.296028,4.0051443,0.002708963,-0.755700403,0.654917477,0.029735538,0.999557801,0.632156715,-0.2862313,-0.0011953 
42,42,140.0466461,-0.0002153,1.013233509,100.1672895,4.5436856,0.002704917,-0.766567501,0.642163738,-0.176522828,0.984296546,0.767396213,-0.2944264,-0.0125086 
52,52,141.0070614,-0.0001964,1.01306105,112.1399632,4.8870185,0.002694904,-0.777223516,0.629224607,-0.376870415,0.926265993,0.875741905,-0.30281,-0.0218085 
63,63,141.9678493,-0.0001847,1.012883708,124.253509,5.0152205,0.00268015,-0.78766516,0.616103559,-0.56285555,0.826555279,0.952585356,-0.3113304,-0.0289212 
72,72,142.9290044,-0.0001804,1.012701419,136.533079,4.9144569,0.002661905,-0.797889184,0.602804156,-0.725771663,0.687935675,0.993775844,-0.319925,-0.0339298 
79,79,143.8905201,-0.0001835,1.012514163,148.9916509,4.5793721,0.002641308,-0.807892387,0.589330036,-0.857092241,0.515162975,0.996039311,-0.3285196,-0.0371271 
84,84,144.8523884,-0.0001936,1.012321964,161.6337553,4.0153229,0.002619287,-0.817671618,0.575684919,-0.949061809,0.31508996,0.957413443,-0.3370278,-0.038936 
87,87,145.8146008,-0.0002099,1.012124899,174.460262,3.2399277,0.002596513,-0.827223784,0.561872593,-0.995329484,0.096536095,0.877601209,-0.3453534,-0.0398023 
86,87,146.7771488,-0.0002314,1.011923102,187.4732337,2.2836058,0.002573422,-0.836545863,0.547896906,-0.99150573,-0.130063015,0.758178893,-0.353394,-0.0400759 
82,85,147.7400244,-0.0002564,1.011716769,200.6795816,1.1890852,0.002550302,-0.845634903,0.533761755,-0.935569939,-0.353141459,0.602657189,-0.3610456,-0.0399048 
76,79,148.7032213,-0.0002834,1.011506154,214.0923029,0.0101173,0.002527432,-0.854488037,0.519471071,-0.828135643,-0.560527748,0.416454051,-0.3682085,-0.039168 
66,71,149.6667355,-0.0003103,1.011291564,227.7284244,-1.1903274,0.002505239,-0.863102489,0.505028805,-0.6726455,-0.739964885,0.206858424,-0.3747929,-0.0374718 
55,61,150.6305661,-0.0003351,1.011073357,241.6033696,-2.342357,0.002484443,-0.871475574,0.490438909,-0.475572476,-0.879676543,-0.016977808,-0.3807268,-0.0342219 
46,50,151.5947162,-0.0003557,1.010851923,255.722278,-3.3723488,0.00246613,-0.879604707,0.475705328,-0.246622217,-0.969111697,-0.244081535,-0.3859633,-0.0287725 
43,43,152.5591934,-0.0003702,1.010627669,270.0698674,-4.2077522,0.002451725,-0.887487401,0.460831979,0.001219416,-0.999999257,-0.461913852,-0.3904902,-0.0206322 
47,47,153.5240104,-0.0003771,1.010401,284.6016649,-4.7840435,0.002442839,-0.895121267,0.445822742,0.252097478,-0.967701845,-0.657081304,-0.3943381,-0.009684 
60,60,154.4891849,-0.0003753,1.010172286,299.2402848,-5.0534154,0.002441001,-0.902504005,0.43068146,0.488473292,-0.872578846,-0.816652634,-0.3975853,0.0036482 
76,76,155.4547387,-0.0003642,1.009941843,313.8799508,-4.9932498,0.002447322,-0.909633396,0.415411945,0.693149647,-0.720793706,-0.929938383,-0.4003549,0.0183579 
90,90,156.420697,-0.0003441,1.0097099,328.3999096,-4.6112754,0.002462192,-0.916507288,0.400017988,0.851726107,-0.52398725,-0.99021751,-0.4028022,0.0329831 
99,99,157.3870862,-0.0003157,1.009476597,342.6835374,-3.9447751,0.002485087,-0.923123578,0.384503394,0.954675316,-0.29764919,-0.995730418,-0.4050946,0.0458794 
103,103,158.3539327,-0.0002803,1.009241976,356.6371422,-3.0535396,0.002514563,-0.929480204,0.368871998,0.998278064,-0.058659249,-0.949517452,-0.4073891,0.0555509 
102,103,159.3212606,-0.0002396,1.009005998,10.2027924,-2.009067,0.002548421,-0.935575129,0.353127707,0.984186976,0.177132706,-0.858230391,-0.4098145,0.0609265 
95,99,160.2890913,-0.0001954,1.008768558,23.3626404,-0.8838095,0.002584008,-0.941406347,0.337274501,0.91801339,0.396549386,-0.730477636,-0.4124625,0.0615062 
84,90,161.2574423,-0.0001498,1.00852951,36.1357903,0.2565559,0.00261855,-0.946971874,0.321316463,0.80762168,0.58970096,-0.575314389,-0.4153885,0.0573657 
70,77,162.226328,-0.0001044,1.008288685,48.5707228,1.3568143,0.002649462,-0.952269762,0.305257759,0.661695073,0.749773052,-0.401238168,-0.4186182,0.0490613 
55,63,163.1957593,-0.0000611,1.008045906,60.736287,2.3724978,0.002674586,-0.957298102,0.289102651,0.488830048,0.872379037,-0.215748985,-0.4221569,0.0374904 
40,48,164.1657442,-0.0000213,1.007800995,72.7132131,3.2681349,0.002692345,-0.962055032,0.272855486,0.297154687,0.954829352,-0.025348735,-0.4259978,0.0237507 
28,34,165.1362881,0.0000136,1.007553781,84.5869388,4.0147906,0.002701827,-0.96653874,0.25652069,0.09433526,0.995540486,0.164198049,-0.4301283,0.0090202 
24,25,166.1073944,0.0000426,1.007304102,96.4417684,4.587854,0.002702797,-0.970747477,0.240102763,-0.112193355,0.993686395,0.347498266,-0.4345328,-0.0055403 
27,27,167.0790641,0.0000649,1.007051805,108.3560583,4.9656609,0.002695667,-0.974679553,0.223606279,-0.314921225,0.949117812,0.519175982,-0.4391938,-0.0188659 
38,38,168.0512961,0.0000797,1.006796746,120.3981307,5.1292717,0.002681419,-0.978333349,0.207035886,-0.506005624,0.862530178,0.673616876,-0.4440902,-0.0300584 
52,52,169.024087,0.0000868,1.006538798,132.622828,5.0635349,0.00266149,-0.981707312,0.190396305,-0.677169195,0.735827345,0.804880758,-0.4491933,-0.0384507 
65,65,169.9974313,0.0000862,1.006277852,145.0689107,4.7593627,0.002637621,-0.984799967,0.173692329,-0.819841303,0.572590812,0.906834319,-0.4544628,-0.0436652 
77,77,170.9713208,0.0000782,1.006013828,157.7577483,4.2168796,0.002611678,-0.987609914,0.156928829,-0.925591701,0.37852345,0.973524783,-0.4598418,-0.045653 
86,86,171.9457453,0.0000635,1.005746684,170.6938074,3.448772,0.002585456,-0.990135839,0.140110746,-0.986838244,0.161710481,0.999761289,-0.4652534,-0.0446999 
93,93,172.9206924,0.0000431,1.005476428,183.867197,2.4829,0.002560502,-0.992376512,0.123243088,-0.997723055,-0.067444085,0.981804908,-0.4706003,-0.0413797 
96,96,173.8961487,0.0000187,1.005203129,197.2579887,1.363212,0.002537968,-0.994330799,0.106330908,-0.954978589,-0.29667473,0.91801893,-0.4757674,-0.0364495 
95,96,174.8721,-0.000008,1.004926929,210.8413804,0.1483503,0.002518555,-0.995997661,0.089379305,-0.858589863,-0.512663093,0.809332024,-0.4806291,-0.0306972 
90,93,175.8485331,-0.000035,1.00464804,224.5923204,-1.0920122,0.002502539,-0.997376157,0.072393383,-0.712120152,-0.702057611,0.659427335,-0.4850589,-0.024776 
81,86,176.8254361,-0.0000601,1.004366745,238.4882306,-2.2824303,0.002489891,-0.998465447,0.055378248,-0.522673699,-0.852532817,0.474659854,-0.4889406,-0.019069 
67,74,177.8028004,-0.0000812,1.00408339,252.5089856,-3.347587,0.002480457,-0.999264791,0.038338969,-0.300556226,-0.953764098,0.263768922,-0.4921783,-0.0136288 
52,60,178.7806209,-0.0000963,1.003798368,266.6341633,-4.2180714,0.002474142,-0.999773543,0.021280574,-0.058711151,-0.998275013,0.03745399,-0.4947048,-0.0082099 
41,46,179.7588969,-0.000104,1.003512102,280.8384899,-4.8357061,0.00247105,-0.999991146,0.004208031,0.188041149,-0.982161151,-0.192172448,-0.4964874,-0.0023913 
40,40,180.7376324,-0.0001031,1.00322502,295.0871155,-5.1583847,0.002471538,-0.99991713,-0.012873758,0.42399577,-0.905664169,-0.412301332,-0.4975315,0.0042442 
47,47,181.7168362,-0.000093,1.002937538,309.3326564,-5.1642682,0.002476155,-0.9995511,-0.029959961,0.633821829,-0.773479081,-0.610363903,-0.4978819,0.0119202 
62,62,182.6965216,-0.0000737,1.002650036,323.5156269,-4.8547247,0.002485488,-0.998892733,-0.047045808,0.804019063,-0.59460352,-0.775155196,-0.4976208,0.0205208 
78,78,183.6767052,-0.0000458,1.002362834,337.5688971,-4.2549944,0.002499942,-0.997941773,-0.064126579,0.924339034,-0.381572208,-0.897967614,-0.4968613,0.0295348 
91,91,184.6574063,-0.0000106,1.002076184,351.4254113,-3.4116837,0.002519523,-0.996698025,-0.081197586,0.988822604,-0.149096805,-0.973451236,-0.4957367,0.0381128 
99,99,185.6386454,0.0000306,1.001790254,5.0271984,-2.387039,0.002543684,-0.995161355,-0.098254148,0.996153213,0.087628628,-0.999943057,-0.4943868,0.045221 
102,102,186.6204428,0.0000757,1.001505137,18.3333171,-1.2511293,0.002571278,-0.993331693,-0.115291573,0.949242733,0.314544487,-0.97917722,-0.4929431,0.0498467 
99,99,187.6028175,0.000123,1.001220853,31.324973,-0.0738655,0.002600627,-0.991209035,-0.132305133,0.854232311,0.519891488,-0.915507097,-0.4915185,0.0511914 
92,94,188.5857863,0.0001703,1.000937365,44.0071968,1.0812856,0.002629686,-0.988793447,-0.149290052,0.71925254,0.69474872,-0.814911271,-0.4902005,0.0488037 
82,87,189.5693635,0.000216,1.000654592,56.4075309,2.1608688,0.002656266,-0.986085069,-0.166241503,0.553282066,0.832993971,-0.684061354,-0.4890509,0.0426338 
68,75,190.5535604,0.0002583,1.000372424,68.5727306,3.1222892,0.002678263,-0.983084123,-0.183154598,0.36531987,0.930882051,-0.529635492,-0.4881097,0.0330174 
54,61,191.5383858,0.0002958,1.000090733,80.5645024,3.9326734,0.002693864,-0.979790916,-0.200024399,0.163937162,0.986470784,-0.357942367,-0.4874004,0.0206167 
40,47,192.5238459,0.0003274,0.999809382,92.4550058,4.5667252,0.002701713,-0.976205843,-0.216845919,-0.042834824,0.999082168,-0.174831285,-0.4869364,0.0063412 
28,34,193.5099445,0.0003521,0.999528226,104.3224559,5.0044701,0.002701033,-0.972329388,-0.233614129,-0.247378779,0.968918851,0.014180524,-0.4867254,-0.008733 
22,23,194.4966832,0.0003692,0.999247117,116.2468539,5.2295561,0.002691697,-0.968162133,-0.250323958,-0.442239442,0.896897026,0.203644668,-0.4867726,-0.023442 
27,25,195.4840613,0.0003784,0.998965906,128.3056878,5.2285712,0.002674255,-0.963704757,-0.2669703,-0.619856934,0.784714841,0.387863519,-0.4870809,-0.0366126 
36,36,196.4720759,0.0003795,0.998684441,140.5694238,4.9916751,0.002649918,-0.958958041,-0.283548013,-0.772394736,0.635142796,0.560600665,-0.4876494,-0.0471484 
51,51,197.4607211,0.0003728,0.998402575,153.0967322,4.5146888,0.002620484,-0.953922874,-0.300051912,-0.891771724,0.452485571,0.714912285,-0.4884687,-0.0541295 
65,65,198.4499886,0.0003588,0.998120169,165.9296662,3.802528,0.002588206,-0.948600258,-0.316476778,-0.969998023,0.243112806,0.843200816,-0.4895141,-0.0569262 
79,79,199.4398665,0.0003385,0.997837105,179.089368,2.8734397,0.002555585,-0.942991311,-0.332817347,-0.999873701,0.015892858,0.937582793,-0.4907384,-0.0553134 
89,89,200.43034,0.0003133,0.997553299,192.5732038,1.762917,0.002525117,-0.937097278,-0.34906832,-0.976018677,-0.217686799,0.99061201,-0.492065,-0.0495551 
97,97,201.4213911,0.000285,0.997268723,206.354317,0.525681,0.002498998,-0.930919526,-0.365224364,-0.896065991,-0.44392087,0.996296046,-0.4933856,-0.040418 
101,101,202.4129999,0.0002557,0.996983418,220.384282,-0.7658685,0.002478856,-0.924459548,-0.381280138,-0.761716078,-0.647910963,0.951211283,-0.4945637,-0.0290775 
99,100,203.4051454,0.0002277,0.996697511,234.5987983,-2.0274512,0.002465568,-0.917718956,-0.397230307,-0.579298268,-0.815115646,0.855421641,-0.4954467,-0.0169111 
93,96,204.3978073,0.0002033,0.996411216,248.9254443,-3.1721064,0.002459226,-0.91069947,-0.413069578,-0.35958246,-0.933113313,0.712912278,-0.4958829,-0.0052251 
81,88,205.3909673,0.0001845,0.99612483,263.2918198,-4.1205025,0.002459248,-0.903402903,-0.428792717,-0.116812532,-0.993153982,0.531385975,-0.49574,0.0050007 
66,74,206.3846108,0.0001731,0.995838719,277.6322986,-4.8096806,0.002464623,-0.895831153,-0.444394582,0.132815134,-0.991140828,0.321477679,-0.4949195,0.0132691 
51,59,207.3787273,0.0001703,0.995553292,291.8921481,-5.1984563,0.002474197,-0.887986186,-0.459870126,0.372860627,-0.92788736,0.095612591,-0.4933642,0.0195763 
42,45,208.3733115,0.0001766,0.99526898,306.0286856,-5.2691952,0.00248693,-0.879870024,-0.475214415,0.58819022,-0.808722614,-0.133214299,-0.4910592,0.0242945 
44,43,209.3683623,0.0001923,0.994986211,320.0100329,-5.0268136,0.002502062,-0.871484747,-0.49042261,0.766156988,-0.64265346,-0.352522341,-0.4880282,0.0279762 
51,51,210.3638835,0.0002167,0.994705389,333.8125721,-4.496144,0.002519151,-0.862832477,-0.505489977,0.897355225,-0.441308962,-0.551189975,-0.4843271,0.031145 
64,64,211.3598822,0.0002488,0.99442688,347.4183027,-3.7184676,0.002538007,-0.853915393,-0.520411858,0.975986396,-0.217831481,-0.720047721,-0.4800379,0.0341264 
77,77,212.3563688,0.0002871,0.994150993,0.8130311,-2.7475192,0.002558545,-0.844735717,-0.535183677,0.999899323,0.014189593,-0.85224471,-0.4752606,0.0369516 
87,87,213.3533554,0.00033,0.99387798,13.9858629,-1.6450148,0.002580611,-0.835295734,-0.549800907,0.970355388,0.241682478,-0.943410962,-0.470106,0.0393489 
92,92,214.3508554,0.0003756,0.993608026,26.9299958,-0.4758359,0.002603819,-0.825597787,-0.564259067,0.891560546,0.452901526,-0.991624206,-0.4646877,0.040812 
93,93,215.3488821,0.0004218,0.993341251,39.6444476,0.6967206,0.002627454,-0.815644292,-0.578553705,0.770018525,0.638021529,-0.997190934,-0.4591141,0.0407228 
91,91,216.3474484,0.0004668,0.993077716,52.1361716,1.8150111,0.002650444,-0.805437742,-0.59268039,0.613786918,0.789471734,-0.962271564,-0.4534828,0.0384921 
85,87,217.3465656,0.0005089,0.99281743,64.4220024,2.8298466,0.002671418,-0.794980717,-0.6066347,0.4317394,0.901998387,-0.890408019,-0.4478761,0.0336868 
76,81,218.3462435,0.0005466,0.992560358,76.5300134,3.7017279,0.002688821,-0.78427589,-0.620412224,0.232935973,0.972492073,-0.786032037,-0.4423603,0.0261207 
66,71,219.3464897,0.0005784,0.992306433,88.5000565,4.400606,0.002701075,-0.773326031,-0.634008557,0.026175963,0.999657351,-0.654033867,-0.4369868,0.0159003 
55,61,220.3473097,0.0006035,0.992055561,100.3834308,4.9045869,0.002706752,-0.762134009,-0.647419302,-0.180234702,0.983623633,-0.49945393,-0.4317951,0.0034327 
44,49,221.3487071,0.0006211,0.991807627,112.2417307,5.1981621,0.002704738,-0.750702795,-0.660640078,-0.378515033,0.925595143,-0.327332955,-0.4268168,-0.0105954 
33,38,222.3506833,0.0006308,0.9915625,124.1449248,5.2705602,0.002694391,-0.739035465,-0.673666521,-0.561288092,0.827620491,-0.14272841,-0.4220792,-0.0252571 
27,29,223.3532377,0.0006322,0.991320034,136.168644,5.1147404,0.002675658,-0.7271352,-0.686494284,-0.721381334,0.692538065,0.049118338,-0.4176075,-0.0394373 
29,28,224.3563674,0.0006257,0.991080067,148.3905359,4.7274571,0.002649172,-0.715005289,-0.699119043,-0.851640371,0.524126587,0.242500491,-0.4134256,-0.0519009 
35,35,225.3600674,0.0006115,0.990842427,160.8854487,4.1107125,0.002616288,-0.702649133,-0.711536504,-0.944865779,0.327457875,0.430910888,-0.4095543,-0.061384 
48,48,226.3643293,0.0005906,0.99060693,173.7192105,3.2747411,0.002579073,-0.690070259,-0.723742384,-0.993997692,0.109401043,0.606750073,-0.4060058,-0.0667214 
62,62,227.3691417,0.0005641,0.99037339,186.9409836,2.2422919,0.002540198,-0.677272318,-0.735732429,-0.992671154,-0.120846926,0.761219696,-0.4027756,-0.0670149 
75,75,228.3744893,0.0005337,0.99014163,200.5747065,1.0533104,0.002502728,-0.664259101,-0.747502406,-0.936214767,-0.351428386,0.884582743,-0.399831,-0.0618319 
87,87,229.3803525,0.0005012,0.989911505,214.6109952,-0.2317747,0.002469797,-0.651034543,-0.759048103,-0.823027383,-0.568001696,0.966959867,-0.3971007,-0.0513914 
95,95,230.3867079,0.000469,0.989682921,229.0018585,-1.5326111,0.002444198,-0.637602725,-0.770365345,-0.656034548,-0.75473086,0.999707915,-0.3944688,-0.0366616 
99,99,231.3935291,0.0004394,0.989455866,243.6610918,-2.755358,0.002427962,-0.623967856,-0.781450007,-0.443679871,-0.896185345,0.977166022,-0.3917793,-0.0192857 
98,98,232.4007879,0.0004149,0.989230424,258.472432,-3.804924,0.002422038,-0.610134269,-0.792298034,-0.199839404,-0.979828665,0.898245193,-0.388853,-0.0013006 
92,95,233.4084569,0.0003973,0.989006783,273.3051144,-4.5998468,0.002426188,-0.596106372,-0.80290547,0.057653142,-0.998336674,0.767202571,-0.3855133,0.0152885 
82,87,234.4165111,0.0003882,0.988785227,288.0332265,-5.0847026,0.002439126,-0.581888632,-0.813268479,0.309568471,-0.950877154,0.593184043,-0.3816134,0.0289284 
69,76,235.4249296,0.0003884,0.98856611,302.5532179,-5.2359257,0.002458871,-0.567485542,-0.823383361,0.538082742,-0.842892023,0.388669091,-0.3770535,0.038779 
57,63,236.4336965,0.000398,0.98834983,316.7946664,-5.0602691,0.002483172,-0.5529016,-0.833246554,0.728904901,-0.684614962,0.167440372,-0.3717864,0.0447455 
50,53,237.4428012,0.0004164,0.988136797,330.7224717,-4.5883038,0.002509906,-0.538141304,-0.842854635,0.872261144,-0.489040384,-0.057209795,-0.3658121,0.0473204 
50,50,238.4522374,0.0004428,0.987927411,344.3319454,-3.8664176,0.002537342,-0.523209156,-0.852204306,0.962842471,-0.270063653,-0.273618589,-0.359167,0.0473279 
53,53,239.4620032,0.0004757,0.987722042,357.6400327,-2.9498408,0.002564259,-0.508109657,-0.861292387,0.999151845,-0.041177554,-0.472212788,-0.3519123,0.0456648 
61,61,240.4720998,0.0005134,0.987521021,10.6758551,-1.8976366,0.002589922,-0.492847322,-0.870115807,0.982690951,0.185252518,-0.645507747,-0.344125,0.0430953 
68,68,241.4825308,0.0005541,0.98732463,23.4727436,-0.7694124,0.002613967,-0.477426685,-0.878671588,0.917249661,0.398312766,-0.787905576,-0.3358913,0.0401246 
74,74,242.4933017,0.0005959,0.987133102,36.0627916,0.376947,0.002636235,-0.461852308,-0.886956845,0.808372343,0.588671517,-0.895474864,-0.3273017,0.0369503 
79,79,243.504419,0.0006369,0.986946616,48.474134,1.4871306,0.002656595,-0.446128789,-0.894968772,0.662958094,0.748656507,-0.965788887,-0.3184475,0.033483 
80,80,244.5158898,0.0006755,0.986765298,60.7306647,2.5121128,0.002674798,-0.430260767,-0.902704643,0.48891565,0.872331065,-0.997818525,-0.3094179,0.0294195 
79,79,245.5277209,0.00071,0.986589226,72.8536441,3.4096724,0.002690383,-0.414252936,-0.910161802,0.294813526,0.955554805,-0.991836851,-0.3002969,0.0243467 
77,77,246.5399188,0.000739,0.986418429,84.8645144,4.1454809,0.002702647,-0.398110043,-0.917337666,0.089511168,0.995985819,-0.949290601,-0.2911614,0.017858 
72,74,247.5524889,0.0007616,0.986252896,96.788202,4.6935347,0.00271068,-0.381836902,-0.924229723,-0.1181995,0.992989868,-0.872617819,-0.2820797,0.0096597 
66,69,248.5654353,0.0007769,0.986092578,108.65625,5.0358562,0.002713456,-0.365438394,-0.930835528,-0.319889625,0.947454816,-0.765024653,-0.2731117,-0.0003433 
59,63,249.578761,0.0007845,0.985937394,120.5092596,5.1616099,0.002709965,-0.348919465,-0.937152713,-0.507677605,0.861547126,-0.630262628,-0.2643102,-0.0119904 
51,55,250.5924671,0.000784,0.985787233,132.3982931,5.0659588,0.002699374,-0.332285138,-0.943178979,-0.674280388,0.738475428,-0.472461149,-0.2557223,-0.0248368 
44,47,251.6065532,0.0007757,0.98564196,144.3850211,4.7490952,0.002681187,-0.315540507,-0.948912108,-0.812948548,0.58233552,-0.296067029,-0.2473927,-0.038151 
38,41,252.6210172,0.0007598,0.985501412,156.5404361,4.2158987,0.002655411,-0.298690738,-0.954349958,-0.91734126,0.398101761,-0.105927061,-0.2393646,-0.0509353 
37,37,253.6358549,0.000737,0.985365404,168.9418743,3.4766351,0.002622692,-0.281741076,-0.959490472,-0.981433106,0.191804743,0.092475196,-0.2316814,-0.0619763 
40,38,254.6510597,0.0007085,0.985233724,181.6679344,2.5489838,0.002584423,-0.264696849,-0.964331674,-0.999576306,-0.029106835,0.292653342,-0.2243837,-0.0699315 
45,45,255.6666221,0.0006755,0.985106138,194.790772,1.461413,0.002542774,-0.247563475,-0.968871677,-0.966864518,-0.255290039,0.486703628,-0.217505,-0.0734727 
55,55,256.6825289,0.0006399,0.984982401,208.3654093,0.2573726,0.002500628,-0.230346476,-0.973108679,-0.879935557,-0.47509306,0.665007234,-0.211061,-0.0714953 
67,67,257.6987625,0.0006036,0.984862262,222.416464,-1.0011284,0.002461381,-0.213051489,-0.977040973,-0.738261549,-0.674514556,0.81631608,-0.2050362,-0.0633894 
79,79,258.7153006,0.0005689,0.984745495,236.9243531,-2.2330376,0.002428566,-0.195684268,-0.98066695,-0.545745846,-0.837950757,0.92854449,-0.1993692,-0.0493197 
88,88,259.7321161,0.0005383,0.984631924,251.8153406,-3.3437069,0.002405352,-0.178250688,-0.983985108,-0.312080558,-0.950055643,0.990469179,-0.1939432,-0.0304057 
95,95,260.7491777,0.0005139,0.984521457,266.9614046,-4.2375719,0.002393992,-0.160756731,-0.98699406,-0.053008638,-0.998594054,0.994127894,-0.1885898,-0.0086698 
96,96,261.7664522,0.0004974,0.984414109,282.1944597,-4.8355657,0.002395386,-0.143208443,-0.989692549,0.211230283,-0.977436324,0.937111487,-0.1831106,0.0133167 
94,95,262.7839069,0.0004901,0.984310009,297.3337506,-5.0908378,0.002408928,-0.125611891,-0.992079459,0.459172923,-0.888346907,0.823633139,-0.17731,0.0330051 
88,91,263.8015117,0.0004924,0.984209392,312.2179576,-4.9959798,0.002432687,-0.107973126,-0.994153813,0.671952739,-0.74059403,0.663711541,-0.1710287,0.0484366 
79,83,264.8192408,0.0005038,0.984112567,326.7304544,-4.5793826,0.002463857,-0.090298142,-0.995914778,0.836099065,-0.548578484,0.470839227,-0.1641642,0.0585793 
69,74,265.8370742,0.0005233,0.984019887,340.8101416,-3.894074,0.002499319,-0.072592853,-0.997361658,0.944434566,-0.328699483,0.259273062,-0.156673,0.0633538 
60,64,266.8549968,0.0005497,0.983931714,354.4478591,-3.0049362,0.002536134,-0.054863101,-0.998493886,0.995308564,-0.096751553,0.04200012,-0.1485607,0.0634174 
54,56,267.8729984,0.000581,0.983848397,7.6737943,-1.978743,0.00257188,-0.037114655,-0.999311014,0.991044378,0.13353292,-0.170223188,-0.1398668,0.0598492 
51,52,268.8910725,0.0006155,0.983770256,20.5421833,-0.8784506,0.002604806,-0.019353228,-0.999812709,0.9364141,0.350896899,-0.368953815,-0.1306497,0.053852 
51,51,269.9092156,0.0006512,0.983697572,33.1175974,0.2390146,0.002633836,-0.001584486,-0.999998745,0.837550951,0.546359226,-0.547685628,-0.1209777,0.0465275 
54,54,270.9274265,0.0006864,0.983630588,45.4646659,1.3229829,0.002658466,0.016185939,-0.999868999,0.70134899,0.712818065,-0.701372693,-0.1109226,0.0387363 
59,59,271.9457058,0.0007194,0.983569505,57.6414884,2.3286081,0.002678602,0.033952446,-0.99942345,0.535215269,0.844715701,-0.826056813,-0.1005576,0.0310326 
64,64,272.9640554,0.0007485,0.98351448,69.6963153,3.2165806,0.002694379,0.051709454,-0.998662171,0.346995967,0.937866621,-0.918668944,-0.0899558,0.023657 
68,68,273.9824779,0.0007724,0.983465629,81.6669269,3.9532896,0.002705987,0.069451397,-0.997585336,0.144927365,0.989442297,-0.976987719,-0.0791904,0.016575 
70,70,275.0009766,0.0007902,0.983423025,93.5821682,4.5113704,0.002713536,0.087172723,-0.996193212,-0.062479907,0.998046222,-0.999693416,-0.0683338,0.0095493 
72,72,276.0195547,0.000801,0.983386701,105.4650929,4.8703683,0.002716962,0.104867881,-0.994486163,-0.266651241,0.963793088,-0.98644204,-0.0574573,0.002234 
72,72,277.0382156,0.0008041,0.983356647,117.3371071,5.0172108,0.002715993,0.122531333,-0.992464645,-0.459224963,0.888320006,-0.937895647,-0.0466299,-0.00572 
70,71,278.0569619,0.0007996,0.983332816,129.222434,4.9462803,0.002710183,0.14015753,-0.990129217,-0.632332682,0.77469696,-0.855676281,-0.035918,-0.0145622 
68,69,279.0757958,0.0007873,0.983315124,141.1522062,4.6590713,0.002698989,0.157740927,-0.987480531,-0.778815007,0.627253685,-0.742251804,-0.0253852,-0.0243531 
64,66,280.0947183,0.0007677,0.983303448,153.1675704,4.1636245,0.002681908,0.175275971,-0.984519342,-0.892330477,0.451382675,-0.600799065,-0.0150928,-0.0348963 
58,61,281.1137292,0.0007414,0.983297632,165.3213051,3.4740852,0.002658632,0.192757098,-0.981246504,-0.967362044,0.253398254,-0.435112051,-0.0051008,-0.0456969 
53,55,282.132827,0.0007095,0.983297486,177.6775347,2.6107923,0.002629231,0.210178739,-0.977662978,-0.999178583,0.040523567,-0.249624486,0.004531,-0.0559523 
48,50,283.1520083,0.0006732,0.983302785,190.3090903,1.601245,0.00259432,0.227535308,-0.973769831,-0.983856658,-0.178958312,-0.049597922,0.0137432,-0.0645803 
45,46,284.1712672,0.0006341,0.983313269,203.29194,0.4820797,0.002555202,0.244821196,-0.969568245,-0.918502015,-0.395416298,0.158514324,0.0224786,-0.0702991 
46,45,285.1905952,0.0005939,0.983328649,216.6960038,-0.6982285,0.002513944,0.262030773,-0.965059518,-0.801817325,-0.597569224,0.366589055,0.0306878,-0.071775 
49,49,286.2099797,0.0005548,0.983348609,230.5719437,-1.8769391,0.002473345,0.279158364,-0.960245077,-0.635108825,-0.772422669,0.564419125,0.0383395,-0.0678534 
57,57,287.2294038,0.000519,0.983372827,244.9346722,-2.9768066,0.002436746,0.296198253,-0.955126481,-0.423651346,-0.905825335,0.739692976,0.045436,-0.0578658 
69,69,288.248845,0.0004885,0.983400995,259.7467566,-3.9105704,0.002407656,0.313144662,-0.949705439,-0.17799925,-0.984030623,0.87879972,0.0520289,-0.0419549 
80,80,289.2682758,0.0004654,0.98343285,274.9080672,-4.5919933,0.002389208,0.329991767,-0.94398381,0.085557207,-0.99633326,0.96875564,0.0582306,-0.0212921 
90,90,290.2876642,0.0004509,0.983468214,290.2595247,-4.9522595,0.002383566,0.346733716,-0.937963608,0.346273015,-0.938133785,0.999999879,0.0642106,0.0019671 
97,97,291.3069758,0.000446,0.983507016,305.605273,-4.9561961,0.00239145,0.363364662,-0.931646995,0.582197798,-0.813047184,0.969023072,0.0701729,0.0250681 
100,100,292.3261763,0.0004504,0.983549306,320.7486298,-4.6106908,0.002411964,0.379878814,-0.925036262,0.774377513,-0.632723848,0.879462114,0.0763204,0.0452857 
98,99,293.3452338,0.0004635,0.983595242,335.5286291,-3.9609854,0.002442799,0.396270473,-0.91813382,0.910168368,-0.414238509,0.740999234,0.0828189,0.0605388 
91,95,294.3641211,0.0004837,0.983645059,349.8435192,-3.0773181,0.002480726,0.412534074,-0.91094217,0.984329829,-0.17633714,0.566702532,0.0897768,0.069747 
81,86,295.3828164,0.0005094,0.983699041,3.6556985,-2.0389185,0.002522189,0.428664194,-0.903463894,0.997965217,0.063760694,0.370186471,0.0972426,0.0728474 
68,74,296.4013028,0.0005384,0.983757482,16.9818855,-0.9215714,0.00256384,0.444655546,-0.89570165,0.956397144,0.292069347,0.163660298,0.1052167,0.0705638 
55,61,297.4195681,0.0005688,0.983820668,29.8764259,0.2088994,0.002602896,0.460502972,-0.887658162,0.867101776,0.498131017,-0.042867118,0.1136682,0.064082 
45,49,298.4376039,0.0005988,0.983888862,42.4143819,1.2981631,0.00263732,0.47620143,-0.879336226,0.73828606,0.674487727,-0.241528615,0.122549,0.0547514 
40,41,299.4554047,0.0006264,0.983962296,54.6778267,2.3021019,0.002665847,0.491745983,-0.870738703,0.578173424,0.8159139,-0.426133352,0.1318041,0.0438632 
39,39,300.4729672,0.0006503,0.98404117,66.7461666,3.1846498,0.002687903,0.50713178,-0.861868527,0.394805328,0.918764798,-0.591636134,0.1413766,0.0325094 
43,43,301.49029,0.0006691,0.98412565,78.6900621,3.9159368,0.002703471,0.522354059,-0.852728701,0.196116228,0.980580657,-0.733727162,0.1512096,0.0215069 
51,51,302.5073735,0.0006817,0.984215871,90.5682227,4.4712652,0.002712916,0.537408142,-0.843322293,-0.009917194,0.999950823,-0.848610402,0.1612458,0.011369 
59,59,303.524219,0.0006874,0.984311932,102.4265009,4.8309876,0.002716814,0.552289421,-0.833652443,-0.215187042,0.976572853,-0.932967872,0.1714262,0.0023128 
66,66,304.5408292,0.0006857,0.9844139,114.2989089,4.9810843,0.002715789,0.566993369,-0.823722356,-0.411497002,0.911411113,-0.984065781,0.1816889,-0.0057033 
72,72,305.5572076,0.0006762,0.984521804,126.2102656,4.9140928,0.002710381,0.581515529,-0.813535303,-0.59075024,0.806854481,-0.999935043,0.1919687,-0.012916 
76,76,306.5733581,0.0006592,0.984635633,138.1801086,4.6300067,0.002700958,0.595851509,-0.803094626,-0.745244554,0.666791237,-0.979551552,0.2021964,-0.0196706 
79,79,307.5892851,0.0006349,0.984755336,150.2273313,4.1368404,0.00268768,0.609996987,-0.792403733,-0.868002422,0.496559962,-0.922954829,0.2122999,-0.0263192 
79,79,308.604993,0.0006041,0.984880821,162.3748367,3.4507351,0.002670529,0.623947699,-0.781466102,-0.95305778,0.302788486,-0.831277147,0.2222051,-0.0331149 
77,78,309.6204858,0.0005678,0.985011952,174.6534165,2.5956994,0.00264939,0.637699442,-0.770285286,-0.995649269,0.093180116,-0.706700255,0.2318365,-0.0401149 
73,76,310.6357665,0.0005272,0.985148548,187.1040891,1.6032592,0.002624195,0.65124806,-0.758864918,-0.992323114,-0.123672297,-0.552397935,0.2411182,-0.0471048 
67,70,311.650837,0.0004839,0.985290385,199.7782103,0.5123514,0.002595086,0.664589452,-0.747208712,-0.941009524,-0.338380077,-0.372544462,0.2499747,-0.0535592 
59,63,312.6656976,0.0004396,0.985437196,212.7347281,-0.6303261,0.002562596,0.677719562,-0.735320471,-0.841183177,-0.540750277,-0.172461546,0.2583321,-0.0586489 
51,55,313.680346,0.0003963,0.985588674,226.0339891,-1.7696174,0.002527814,0.690634373,-0.723204095,-0.69423152,-0.71975176,0.041067269,0.2661213,-0.0613107 
45,47,314.6947771,0.0003559,0.985744472,239.7276682,-2.8415027,0.002492473,0.703329906,-0.71086359,-0.50411063,-0.863639087,0.2593735,0.2732842,-0.0603924 
43,43,315.7089817,0.0003205,0.985904216,253.8450401,-3.7742553,0.002458948,0.715802209,-0.698303085,-0.278236135,-0.960512703,0.471566944,0.2797839,-0.0548824 
48,48,316.722946,0.0002918,0.986067521,268.3773662,-4.4928666,0.002430084,0.728047358,-0.685526837,-0.028316517,-0.999599007,0.66463618,0.2856188,-0.0442064 
60,60,317.7366509,0.0002715,0.986234014,283.2646356,-4.9280384,0.002408858,0.740061456,-0.672539249,0.229449023,-0.97332068,0.824402737,0.2908374,-0.0285294 
76,76,318.7500719,0.0002603,0.986403368,298.3911059,-5.0291316,0.00239789,0.751840635,-0.659344872,0.475487654,-0.879722394,0.937531389,0.2955468,-0.0089448 
91,91,319.7631805,0.0002588,0.986575332,313.5954943,-4.7773147,0.002398903,0.763381086,-0.645948386,0.689562593,-0.72422609,0.994211716,0.2999086,0.012578 
102,102,320.7759453,0.0002662,0.986749762,328.6963273,-4.1929312,0.002412312,0.774679073,-0.632354595,0.854425527,-0.519573882,0.990460507,0.3041171,0.0335467 
107,107,321.7883349,0.0002815,0.986926625,343.5249452,-3.3325794,0.002437069,0.785730972,-0.618568379,0.958943297,-0.283597871,0.928896125,0.3083672,0.0514985 
107,108,322.8003202,0.0003029,0.987105995,357.9540521,-2.2766286,0.002470848,0.796533297,-0.604594663,0.999362518,-0.035700939,0.817610119,0.3128222,0.0645377 
99,104,323.8118759,0.0003283,0.987288026,11.9126254,-1.1128854,0.002510474,0.807082712,-0.590438393,0.978463523,0.2064198,0.667822819,0.3175947,0.0716517 
87,94,324.8229814,0.0003555,0.987472921,25.3857008,0.0770628,0.002552455,0.81737604,-0.576104512,0.903442313,0.428709676,0.491470522,0.3227443,0.0727428 
72,80,325.8336209,0.0003825,0.987660903,38.4038006,1.2253877,0.002593466,0.82741026,-0.561597954,0.783652253,0.621199764,0.299537398,0.3282865,0.0684474 
56,64,326.843783,0.0004073,0.987852196,51.0283941,2.2797098,0.002630699,0.837182494,-0.546923644,0.628935183,0.777457739,0.101323506,0.3342074,0.0598681 
41,48,327.8534597,0.0004284,0.988047012,63.3380242,3.2011494,0.002662054,0.846689997,-0.532086506,0.448726016,0.893669381,-0.095577589,0.3404766,0.0483185 
30,34,328.862646,0.0004443,0.98824554,75.4172057,3.9610523,0.002686202,0.855930149,-0.517091463,0.251778748,0.967784822,-0.284928248,0.3470565,0.0351258 
28,28,329.8713394,0.0004541,0.988447948,87.3484248,4.537947,0.002702549,0.864900446,-0.501943442,0.0462622,0.998929331,-0.461393829,0.3539074,0.0214956 
33,33,330.8795392,0.0004568,0.988654381,99.2067796,4.915497,0.002711144,0.873598493,-0.486647381,-0.159997991,0.98711734,-0.620152072,0.3609892,0.0084278 
44,44,331.8872469,0.0004521,0.988864962,111.0566857,5.081661,0.002712538,0.882022005,-0.471208217,-0.359291414,0.933225418,-0.756646418,0.3682606,-0.0033338 
55,55,332.8944653,0.0004395,0.989079786,122.9502488,5.0289649,0.002707635,0.890168795,-0.455630899,-0.543910593,0.839143174,-0.866511796,0.3756767,-0.0133253 
66,66,333.9011994,0.0004193,0.989298923,134.9271222,4.7556001,0.002697523,0.898036785,-0.439920371,-0.7062068,0.708005619,-0.945665778,0.3831869,-0.0213655 
76,76,334.9074552,0.0003918,0.989522411,147.0157883,4.2669471,0.002683317,0.905623987,-0.424081589,-0.838820616,0.544407912,-0.990529443,0.3907324,-0.0275324 
83,83,335.9132403,0.0003576,0.98975025,159.2361527,3.5770603,0.002666026,0.912928513,-0.408119506,-0.935049557,0.354517032,-0.998318717,0.3982447,-0.0321114 
88,87,336.9185635,0.0003178,0.9899824,171.6031512,2.7096805,0.002646452,0.919948564,-0.392039079,-0.989280366,0.14602862,-0.967335977,0.4056458,-0.0355141 
90,89,337.9234341,0.0002737,0.990218772,184.1307959,1.698482,0.002625148,0.92668243,-0.375845279,-0.99740221,-0.072033548,-0.897201634,0.4128496,-0.0381715 
88,89,338.9278614,0.0002268,0.990459226,196.835857,0.5864992,0.002602441,0.933128481,-0.359543095,-0.957138427,-0.289630853,-0.788998354,0.4197638,-0.0404175 
84,87,339.9318546,0.0001789,0.990703566,209.7402686,-0.5750944,0.002578518,0.939285171,-0.343137535,-0.868283082,-0.496069037,-0.645345516,0.4262939,-0.0423812 
76,81,340.9354215,0.0001319,0.990951544,222.8713979,-1.7285753,0.002553571,0.945151025,-0.326633648,-0.732882624,-0.680355098,-0.470457895,0.4323467,-0.0439116 
66,71,341.9385682,0.0000878,0.991202859,236.2595167,-2.8114572,0.002527969,0.950724646,-0.310036527,-0.55543212,-0.83156188,-0.270248448,0.4378345,-0.0445566 
53,59,342.9412981,0.0000485,0.991457162,249.9321557,-3.7586237,0.002502414,0.956004707,-0.293351325,-0.343132599,-0.939286974,-0.052495302,0.4426805,-0.0436127 
42,47,343.9436113,0.0000157,0.991714063,263.9055883,-4.5053575,0.002478062,0.960989957,-0.276583266,-0.106167089,-0.994348304,0.172994595,0.4468261,-0.0402545 
38,39,344.9455037,-0.0000089,0.991973148,278.1746048,-4.9920506,0.002456531,0.965679216,-0.259737658,0.142190221,-0.989839351,0.394408697,0.4502395,-0.0337392 
44,44,345.9469664,-0.0000246,0.992233993,292.7029901,-5.1710997,0.002439784,0.970071385,-0.242819908,0.385954186,-0.922517949,0.598408836,0.4529272,-0.0236568 
59,59,346.9479856,-0.0000307,0.992496193,307.4182591,-5.0154296,0.002429868,0.974165448,-0.225835517,0.607628974,-0.794221021,0.771294466,0.4549427,-0.0101663 
77,77,347.9485424,-0.0000275,0.992759387,322.2142286,-4.5264394,0.002428536,0.97796048,-0.208790086,0.790307195,-0.612710811,0.900817146,0.4563903,0.0058706 
93,93,348.9486144,-0.000016,0.993023287,336.9629558,-3.7379275,0.002436851,0.981455662,-0.191689289,0.920252036,-0.391326193,0.978199611,0.4574186,0.0229426 
105,105,349.9481765,0.0000024,0.993287702,351.5337649,-2.7131301,0.00245487,0.984650287,-0.174538856,0.989102797,-0.14722655,0.999617107,0.4582014,0.039149 
110,110,350.9472036,0.0000257,0.99355254,5.813675,-1.5347938,0.002481538,0.987543771,-0.157344525,0.994856561,0.101293746,0.966526384,0.458913,0.0525951 
108,110,351.9456719,0.0000518,0.993817806,19.7229905,-0.2915833,0.002514799,0.990135659,-0.140112015,0.941335206,0.337473006,0.884765532,0.4597036,0.0617788 
100,105,352.943561,0.0000783,0.99408358,33.2224625,0.9343981,0.002551911,0.992425623,-0.122846988,0.83654958,0.54789123,0.762906451,0.4606851,0.0658386 
88,95,353.9408539,0.0001032,0.994349992,46.3122027,2.0755002,0.002589833,0.994413461,-0.105555047,0.69072842,0.723114272,0.610541278,0.4619268,0.0646133 
73,81,354.937538,0.0001247,0.994617206,59.0250588,3.0810568,0.002625617,0.996099092,-0.08824171,0.514663136,0.857392475,0.436997705,0.4634619,0.0585491 
56,65,355.9336041,0.0001412,0.994885394,71.41766,3.9159065,0.002656705,0.997482545,-0.070912431,0.318667168,0.947866676,0.250649408,0.4652974,0.0485288 
40,48,356.9290465,0.0001516,0.995154726,83.5615078,4.5569697,0.002681134,0.998563958,-0.053572591,0.112136536,0.993692808,0.058740805,0.4674244,0.0356899 
27,32,357.9238621,0.000155,0.995425367,95.5353104,4.9896077,0.00269763,0.999343568,-0.036227513,-0.09645918,0.995336941,-0.132454443,0.469826,0.0212696 
23,24,358.9180504,0.0001509,0.995697469,107.4188701,5.2047967,0.002705636,0.99982171,-0.018882461,-0.299355051,0.954141789,-0.317318224,0.4724822,0.0064858 
28,28,359.9116131,0.0001389,0.995971174,119.2883627,5.1975599,0.002705268,0.99999881,-0.001542642,-0.489205316,0.872168653,-0.490550178,0.4753714,-0.0075515 
40,40,0.9045539,0.0001191,0.99624661,131.2127183,4.966726,0.002697237,0.999875381,0.015786788,-0.658856462,0.752268677,-0.64689845,0.4784699,-0.0199083 
54,54,1.8968785,0.0000919,0.996523888,143.2508927,4.5158716,0.002682731,0.999452021,0.033100728,-0.801263135,0.598312117,-0.781019493,0.4817489,-0.0298822 
67,67,2.8885951,0.0000577,0.996803104,155.4499698,3.855144,0.002663261,0.998729408,0.050394141,-0.909598817,0.415487655,-0.887504945,0.4851708,-0.0370476 
78,78,3.8797139,0.0000177,0.997084325,167.8441796,3.003505,0.002640501,0.997708298,0.067662047,-0.977578552,0.210571068,-0.961090563,0.4886852,-0.0412836 
87,87,4.8702471,-0.0000271,0.997367588,180.4549743,1.9907759,0.002616104,0.996389518,0.084899523,-0.999968472,-0.007940716,-0.997032267,0.4922252,-0.042774 
93,93,5.8602089,-0.000075,0.997652882,193.2922232,0.8587843,0.002591536,0.994773965,0.102101705,-0.973210089,-0.229917645,-0.991599042,0.4957063,-0.0419667 
95,95,6.8496149,-0.0001243,0.997940146,206.356378,-0.3389929,0.002567952,0.992862605,0.119263776,-0.896050023,-0.443953102,-0.942602083,0.4990278,-0.0394846 
94,95,7.8384813,-0.0001729,0.998229255,219.641176,-1.539583,0.002546122,0.990656467,0.136380953,-0.770054955,-0.63797756,-0.849867909,0.5020768,-0.0359966 
89,92,8.8268244,-0.0002189,0.998520018,233.1362114,-2.6743043,0.002526457,0.988156649,0.153448482,-0.599914698,-0.800063969,-0.7155783,0.5047356,-0.03207 
79,84,9.8146589,-0.0002602,0.998812176,246.8286295,-3.6736299,0.002509098,0.985364319,0.170461606,-0.393482588,-0.919332069,-0.544434523,0.5068905,-0.0280422 
67,73,10.8019977,-0.0002951,0.999105409,260.7033531,-4.4724321,0.00249408,0.982280717,0.187415563,-0.161546067,-0.986865172,-0.343637479,0.5084406,-0.023946 
52,60,11.7888502,-0.0003221,0.999399342,274.7416361,-5.0150798,0.002481503,0.978907165,0.20430556,0.08266273,-0.99657758,-0.122687201,0.509306,-0.0195183 
41,46,12.7752222,-0.0003402,0.999693564,288.9182703,-5.2601661,0.002471689,0.975245073,0.221126769,0.324219086,-0.945982021,0.107011118,0.5094351,-0.014295 
39,39,13.7611148,-0.0003488,0.999987644,303.1983356,-5.1847916,0.002465243,0.971295943,0.237874318,0.547538916,-0.836780219,0.332773803,0.5088108,-0.0077792 
46,46,14.7465245,-0.000348,1.000281149,317.5347885,-4.7881408,0.002463019,0.967061381,0.254543288,0.737687402,-0.675142428,0.541536024,0.5074556,0.0003572 
62,62,15.7314431,-0.0003386,1.000573675,331.868233,-4.0936096,0.002465966,0.9625431,0.271128717,0.881865583,-0.471500894,0.7209962,0.5054329,0.0100908 
79,79,16.7158579,-0.0003218,1.000864864,346.1297603,-3.1483549,0.002474892,0.957742925,0.287625608,0.970841129,-0.239723805,0.860865517,0.5028456,0.0209426 
93,93,17.6997533,-0.0002993,1.001154427,0.2468278,-2.0193236,0.002490197,0.95266279,0.304028959,0.999990721,0.004307944,0.95396369,0.4998262,0.031998 
101,101,18.6831117,-0.0002733,1.001442157,14.1511091,-0.7858042,0.00251166,0.947304739,0.32033378,0.969654319,0.244480062,0.996873355,0.4965236,0.0420554 
104,104,19.6659149,-0.0002458,1.001727934,27.7865552,0.4700637,0.00253834,0.941670915,0.336535121,0.884690391,0.466179055,0.989972835,0.4930855,0.0498614 
101,103,20.6481459,-0.0002191,1.002011718,41.1158933,1.6724393,0.002568616,0.935763551,0.352628099,0.753381014,0.657584252,0.936869177,0.4896431,0.0543578 
94,98,21.6297898,-0.0001951,1.002293538,54.1243963,2.7583675,0.00260036,0.929584961,0.368607922,0.586027391,0.810291242,0.84344202,0.4863007,0.0548655 
83,89,22.6108343,-0.0001754,1.002573476,66.8206454,3.6807203,0.002631182,0.923137533,0.384469889,0.393610692,0.919277229,0.716791217,0.4831328,0.0511694 
69,76,23.5912703,-0.0001615,1.002851646,79.2347557,4.4077856,0.002658703,0.916423717,0.400209409,0.186785423,0.982400736,0.56434061,0.4801868,0.0435081 
55,62,24.5710916,-0.0001544,1.003128186,91.414919,4.9206899,0.002680796,0.909446026,0.415821987,-0.024692485,0.999695094,0.393238718,0.4774891,0.0325004 
40,47,25.5502948,-0.0001546,1.003403242,103.4231304,5.2100362,0.002695775,0.90220703,0.431303229,-0.232140596,0.972682242,0.210082114,0.4750522,0.0190437 
29,34,26.5288793,-0.0001626,1.003676968,115.3307335,5.272851,0.00270253,0.894709347,0.446648838,-0.427842752,0.903853185,0.020910065,0.4728806,0.004212 
25,26,27.5068463,-0.0001783,1.003949517,127.2141129,5.1105008,0.002700599,0.886955652,0.461854599,-0.604795295,0.796380971,-0.168614391,0.470975,-0.0108369 
28,28,28.4841997,-0.0002017,1.004221041,139.1505943,4.7278755,0.002690193,0.878948664,0.476916393,-0.756431335,0.654073112,-0.352926122,0.4693341,-0.0249437 
38,38,29.4609453,-0.000232,1.004491693,151.2144463,4.1338885,0.002672175,0.870691146,0.491830182,-0.876428119,0.481532711,-0.526265883,0.4679535,-0.0370269 
51,51,30.4370916,-0.0002685,1.00476162,163.4728358,3.343171,0.002647989,0.862185897,0.506592024,-0.958684974,0.284469894,-0.682454485,0.4668226,-0.0461642 
64,64,31.4126494,-0.0003101,1.005030962,175.9816658,2.3786376,0.002619546,0.853435751,0.521198061,-0.997541678,0.070075683,-0.814814421,0.4659196,-0.0516817 
76,76,32.3876324,-0.0003554,1.005299839,188.7814165,1.2743277,0.002589053,0.844443567,0.53564453,-0.988277949,-0.152665303,-0.916319291,0.465205,-0.0532408 
86,86,33.3620574,-0.0004026,1.005568343,201.8933882,0.0775959,0.002558798,0.835212221,0.549927764,-0.92787929,-0.37288071,-0.980033578,0.4646153,-0.0509073 
92,92,34.3359437,-0.0004498,1.005836521,215.3170287,-1.1505113,0.002530906,0.825744612,0.564044179,-0.815965811,-0.578100161,-0.999853402,0.4640593,-0.0451738 
95,95,35.3093127,-0.0004948,1.00610436,229.0292016,-2.3377412,0.002507107,0.816043656,0.57799027,-0.655674295,-0.755043852,-0.971466849,0.4634193,-0.036905 
94,95,36.2821874,-0.0005357,1.006371773,242.9861396,-3.4063631,0.002488556,0.806112293,0.591762596,-0.454206029,-0.890896673,-0.893340393,0.4625578,-0.0271963 
89,92,37.2545905,-0.0005705,1.006638589,257.1283166,-4.2813903,0.002475755,0.795953504,0.605357761,-0.222768344,-0.974871409,-0.767459218,0.4613303,-0.0171664 
79,84,38.2265435,-0.0005976,1.006904557,271.3876274,-4.8994703,0.00246861,0.785570318,0.618772394,0.024216299,-0.999706742,-0.599567328,0.4596011,-0.0077368 
67,73,39.1980651,-0.0006158,1.007169354,285.695401,-5.2162665,0.002466592,0.774965832,0.632003132,0.270523172,-0.962713464,-0.398791709,0.4572579,0.0005314 
54,60,40.1691702,-0.0006247,1.007432601,299.9893564,-5.2107788,0.00246897,0.764143227,0.64504661,0.499839113,-0.866118272,-0.176737982,0.4542227,0.0074948 
47,50,41.139869,-0.0006241,1.007693884,314.2179282,-4.8862613,0.002475037,0.753105778,0.65789945,0.697389394,-0.716692425,0.05369643,0.4504575,0.0133667 
47,46,42.1101671,-0.0006148,1.007952782,328.3413288,-4.2684197,0.002484279,0.741856863,0.670558272,0.851189923,-0.524857804,0.279513344,0.4459643,0.018565 
53,53,43.0800652,-0.0005979,1.008208884,342.3298217,-3.4019224,0.002496434,0.730399962,0.683019689,0.952819597,-0.303537172,0.488617533,0.4407829,0.0235203 
64,64,44.0495601,-0.0005749,1.00846181,356.1604649,-2.3459963,0.002511451,0.718738661,0.69528033,0.997755501,-0.066962385,0.670567823,0.4349859,0.028499 
76,76,45.0186446,-0.0005478,1.008711235,9.8138264,-1.169436,0.002529355,0.706876644,0.707336843,0.985366795,0.170447289,0.817096421,0.4286715,0.0334863 
85,85,45.9873092,-0.0005185,1.00895689,23.2719123,0.0548596,0.002550069,0.694817684,0.719185918,0.918640176,0.395095212,0.922434353,0.4219557,0.0381557 
90,90,46.9555426,-0.0004893,1.009198581,36.5179754,1.2555661,0.002573255,0.682565633,0.7308243,0.803670207,0.595074951,0.983452898,0.4149622,0.0419276 
92,92,47.9233331,-0.0004619,1.009436181,49.5382007,2.3682348,0.00259819,0.670124402,0.742248804,0.64894092,0.760838802,0.999602836,0.4078125,0.0440943 
89,89,48.8906695,-0.0004382,1.009669635,62.3246901,3.3394164,0.002623747,0.657497953,0.75345633,0.464460466,0.885593855,0.972638101,0.4006175,0.0439738 
84,86,49.8575417,-0.0004196,1.009898943,74.8788438,4.1289525,0.002648444,0.644690288,0.764443871,0.260860987,0.965376375,0.906150598,0.3934711,0.0410511 
75,80,50.8239416,-0.0004073,1.010124156,87.2142349,4.71023,0.002670577,0.631705429,0.775208521,0.048601619,0.998818243,0.804994319,0.3864481,0.0350774 
66,71,51.7898632,-0.000402,1.010345363,99.3583437,5.0687389,0.002688387,0.61854742,0.785747472,-0.162608642,0.986690645,0.674708524,0.3796052,0.0261171 
55,60,52.7553026,-0.0004041,1.010562679,111.3529078,5.1996394,0.002700243,0.605220317,0.796058018,-0.364111413,0.931355399,0.521045307,0.3729838,0.0145479 
45,50,53.7202583,-0.0004138,1.010776243,123.2529766,5.1051418,0.002704816,0.591728186,0.806137552,-0.548336675,0.83625767,0.349672445,0.3666145,0.0010283 
37,41,54.6847308,-0.0004309,1.010986208,135.1249224,4.7923729,0.002701226,0.578075103,0.815983563,-0.708646809,0.705563392,0.166077053,0.3605216,-0.0135523 
32,34,55.6487227,-0.0004549,1.011192738,147.0436364,4.2721882,0.002689159,0.564265146,0.825593632,-0.839085121,0.544000147,-0.024343432,0.3547256,-0.0281341 
34,33,56.6122386,-0.0004852,1.011396011,159.0889829,3.5591721,0.002668948,0.550302401,0.834965429,-0.934135862,0.356917626,-0.216043329,0.3492454,-0.0415535 
39,39,57.5752857,-0.0005207,1.011596214,171.3413919,2.6728882,0.002641609,0.536190943,0.84409672,-0.988602903,0.150546668,-0.403003974,0.3440968,-0.0526241 
48,48,58.5378734,-0.0005602,1.011793542,183.8763293,1.6402415,0.002608824,0.521934842,0.852985358,-0.997712293,-0.06760311,-0.578405271,0.339289,-0.0602383 
59,59,59.5000143,-0.0006021,1.01198819,196.7574038,0.4985162,0.002572863,0.507538148,0.861629287,-0.957534112,-0.288320004,-0.734410049,0.3348178,-0.0634963 
70,70,60.4617243,-0.0006446,1.012180349,210.0281857,-0.7018054,0.002536421,0.49300488,0.870026545,-0.865779332,-0.500425966,-0.86221731,0.3306569,-0.0618586 
80,80,61.4230229,-0.0006857,1.01237018,223.7035155,-1.8958706,0.002502359,0.478339023,0.878175255,-0.722924754,-0.690926769,-0.952557912,0.3267479,-0.0552962 
87,87,62.3839332,-0.0007234,1.012557804,237.7621457,-3.0066498,0.002473386,0.463544525,0.886073628,-0.533435224,-0.84584092,-0.99674831,0.3229936,-0.0443914 
91,91,63.3444815,-0.0007555,1.012743273,252.1435501,-3.9517228,0.002451694,0.448625296,0.893719947,-0.306633229,-0.951827748,-0.988230868,0.3192583,-0.0303245 
91,91,64.3046956,-0.0007804,1.01292655,266.7518041,-4.6542426,0.002438658,0.433585237,0.901112558,-0.056661351,-0.998393455,-0.924232406,0.3153782,-0.0147072 
88,90,65.2646037,-0.0007967,1.013107504,281.4677186,-5.0553759,0.002434669,0.418428254,0.908249853,0.198815797,-0.980036876,-0.806928203,0.3111816,0.0007225 
81,85,66.2242322,-0.0008036,1.013285904,296.1670845,-5.1240684,0.002439162,0.403158295,0.915130258,0.44099032,-0.89751186,-0.643551354,0.3065126,0.0144535 
72,76,67.1836042,-0.0008011,1.013461441,310.7397603,-4.8607838,0.002450838,0.387779372,0.921752222,0.652624353,-0.757681631,-0.445320466,0.3012519,0.0254799 
63,67,68.142738,-0.0007897,1.013633751,325.1037094,-4.294625,0.002467993,0.372295588,0.928114214,0.820188916,-0.572092775,-0.225614721,0.2953281,0.0334158 
57,60,69.101647,-0.0007705,1.013802441,339.2105348,-3.4760246,0.002488869,0.356711145,0.934214729,0.934890953,-0.354935073,0.001900449,0.2887183,0.0384336 
56,56,70.0603397,-0.0007451,1.01396712,353.0427743,-2.4682114,0.002511925,0.341030339,0.94005229,0.992636857,-0.121128322,0.224652327,0.2814421,0.0410793 
58,57,71.0188199,-0.0007153,1.014127416,6.6058725,-1.3398398,0.002535992,0.325257563,0.945625464,0.99336098,0.115038965,0.431881946,0.2735519,0.0420444 
61,61,71.9770878,-0.0006831,1.014282995,19.9184036,-0.159644,0.002560286,0.309397291,0.950932866,0.940178747,0.340681556,0.614854046,0.265123,0.0419587 
67,67,72.9351403,-0.0006504,1.014433572,33.0033407,1.0071705,0.002584336,0.293454069,0.955973174,0.838638811,0.544687934,0.766809024,0.2562458,0.0412473 
72,72,73.8929724,-0.0006191,1.014578916,45.8819631,2.1014814,0.002607838,0.277432495,0.960745133,0.696138831,0.717907187,0.882857368,0.2470189,0.0400626 
75,75,74.8505777,-0.000591,1.014718855,58.5709449,3.0722732,0.002630498,0.261337211,0.965247565,0.521442407,0.85328648,0.959905001,0.2375438,0.0382918 
77,77,75.807949,-0.0005675,1.014853274,71.0824413,3.8782688,0.002651895,0.245172886,0.969479374,0.324207338,0.945986048,0.99660081,0.2279196,0.0356227 
76,76,76.7650791,-0.0005498,1.014982114,83.4265018,4.4890059,0.002671394,0.228944209,0.973439546,0.11447766,0.993425823,0.993248979,0.2182393,0.0316462 
74,74,77.7219615,-0.0005386,1.015105367,95.6148577,4.8851089,0.002688122,0.212655869,0.977127157,-0.097840975,0.995202062,0.951632504,0.2085865,0.0259709 
71,72,78.6785908,-0.0005345,1.015223071,107.6650523,5.0576467,0.002701013,0.196312548,0.980541373,-0.303451926,0.95284675,0.874734239,0.1990342,0.0183273 
65,68,79.6349628,-0.0005377,1.015335302,119.6040263,5.0067165,0.002708899,0.179918921,0.983681443,-0.494002967,0.869460217,0.766391401,0.1896442,0.0086471 
60,63,80.5910747,-0.0005481,1.015442169,131.4705627,4.7396183,0.002710643,0.163479644,0.986546707,-0.662235164,0.749296061,0.630953593,0.180469,-0.0028889 
53,56,81.5469255,-0.0005652,1.015543811,143.3163329,4.2690983,0.002705289,0.146999353,0.989136588,-0.801945972,0.597396566,0.473021262,0.1715536,-0.0158314 
47,50,82.5025159,-0.0005884,1.015640388,155.2055156,3.6121176,0.002692219,0.130482657,0.991450592,-0.907817853,0.419364693,0.297324888,0.1629391,-0.0294692 
43,45,83.4578483,-0.0006168,1.015732087,167.2130278,2.7894979,0.002671293,0.11393414,0.993488305,-0.975199704,0.221326764,0.108777012,0.1546639,-0.0428563 
41,41,84.4129271,-0.0006492,1.015819112,179.4212875,1.8266449,0.002642977,0.097358354,0.995249391,-0.999948991,0.010100267,-0.087301103,0.1467654,-0.0548597 
42,41,85.3677587,-0.0006842,1.015901694,191.915208,0.7553576,0.002608425,0.080759816,0.996733591,-0.978454218,-0.206463903,-0.28480929,0.1392789,-0.0642368 
45,45,86.3223526,-0.0007202,1.015980078,204.7749263,-0.3835537,0.002569515,0.06414299,0.997940718,-0.907960952,-0.419054782,-0.47643116,0.1322325,-0.0697508 
53,53,87.2767211,-0.0007553,1.016054523,218.0658149,-1.5375745,0.0025288,0.047512289,0.998870653,-0.787303032,-0.616566246,-0.653276499,0.1256398,-0.0703381 
62,62,88.2308808,-0.0007876,1.016125289,231.8259324,-2.6410924,0.002489345,0.030872049,0.999523345,-0.618052649,-0.786136708,-0.804842543,0.1194879,-0.0653233 
72,72,89.1848522,-0.0008151,1.016192618,246.0525267,-3.6172493,0.002454435,0.014226533,0.999898798,-0.405898967,-0.913917955,-0.9196,0.1137239,-0.0546514 
81,81,90.1386606,-0.000836,1.016256706,260.6913882,-4.3848745,0.002427167,-0.002420082,0.999997072,-0.161752148,-0.986831416,-0.986437072,0.1082453,-0.0390619 
87,87,91.0923347,-0.0008487,1.016317678,275.6346207,-4.8707392,0.002409967,-0.019063682,0.999818271,0.098184243,-0.995168254,-0.996859157,0.1029001,-0.020103 
91,91,92.0459057,-0.0008521,1.016375556,290.7315824,-5.0243029,0.002404184,-0.035700203,0.999362545,0.353990423,-0.935249047,-0.947290398,0.0975013,0.0000905 
92,92,92.9994049,-0.0008461,1.016430253,305.8128985,-4.8293716,0.002409866,-0.052325584,0.998630078,0.585140248,-0.810932112,-0.840439004,0.0918548,0.0192281 
89,91,93.9528616,-0.0008309,1.016481576,320.7205547,-4.3073994,0.00242581,-0.068935734,0.997621103,0.774067384,-0.633103219,-0.684958035,0.0857906,0.0353599 
83,86,94.906301,-0.0008077,1.016529246,335.3333334,-3.5112061,0.002449884,-0.085526494,0.996335897,0.908751129,-0.417338453,-0.49353158,0.0791873,0.0472456 
75,80,95.8597432,-0.000778,1.016572929,349.5795911,-2.5126879,0.002479478,-0.10209362,0.994774795,0.983507107,-0.180869484,-0.280334205,0.0719812,0.0544787 
67,71,96.8132032,-0.0007437,1.016612272,3.436188,-1.390009,0.002511968,-0.118632783,0.992938197,0.998202171,0.05993685,-0.058905914,0.0641615,0.0573754 
59,63,97.7666908,-0.0007068,1.016646929,16.9179434,-0.2181625,0.002545062,-0.135139573,0.990826572,0.956722498,0.291001826,0.159041272,0.0557578,0.0567258 
55,56,98.7202117,-0.0006693,1.016676576,30.0635335,0.936094,0.002576994,-0.151609513,0.988440466,0.865470437,0.500960001,0.363955586,0.0468266,0.0535184 
53,53,99.673768,-0.0006332,1.01670093,42.9222918,2.0159412,0.002606568,-0.168038073,0.985780506,0.732277998,0.681005824,0.548271683,0.0374393,0.0487084 
53,53,100.6273594,-0.0006001,1.01671975,55.5441517,2.9744403,0.002633093,-0.184420693,0.982847398,0.565771003,0.824562412,0.706079141,0.027675,0.0430613 
57,57,101.5809837,-0.0005713,1.016732841,67.9733388,3.7739836,0.002656241,-0.200752792,0.979641933,0.375037995,0.92700944,0.832847395,0.0176158,0.0370722 
61,61,102.534637,-0.0005482,1.016740057,80.2455801,4.3859066,0.002675888,-0.217029774,0.976164985,0.169425531,0.985542992,0.925282175,0.0073442,0.0309499 
66,66,103.488315,-0.0005314,1.016741299,92.388263,4.7903845,0.002691957,-0.233247052,0.972417509,-0.041670983,0.999131387,0.981292489,-0.0030584,0.0246531 
69,69,104.4420127,-0.0005215,1.016736514,104.422835,4.9764165,0.002704289,-0.249400043,0.968400546,-0.249075892,0.96848397,0.999999944,-0.0135132,0.0179632 
71,71,105.3957251,-0.0005188,1.016725694,116.3686383,4.9416176,0.002712572,-0.265484185,0.964115215,-0.444144831,0.895955004,0.981717279,-0.0239448,0.0105782 
72,72,106.3494478,-0.0005231,1.016708874,128.2473286,4.691624,0.002716319,-0.281494942,0.959562712,-0.619057333,0.785345795,0.927850049,-0.0342827,0.0022142 
70,71,107.3031767,-0.0005341,1.016686125,140.0870729,4.2391136,0.002714907,-0.297427809,0.95474431,-0.767020408,0.641622703,0.840718825,-0.0444611,-0.0073 
68,69,108.2569089,-0.0005511,1.016657559,151.9258799,3.6026372,0.002707667,-0.313278322,0.949661357,-0.882339527,0.470613386,0.723341193,-0.0544191,-0.0179452 
65,67,109.2106423,-0.0005732,1.01662332,163.8136322,2.805586,0.002694009,-0.329042053,0.944315269,-0.960360038,0.278762619,0.579238635,-0.064099,-0.029457 
60,62,110.1643762,-0.0005993,1.016583583,175.812567,1.8756436,0.002673574,-0.344714622,0.938707531,-0.997330517,0.073019449,0.412338319,-0.0734457,-0.0412963 
54,57,111.1181115,-0.000628,1.016538557,187.995999,0.8449946,0.002646396,-0.360291702,0.932839691,-0.990277785,-0.13910395,0.227027183,-0.0824048,-0.0526483 
49,51,112.0718507,-0.0006578,1.016488482,200.4449766,-0.2486031,0.002613051,-0.375769016,0.926713357,-0.937008075,-0.349307697,0.028390494,-0.0909224,-0.0624529 
45,47,113.0255986,-0.000687,1.016433628,213.242347,-1.3600458,0.002574784,-0.391142353,0.920330191,-0.836359384,-0.548181522,-0.177372428,-0.0989466,-0.0694774 
44,44,113.9793626,-0.0007139,1.016374293,226.463575,-2.4349921,0.002533572,-0.406407566,0.913691901,-0.688815583,-0.724936613,-0.382428847,-0.1064328,-0.0724455 
46,46,114.9331538,-0.0007364,1.016310797,240.1639354,-3.4090137,0.002492095,-0.421560597,0.906800233,-0.497520074,-0.867452463,-0.576871236,-0.1133533,-0.0702367 
53,53,115.8869876,-0.0007529,1.016243468,254.3628491,-4.2095554,0.002453571,-0.436597479,0.899656957,-0.269544284,-0.962987995,-0.748676495,-0.1197106,-0.0621526 
64,64,116.8408839,-0.0007616,1.016172619,269.0284551,-4.7625723,0.002421433,-0.451514338,0.892263864,-0.016955845,-0.999856239,-0.884479784,-0.125554,-0.0482066 
76,76,117.794868,-0.0007615,1.01609852,284.068359,-5.0044856,0.002398839,-0.466307406,0.884622746,0.243079373,-0.970006401,-0.971439438,-0.1309903,-0.0293377 
87,87,118.7489692,-0.0007519,1.01602136,299.3336299,-4.8971078,0.002388136,-0.480972996,0.876735409,0.489894231,-0.871781878,-0.999947937,-0.1361831,-0.0074133 
96,96,119.7032194,-0.0007329,1.015941223,314.6396191,-4.4398075,0.002390384,-0.495507475,0.868603674,0.70264524,-0.711540348,-0.966212529,-0.141334,0.0150662 
101,101,120.6576507,-0.0007053,1.015858074,329.7990674,-3.6725664,0.002405143,-0.509907232,0.860229397,0.864266614,-0.503034014,-0.873420443,-0.1466491,0.0355074 
100,101,121.6122926,-0.0006708,1.015771764,344.6556066,-2.6676732,0.002430592,-0.524168629,0.851614495,0.964352677,-0.26462032,-0.730837921,-0.1523034,0.0518026 
95,98,122.5671708,-0.0006313,1.01568206,359.1055855,-1.5139869,0.002463934,-0.53828799,0.842760962,0.999878159,-0.015609844,-0.551377772,-0.1584169,0.0627178 
84,90,123.5223054,-0.0005888,1.015588677,13.1032905,-0.3008736,0.002501937,-0.552261577,0.833670888,0.973962949,0.226707243,-0.348883086,-0.1650483,0.067976 
71,78,124.4777114,-0.0005457,1.015491312,26.6527359,0.8928301,0.002541451,-0.566085601,0.824346464,0.893741734,0.448581891,-0.136147431,-0.1722043,0.0680864 
57,64,125.433399,-0.0005039,1.015389669,39.7929028,2.0035134,0.002579777,-0.57975623,0.814789981,0.768362808,0.640014528,0.0760143,-0.1798547,0.0640523 
46,51,126.3893744,-0.0004651,1.015283477,52.5824101,2.9827826,0.002614865,-0.593269607,0.805003834,0.607619698,0.794228118,0.27887438,-0.187948,0.0570775 
41,42,127.3456407,-0.0004309,1.015172497,65.0869111,3.7951971,0.002645362,-0.606621867,0.79499051,0.421243012,0.906947807,0.465479678,-0.1964226,0.0483359 
40,40,128.3021986,-0.0004023,1.015056529,77.3702325,4.4156465,0.002670545,-0.619809145,0.784752587,0.218650241,0.975803296,0.630242742,-0.2052129,0.0388195 
45,45,129.259047,-0.0003802,1.014935409,89.4890729,4.8273566,0.002690192,-0.632827597,0.77429273,0.008917242,0.999960241,0.768618868,-0.2142525,0.0292568 
53,53,130.2161831,-0.0003652,1.014809011,101.490686,5.0207941,0.002704415,-0.645673395,0.76361369,-0.199208635,0.979957101,0.876932373,-0.223475,0.0200849 
61,61,131.1736032,-0.0003574,1.014677251,113.4129525,4.9933104,0.002713498,-0.658342744,0.752718295,-0.397355352,0.917664821,0.952339112,-0.2328135,0.0114636 
68,68,132.1313027,-0.0003568,1.01454008,125.2862939,4.7491758,0.002717749,-0.670831886,0.741609453,-0.577662374,0.8162758,0.992872189,-0.2422001,0.0033236 
74,74,133.0892764,-0.000363,1.01439749,137.1368807,4.2996425,0.002717387,-0.683137103,0.730290147,-0.73298092,0.680249198,0.997505749,-0.2515663,-0.0045612 
77,77,134.0475189,-0.0003754,1.014249514,148.990541,3.6627783,0.002712473,-0.695254724,0.71876343,-0.857082261,0.515179578,0.966182732,-0.2608424,-0.0124825 
79,79,135.0060246,-0.0003929,1.014096223,160.8767352,2.8629887,0.00270291,-0.707181129,0.707032426,-0.944815968,0.327601566,0.899780953,-0.2699588,-0.0206991 
78,79,135.9647886,-0.0004146,1.01393773,172.8319801,1.9303338,0.00268848,-0.718912759,0.695100313,-0.992184503,0.124779457,0.800028338,-0.2788458,-0.0293412 
76,77,136.9238061,-0.000439,1.013774187,184.9021748,0.8998783,0.002668948,-0.73044611,0.682970336,-0.996342053,-0.085454742,0.669411124,-0.2874341,-0.0383292 
70,73,137.8830736,-0.0004647,1.013605786,197.1433624,-0.188653,0.002644201,-0.74177775,0.670645785,-0.955570206,-0.294763601,0.511138751,-0.2956545,-0.0473152 
63,67,138.8425887,-0.0004899,1.013432761,209.6204771,-1.2907367,0.002614412,-0.752904313,0.658129998,-0.869318343,-0.494252586,0.329231076,-0.303438,-0.0556575 
55,59,139.8023506,-0.000513,1.013255383,222.4035776,-2.3564814,0.002580205,-0.763822508,0.645426352,-0.738413235,-0.674348496,0.12877436,-0.3107162,-0.0624368 
46,50,140.762361,-0.0005321,1.013073964,235.5609955,-3.3300403,0.002542801,-0.774529126,0.632538246,-0.565528574,-0.824728702,-0.083654094,-0.3174241,-0.0665269 
40,42,141.7226242,-0.0005455,1.012888848,249.1489707,-4.1498928,0.002504101,-0.785021039,0.619469101,-0.355939405,-0.934509037,-0.299479552,-0.3235065,-0.0667348 
40,40,142.6831484,-0.0005517,1.01270041,263.1980549,-4.7513446,0.002466659,-0.795295216,0.606222335,-0.118437678,-0.992961488,-0.507762514,-0.3289278,-0.0620213 
46,46,143.6439464,-0.0005493,1.012509033,277.6981921,-5.072683,0.002433521,-0.805348718,0.592801351,0.133954916,-0.990987427,-0.695339106,-0.3336869,-0.0517891 
61,61,144.605036,-0.0005375,1.012315088,292.5867904,-5.065537,0.002407875,-0.815178708,0.579209525,0.384082465,-0.923298792,-0.847879303,-0.3378335,-0.0361831 
77,77,145.5664404,-0.0005163,1.0121189,307.7459505,-4.7077038,0.002392556,-0.824782441,0.565450197,0.612161395,-0.790732842,-0.95202001,-0.3414777,-0.0162881 
93,93,146.5281869,-0.000486,1.011920713,323.0139097,-4.0137635,0.002389507,-0.834157249,0.551526685,0.798781589,-0.601621121,-0.998119555,-0.3447868,0.005911 
104,104,147.4903055,-0.0004481,1.011720663,338.2103143,-3.0376489,0.002399338,-0.843300522,0.537442303,0.928552665,-0.371200685,-0.982547898,-0.3479634,0.0278733 
109,109,148.4528264,-0.0004044,1.011518767,353.1676606,-1.8642406,0.002421165,-0.852209684,0.523200396,0.992898519,-0.118964408,-0.908399959,-0.3512118,0.0470624 
108,109,149.4157774,-0.0003571,1.011314932,7.7577251,-0.592873,0.002452777,-0.860882168,0.508804376,0.990847707,0.134984526,-0.784322404,-0.3547026,0.0615031 
100,105,150.3791823,-0.0003086,1.011108982,21.9050646,0.6802238,0.002491075,-0.869315405,0.494257754,0.92780328,0.373069796,-0.622161044,-0.3585527,0.0701178 
87,94,151.3430597,-0.0002611,1.010900689,35.5866806,1.8742609,0.002532611,-0.87750682,0.479564157,0.813236064,0.581933935,-0.434545535,-0.3628209,0.0727668 
70,79,152.3074236,-0.0002167,1.010689806,48.8223003,2.9288201,0.002574086,-0.885453846,0.464727325,0.65839656,0.752671223,-0.233192883,-0.3675187,0.0700615 
53,61,153.2722833,-0.0001769,1.01047609,61.6610059,3.80293,0.002612707,-0.893153927,0.449751112,0.47468733,0.880154497,-0.028118389,-0.3726249,0.0630835 
38,45,154.2376445,-0.0001431,1.010259317,74.1683952,4.4712293,0.002646371,-0.900604533,0.434639478,0.272810973,0.962067655,0.172457785,-0.3781003,0.053115 
31,33,155.2035101,-0.0001161,1.010039286,86.4162722,4.9196837,0.002673725,-0.907803174,0.419396469,0.062507074,0.998044521,0.361832228,-0.3838973,0.0414304 
31,31,156.1698804,-0.0000964,1.009815826,98.4753069,5.142218,0.002694111,-0.914747403,0.404026222,-0.147383155,0.989079474,0.534432402,-0.3899661,0.0291572 
38,38,157.1367538,-0.0000843,1.009588795,110.4103656,5.1387048,0.002707462,-0.921434829,0.388532953,-0.348741609,0.937218913,0.685483096,-0.3962563,0.0171924 
50,50,158.1041271,-0.0000798,1.009358079,122.2780262,4.9142035,0.00271415,-0.927863118,0.372920948,-0.534028139,0.845466703,0.810797259,-0.4027163,0.0061619 
61,61,159.0719955,-0.0000824,1.009123596,134.1258563,4.4790954,0.002714827,-0.93403,0.357194568,-0.6962368,0.717812175,0.906704668,-0.4092925,-0.00359 
71,71,160.0403529,-0.0000916,1.008885295,145.9931237,3.8496767,0.002710267,-0.939933269,0.341358242,-0.828970456,0.559292396,0.970095979,-0.4159271,-0.0119823 
78,78,161.0091922,-0.0001063,1.008643161,157.9126499,3.048788,0.002701223,-0.945570796,0.325416457,-0.926611672,0.376019693,0.998539932,-0.4225567,-0.0191531 
84,84,161.978505,-0.0001256,1.008397216,169.9134712,2.1061479,0.002688324,-0.950940519,0.30937377,-0.984544384,0.175135248,0.9904254,-0.4291122,-0.0253889 
86,86,162.9482828,-0.0001479,1.008147524,182.0238775,1.0582064,0.00267201,-0.956040461,0.29323478,-0.999376196,-0.035315981,0.945088206,-0.4355184,-0.0310327 
86,87,163.9185163,-0.0001718,1.007894194,194.2743001,-0.0524817,0.002652533,-0.960868724,0.277004143,-0.969126425,-0.246564338,0.862903928,-0.4416957,-0.0363791 
83,85,164.8891966,-0.0001956,1.007637383,206.6994541,-1.1782129,0.002630014,-0.965423494,0.260686549,-0.893375669,-0.449310487,0.74535666,-0.447561,-0.0415705 
77,80,165.8603154,-0.0002175,1.007377294,219.3391223,-2.2672115,0.002604558,-0.969703048,0.244286713,-0.773407549,-0.633909113,0.595120084,-0.4530299,-0.0465112 
68,73,166.8318655,-0.0002357,1.007114182,232.2369963,-3.2647094,0.002576406,-0.973705751,0.227809371,-0.612396717,-0.790550606,0.416199369,-0.4580184,-0.0508168 
57,63,167.8038413,-0.0002485,1.006848347,245.4370735,-4.11416,0.002546105,-0.97743006,0.211259267,-0.41569238,-0.909505275,0.21416881,-0.4624456,-0.0538138 
45,51,168.7762399,-0.0002544,1.006580135,258.977315,-4.7590592,0.002514664,-0.980874524,0.194641129,-0.191197634,-0.98155156,-0.003509415,-0.4662382,-0.0546053 
36,40,169.7490612,-0.0002521,1.00630993,272.8807474,-5.1461498,0.002483638,-0.984037782,0.177959669,0.050257346,-0.998736301,-0.227189909,-0.4693373,-0.0522136 
37,36,170.7223094,-0.0002406,1.006038145,287.1450863,-5.2308034,0.002455123,-0.986918566,0.161219554,0.294792352,-0.955561337,-0.444991218,-0.4717089,-0.0457987 
45,45,171.6959933,-0.0002197,1.005765201,301.7332585,-4.9847735,0.002431594,-0.989515692,0.144425398,0.525965433,-0.850505945,-0.643285709,-0.4733572,-0.0349298 
63,63,172.6701269,-0.0001897,1.005491501,316.5683798,-4.4051004,0.00241559,-0.991828058,0.127581749,0.726195373,-0.687488386,-0.807971917,-0.4743367,-0.0198448 
82,82,173.6447292,-0.0001514,1.005217404,331.5367676,-3.5211178,0.002409284,-0.993854637,0.110693092,0.879123132,-0.476594711,-0.926476343,-0.4747584,-0.0015947 
98,98,174.6198234,-0.0001065,1.004943186,346.5004776,-2.3955798,0.002414015,-0.995594465,0.09376386,0.972371866,-0.233437258,-0.989976026,-0.4747834,0.0180297 
108,108,175.5954349,-0.0000571,1.004669023,1.3170363,-1.1174179,0.002429948,-0.997046636,0.076798469,0.999735819,0.022984596,-0.995018054,-0.4746013,0.0368169 
112,112,176.5715895,-0.0000055,1.004394979,15.8606652,0.2125158,0.002455962,-0.998210298,0.05980135,0.961929162,0.273298898,-0.943863952,-0.4744007,0.0526081 
108,110,177.5483108,0.0000456,1.004121017,30.0387391,1.4976707,0.002489813,-0.999084646,0.042776992,0.865687143,0.500585427,-0.843481194,-0.4743403,0.0637454 
99,104,178.525619,0.0000943,1.003847021,43.7997893,2.6582933,0.002528517,-0.99966893,0.025729963,0.721762773,0.69214052,-0.703715069,-0.4745327,0.0693358 
84,92,179.50353,0.0001384,1.003572825,57.1330518,3.6371566,0.002568807,-0.999962459,0.008664928,0.542690014,0.839933062,-0.535391682,-0.4750416,0.0692849 
67,75,180.4820555,0.0001765,1.003298237,70.0621308,4.3990231,0.00260756,-0.999964607,-0.008413356,0.341000952,0.94006295,-0.348897968,-0.4758899,0.0641549 
49,58,181.4612029,0.0002076,1.003023061,82.635984,4.9264061,0.002642118,-0.999674821,-0.025500037,0.128172763,0.991751855,-0.153420793,-0.4770722,0.054946 
33,41,182.4409763,0.0002311,1.002747112,94.9197369,5.2143299,0.002670472,-0.999092626,-0.042590187,-0.085760133,0.996315813,0.04324904,-0.4785671,0.0428817 
25,28,183.4213771,0.0002465,1.002470216,106.9867101,5.2658676,0.002691342,-0.998217631,-0.059678813,-0.29214988,0.956372547,0.234553982,-0.4803452,0.029234 
28,26,184.4024042,0.000254,1.002192218,118.9121331,5.0892144,0.002704164,-0.997049532,-0.076760866,-0.483467763,0.875362166,0.414847749,-0.4823745,0.015199 
35,35,185.3840542,0.0002539,1.001912984,130.7684847,4.696364,0.002709022,-0.995588117,-0.093831238,-0.653004123,0.757354352,0.579059649,-0.4846219,0.0018097 
48,48,186.3663221,0.0002467,1.001632398,142.6222049,4.103106,0.002706536,-0.993833268,-0.110884786,-0.794649949,0.60706792,0.722434959,-0.4870524,-0.0101226 
61,61,187.3492007,0.0002334,1.001350364,154.5315252,3.329924,0.002697718,-0.991784965,-0.127916316,-0.902822023,0.430014413,0.840399449,-0.4896264,-0.020048 
71,71,188.3326811,0.000215,1.001066813,166.5452526,2.4033103,0.00268382,-0.989443288,-0.144920596,-0.972553994,0.232677307,0.928567288,-0.4922973,-0.0276985 
81,81,189.3167525,0.000193,1.000781705,178.7024245,1.3569929,0.002666163,-0.986808423,-0.161892357,-0.999743568,0.022645029,0.982889318,-0.4950083,-0.0330847 
87,87,190.3014025,0.0001688,1.000495036,191.0327839,0.2325882,0.002645992,-0.983880661,-0.178826299,-0.981517844,-0.191370638,0.999918528,-0.4976903,-0.0364619 
90,90,191.2866174,0.0001441,1.000206846,203.5579792,-0.9207041,0.00262435,-0.980660399,-0.195717096,-0.9166561,-0.399676863,0.977151932,-0.5002619,-0.03826 
90,90,192.2723824,0.0001209,0.999917225,216.2932715,-2.0475424,0.002602005,-0.977148145,-0.212559408,-0.805997799,-0.591918531,0.913397107,-0.5026304,-0.0389791 
87,89,193.2586824,0.000101,0.999626318,229.2493841,-3.0889396,0.002579444,-0.973344515,-0.229347891,-0.652767896,-0.757557968,0.809112373,-0.5046959,-0.0390654 
80,84,194.2455027,0.0000861,0.99933433,242.4339913,-3.9855088,0.002556946,-0.969250228,-0.246077215,-0.462770204,-0.886478278,0.666682232,-0.5063552,-0.0387896 
70,75,195.2328297,0.0000778,0.999041526,255.8522965,-4.6810856,0.002534702,-0.964866105,-0.262742077,-0.244422426,-0.969668849,0.490607722,-0.507508,-0.0381559 
57,64,196.2206517,0.0000774,0.998748225,269.5062355,-5.1264784,0.002512992,-0.960193064,-0.279337216,-0.00861771,-0.999962867,0.287601509,-0.5080624,-0.0368704 
45,51,197.2089599,0.0000858,0.998454795,283.392091,-5.2833269,0.00249234,-0.955232108,-0.295857433,0.231613621,-0.972807859,0.066567668,-0.5079418,-0.0343843 
37,40,198.1977492,0.0001034,0.998161644,297.4967309,-5.1281932,0.002473633,-0.949984321,-0.3122976,0.461698003,-0.887037178,-0.161586282,-0.5070922,-0.0300197 
40,38,199.1870185,0.0001302,0.9978692,311.7932203,-4.6568529,0.002458142,-0.944450857,-0.328652671,0.666444255,-0.745554864,-0.38439525,-0.5054905,-0.0231633 
50,50,200.1767716,0.0001653,0.997577895,326.2370935,-3.8882018,0.002447419,-0.938632934,-0.344917694,0.831344443,-0.555757517,-0.588636672,-0.5031531,-0.0134943 
67,67,201.1670175,0.0002075,0.997288139,340.7648682,-2.866431,0.002443066,-0.932531817,-0.361087815,0.944174543,-0.329445644,-0.761513994,-0.5001422,-0.0011872 
84,84,202.1577694,0.0002549,0.997000292,355.296182,-1.6596775,0.002446411,-0.926148826,-0.377158259,0.996631924,-0.082004921,-0.892100653,-0.4965661,0.0129862 
97,97,203.1490442,0.0003052,0.996714638,9.7400983,-0.3538899,0.002458176,-0.919485327,-0.393124324,0.985585311,0.16917918,-0.972739682,-0.4925708,0.0277154 
104,104,204.140861,0.0003562,0.996431373,24.0048187,0.9576381,0.00247822,-0.912542741,-0.408981352,0.913511247,0.406813473,-0.999997181,-0.4883221,0.0413766 
105,105,205.1332392,0.0004053,0.996150596,38.0088009,2.1865125,0.002505452,-0.905322554,-0.424724702,0.787916176,0.61578251,-0.974856328,-0.4839837,0.0523595 
101,101,206.1261965,0.0004506,0.995872315,51.690702,3.2596603,0.002537933,-0.897826335,-0.440349716,0.619906378,0.784675782,-0.902100029,-0.479697,0.0593831 
91,94,207.1197484,0.0004903,0.995596469,65.0159917,4.1251631,0.002573133,-0.890055737,-0.455851714,0.422365288,0.906425708,-0.78912436,-0.4755688,0.0617029 
78,85,208.1139065,0.000523,0.995322943,77.9792546,4.7528633,0.002608264,-0.882012519,-0.471225972,0.20826584,0.978072257,-0.644586129,-0.471669,0.0591708 
63,71,209.1086792,0.000548,0.995051594,90.6025222,5.1310747,0.002640614,-0.873698543,-0.486467734,-0.010515802,0.999944707,-0.477253195,-0.4680349,0.0521734 
48,56,210.1040713,0.0005648,0.994782264,102.930852,5.2615563,0.002667815,-0.865115782,-0.501572211,-0.223774962,0.97464084,-0.29526151,-0.4646803,0.0415028 
35,41,211.1000846,0.0005734,0.99451479,115.0265845,5.1546321,0.002688044,-0.856266322,-0.516534593,-0.423038731,0.9061116,-0.105804168,-0.4616043,0.0282117 
27,30,212.0967182,0.0005739,0.994249014,126.9634125,4.8255677,0.002700123,-0.847152358,-0.531350057,-0.601304914,0.79901965,0.084837739,-0.4587984,0.0134829 
27,26,213.0939688,0.0005671,0.993984784,138.8208979,4.2925854,0.002703572,-0.837776197,-0.546013776,-0.752655107,0.658414983,0.271052883,-0.4562508,-0.0014779 
33,33,214.0918309,0.0005536,0.993721953,150.6796169,3.5764422,0.002698592,-0.828140261,-0.560520926,-0.871895118,0.489692661,0.447568467,-0.4539481,-0.0155292 
45,45,215.0902967,0.0005346,0.993460386,162.6168288,2.7012608,0.002686005,-0.818247085,-0.574866686,-0.954328121,0.298760502,0.609128744,-0.451874,-0.0276695 
57,57,216.0893563,0.0005114,0.993199955,174.7024662,1.6961903,0.002667155,-0.808099324,-0.589046249,-0.995728673,0.092327728,0.750262365,-0.4500069,-0.037108 
68,68,217.0889972,0.0004853,0.99294055,186.9953096,0.5973564,0.002643765,-0.797699751,-0.603054813,-0.992556125,-0.12178809,0.865206668,-0.4483147,-0.0433317 
77,77,218.0892047,0.0004582,0.992682084,199.5394054,-0.5505708,0.002617761,-0.787051266,-0.616887595,-0.942411691,-0.334455086,0.948047508,-0.4467503,-0.0461604 
84,84,219.0899614,0.0004318,0.992424499,212.3610563,-1.6939627,0.002591069,-0.776156894,-0.630539829,-0.84469193,-0.535252785,0.993111664,-0.4452472,-0.0457725 
89,89,220.0912476,0.0004081,0.992167785,225.4669778,-2.7716917,0.002565412,-0.765019787,-0.644006774,-0.701320227,-0.712846364,0.995601738,-0.4437175,-0.0426829 
90,90,221.0930422,0.0003888,0.991911988,238.8443336,-3.7188294,0.002542139,-0.753643216,-0.657283731,-0.517365001,-0.855764836,0.952388928,-0.4420534,-0.0376563 
87,89,222.0953228,0.0003757,0.99165722,252.4631781,-4.4723111,0.002522119,-0.742030567,-0.670366047,-0.301318656,-0.953523501,0.862797434,-0.4401334,-0.0315616 
81,84,223.0980675,0.0003703,0.991403665,266.2812831,-4.9775689,0.002505732,-0.730185322,-0.683249146,-0.064858295,-0.997894484,0.729169129,-0.4378312,-0.0251925 
71,76,224.1012553,0.0003734,0.991151579,280.2505193,-5.1947173,0.002492962,-0.718111051,-0.69592853,0.177952464,-0.984039085,0.557031243,-0.4350276,-0.0191021 
60,66,225.104868,0.0003855,0.990901282,294.3232697,-5.1030336,0.002483569,-0.705811386,-0.708399808,0.411884475,-0.911236072,0.354806706,-0.431621,-0.0135002 
50,54,226.1088905,0.0004067,0.990653146,308.4571618,-4.7031415,0.002477297,-0.693290013,-0.720658697,0.621929332,-0.783073372,0.133151241,-0.4275359,-0.008246 
46,47,227.1133123,0.0004361,0.990407576,322.616899,-4.0170499,0.002474052,-0.680550649,-0.73270104,0.794593727,-0.607141506,-0.095908064,-0.4227298,-0.002941 
48,47,228.118127,0.0004726,0.990164992,336.7729447,-3.0865732,0.002474005,-0.66759704,-0.744522795,0.918949216,-0.394375885,-0.31986594,-0.4171964,0.0029033 
55,55,229.1233334,0.0005145,0.989925808,350.8978722,-1.97053,0.002477585,-0.654432942,-0.756120046,0.987407933,-0.158194737,-0.526578067,-0.4109675,0.0096659 
68,68,230.1289345,0.0005599,0.989690406,4.9619414,-0.7407256,0.002485367,-0.64106213,-0.767488988,0.996252371,0.086494003,-0.705042862,-0.4041121,0.0174382 
79,79,231.1349376,0.0006064,0.989459121,18.9297241,0.5234946,0.002497868,-0.627488387,-0.778625921,0.945917189,0.324408188,-0.846144675,-0.3967316,0.0259207 
87,87,232.1413527,0.0006518,0.98923222,32.7593086,1.7420667,0.002515316,-0.613715526,-0.789527234,0.840951112,0.541111104,-0.943326707,-0.3889519,0.0344262 
92,92,233.1481917,0.000694,0.989009894,46.404826,2.8416614,0.002537455,-0.599747395,-0.800189391,0.689558545,0.724229945,-0.99308206,-0.3809108,0.0419932 
92,92,234.155467,0.0007312,0.988792255,59.8219339,3.7623449,0.00256344,-0.585587896,-0.810608917,0.502689049,0.864467304,-0.995113528,-0.3727439,0.0475758 
89,89,235.1631902,0.0007619,0.988579339,72.9748565,4.4619183,0.002591848,-0.571240999,-0.820782384,0.292791338,0.95617636,-0.952067129,-0.3645729,0.0502511 
83,85,236.1713713,0.0007851,0.988371119,85.8430673,4.9170589,0.002620799,-0.55671076,-0.830706404,0.072488529,0.997369246,-0.868876164,-0.3564969,0.0493872 
73,78,237.1800177,0.0008002,0.988167518,98.4259524,5.1214588,0.00264816,-0.542001331,-0.840377628,-0.146531109,0.989206062,-0.751886588,-0.3485898,0.044737 
63,68,238.1891341,0.000807,0.987968422,110.7446333,5.082041,0.00267177,-0.527116965,-0.849792743,-0.354203446,0.935168391,-0.607992667,-0.3409021,0.0364551 
52,58,239.1987228,0.0008057,0.987773695,122.8410684,4.8146393,0.002689665,-0.512062012,-0.858948483,-0.542310571,0.840178103,-0.443973064,-0.3334662,0.0250579 
42,47,240.2087831,0.0007969,0.987583184,134.7751687,4.3402902,0.002700266,-0.496840932,-0.867841626,-0.704326624,0.70987605,-0.266121689,-0.3263017,0.0113532 
35,38,241.2193122,0.0007813,0.98739673,146.6207868,3.6828003,0.002702529,-0.481458278,-0.876469011,-0.835047522,0.550177823,-0.080173271,-0.3194215,-0.0036403 
32,33,242.2303051,0.0007598,0.987214165,158.4611987,2.8677944,0.002696035,-0.465918699,-0.884827534,-0.930169156,0.367131231,0.108535381,-0.3128349,-0.0187724 
35,34,243.2417543,0.0007338,0.987035317,170.3843096,1.9231449,0.002681052,-0.450226949,-0.892914158,-0.985950331,0.167038755,0.29475014,-0.3065495,-0.0328397 
40,40,244.2536505,0.0007046,0.986860012,182.4774555,0.8804979,0.002658537,-0.43438787,-0.900725917,-0.999065307,-0.043226283,0.472916884,-0.3005706,-0.044669 
48,48,245.2659813,0.0006738,0.98668807,194.8214818,-0.2225476,0.002630093,-0.418406416,-0.908259914,-0.966727547,-0.255808229,0.636825369,-0.2948973,-0.0532141 
59,59,246.2787321,0.0006431,0.98651932,207.4838284,-1.3402719,0.002597864,-0.402287638,-0.915513329,-0.887141125,-0.461498238,0.779393697,-0.2895169,-0.0576704 
68,68,247.2918846,0.0006145,0.9863536,220.5107439,-2.4176299,0.002564357,-0.386036707,-0.92248342,-0.76028417,-0.649590626,0.89273418,-0.2843971,-0.0576007 
77,77,248.3054176,0.0005897,0.986190775,233.9195223,-3.3911914,0.002532199,-0.369658902,-0.929167529,-0.588921018,-0.808190593,0.968644353,-0.2794785,-0.0530478 
84,84,249.3193066,0.0005707,0.986030754,247.6926619,-4.1932737,0.002503838,-0.353159613,-0.935563086,-0.379574652,-0.925161112,0.999597022,-0.274669,-0.0445931 
87,87,250.3335244,0.0005588,0.985873509,261.7765733,-4.7594948,0.002481236,-0.336544336,-0.941667622,-0.143033615,-0.989717831,0.980122389,-0.2698451,-0.0333145 
87,88,251.3480423,0.0005552,0.985719088,276.0870947,-5.038476,0.002465629,-0.319818646,-0.947478778,0.106040104,-0.994361854,0.908223151,-0.2648603,-0.0206183 
84,86,252.3628314,0.0005607,0.98556763,290.5220602,-5.0009429,0.002457408,-0.302988176,-0.952994316,0.350567996,-0.936537282,0.786296748,-0.2595614,-0.0079686 
78,81,253.3778645,0.0005751,0.985419357,304.978114,-4.6451368,0.002456176,-0.286058582,-0.958212131,0.573263493,-0.819371081,0.621144368,-0.2538071,0.0034081 
71,74,254.3931174,0.0005978,0.985274568,319.3667092,-3.9968282,0.002460949,-0.269035518,-0.963130256,0.758893057,-0.65121527,0.423035943,-0.2474858,0.0127461 
63,67,255.4085701,0.0006277,0.985133611,333.6244546,-3.1045368,0.002470461,-0.251924609,-0.967746863,0.895901455,-0.444252837,0.204224666,-0.2405254,0.0198217 
58,60,256.4242076,0.000663,0.984996866,347.715566,-2.0322405,0.002483458,-0.234731436,-0.972060262,0.977103414,-0.212764937,-0.022536548,-0.2328966,0.0248837 
56,56,257.4400195,0.0007017,0.984864719,1.6273294,-0.8519884,0.002498924,-0.217461538,-0.976068891,0.999596683,0.028398438,-0.245092663,-0.2246103,0.0284756 
58,57,258.4560004,0.0007418,0.984737538,15.3614786,0.3622048,0.00251619,-0.200120397,-0.979771314,0.964273726,0.264907872,-0.452519974,-0.2157109,0.0312165 
61,61,259.4721488,0.000781,0.984615657,28.9247554,1.5390158,0.002534918,-0.182713459,-0.983166208,0.875255637,0.483660594,-0.635439737,-0.2062703,0.0336008 
66,66,260.4884666,0.0008174,0.984499363,42.32125,2.6135122,0.002554984,-0.165246138,-0.986252358,0.739381436,0.673286783,-0.786210604,-0.1963803,0.0358613 
72,72,261.5049582,0.0008491,0.984388885,55.5481001,3.5303627,0.002576306,-0.147723824,-0.989028651,0.565714179,0.824601399,-0.899123871,-0.1861461,0.0379148 
76,76,262.5216298,0.0008747,0.984284391,68.5950996,4.2466042,0.002598671,-0.130151901,-0.991494066,0.364956414,0.931024605,-0.970605142,-0.1756786,0.0393918 
78,78,263.5384881,0.0008931,0.984185983,81.4478256,4.7335899,0.00262159,-0.112535762,-0.993647675,0.148709962,0.988880856,-0.999334352,-0.1650878,0.0397343 
78,78,264.5555398,0.0009036,0.984093702,94.0931069,4.9776083,0.002644231,-0.094880818,-0.995488639,-0.071377444,0.997449377,-0.986177173,-0.1544757,0.0383294 
76,77,265.5727904,0.000906,0.984007535,106.5252208,4.9789179,0.002665424,-0.077192517,-0.997016206,-0.284437376,0.958694622,-0.933877638,-0.1439321,0.034648 
73,75,266.5902444,0.0009003,0.983927419,118.7512664,4.7494,0.002683748,-0.05947634,-0.998229716,-0.481008147,0.876716124,-0.846555483,-0.1335319,0.0283571 
67,70,267.6079043,0.0008871,0.983853254,130.7946755,4.3094498,0.002697661,-0.041737818,-0.999128598,-0.653350254,0.757055775,-0.72912666,-0.1233348,0.0193934 
61,64,268.6257709,0.000867,0.983784907,142.6965212,3.6848832,0.002705676,-0.023982523,-0.999712378,-0.795436686,0.606036698,-0.586785809,-0.113388,0.0079927 
54,58,269.6438427,0.0008411,0.983722224,154.5148536,2.904529,0.002706525,-0.006216078,-0.99998068,-0.902696862,0.430277092,-0.424657546,-0.1037294,-0.0053127 
48,51,270.6621167,0.0008106,0.983665028,166.3225282,1.998916,0.002699326,0.011555859,-0.999933229,-0.971642168,0.236456123,-0.247668495,-0.0943908,-0.0197224 
42,44,271.6805877,0.0007767,0.983613126,178.2039042,1.0001827,0.002683729,0.029327583,-0.999569854,-0.999508698,0.031342651,-0.060642344,-0.0854015,-0.0342106 
38,40,272.6992485,0.0007411,0.983566308,190.2504861,-0.05689,0.002660027,0.047093349,-0.998890493,-0.984039188,-0.177951894,0.131412754,-0.0767897,-0.0475848 
39,38,273.7180899,0.0007053,0.983524349,202.5552173,-1.1330229,0.002629231,0.064847375,-0.997895194,-0.923510302,-0.383573619,0.322879052,-0.0685817,-0.0585641 
41,41,274.7370999,0.0006712,0.983487008,215.2048924,-2.1823015,0.002593091,0.082583829,-0.996584121,-0.817095675,-0.576502089,0.507053938,-0.060799,-0.0658901 
48,48,275.7562637,0.0006404,0.983454037,228.2702308,-3.1506492,0.002554042,0.100296833,-0.99495756,-0.665618196,-0.746292447,0.675769915,-0.0534504,-0.0684794 
57,57,276.7755627,0.0006148,0.983425186,241.7938323,-3.9762129,0.002515049,0.117980446,-0.993015918,-0.472645632,-0.881252578,0.819334896,-0.0465227,-0.0656199 
68,68,277.7949743,0.0005959,0.983400226,255.7777154,-4.5931574,0.002479328,0.135628668,-0.990759741,-0.245684423,-0.969349867,0.927070972,-0.0399682,-0.0571819 
78,78,278.8144719,0.000585,0.983378965,270.1741602,-4.9398051,0.002449961,0.15323544,-0.988189708,0.003039664,-0.99999538,0.988650927,-0.0336952,-0.0437816 
86,86,279.8340252,0.0005831,0.983361277,284.8849391,-4.9702909,0.002429449,0.170794655,-0.985306646,0.25687876,-0.966443636,0.996116857,-0.0275674,-0.0268054 
91,91,280.8536136,0.0005902,0.983347126,299.772951,-4.6663403,0.002419309,0.188300392,-0.982111482,0.496564239,-0.867999975,0.945975982,-0.021414,-0.0082219 
93,93,281.8731805,0.000606,0.983336581,314.6843224,-4.0442533,0.002419843,0.205746134,-0.9786054,0.703200183,-0.710991914,0.840461245,-0.0150538,0.0098054 
92,93,282.8927068,0.0006291,0.983329809,329.4767,-3.1534751,0.002430161,0.223126037,-0.974789604,0.861422693,-0.507888713,0.687290468,-0.0083227,0.0253857 
86,89,283.9121649,0.000658,0.983327063,344.0407369,-2.067311,0.002448451,0.240434137,-0.970665455,0.961457429,-0.274953836,0.498055378,-0.0010977,0.0372708 
78,82,284.9315325,0.0006904,0.98332865,358.3107694,-0.8699543,0.002472412,0.257664595,-0.966234421,0.999565419,-0.029478365,0.28603563,0.0066919,0.0450043 
68,73,285.9507923,0.0007242,0.983334906,12.263066,0.3552517,0.002499687,0.274811688,-0.961498069,0.977182695,0.212400519,0.064318537,0.0150661,0.0488406 
58,62,286.9699326,0.000757,0.983346162,25.9058555,1.5335175,0.002528223,0.29186982,-0.956458054,0.899513134,0.436893719,-0.15532978,0.0240034,0.0495134 
53,54,287.9889458,0.000787,0.983362731,39.2663623,2.602149,0.002556458,0.308833499,-0.951116118,0.774211927,0.632926451,-0.36288397,0.033453,0.0479616 
50,50,289.0078284,0.0008123,0.983384889,52.3788358,3.511333,0.002583375,0.325697339,-0.945474084,0.610437782,0.792064211,-0.550058223,0.0433455,0.0450875 
51,51,290.0265794,0.0008314,0.983412869,65.2757025,4.2237477,0.002608424,0.342456028,-0.939533857,0.418252309,0.90833089,-0.710174601,0.0536006,0.0415882 
56,56,291.0452007,0.0008434,0.983446856,77.9825447,4.7140158,0.002631376,0.359104341,-0.933297419,0.208209676,0.978084215,-0.838074475,0.0641318,0.0378661 
62,62,292.0636951,0.0008475,0.983486983,90.516761,4.9683242,0.002652142,0.375637102,-0.926766836,-0.009019059,0.999959327,-0.930117035,0.0748507,0.0340147 
68,68,293.0820668,0.0008435,0.983533335,102.8892771,4.9840529,0.002670611,0.392049199,-0.919944251,-0.223067686,0.974802958,-0.984217885,0.0856692,0.0298624 
74,74,294.1003202,0.0008315,0.983585942,115.1083671,4.7690786,0.002686512,0.408335562,-0.912831895,-0.424331662,0.905506842,-0.999845234,0.0965021,0.0250601 
76,76,295.1184596,0.0008118,0.983644791,127.1844748,4.340519,0.002699352,0.424491158,-0.905432083,-0.60438326,0.796693714,-0.977907399,0.1072698,0.0191913 
77,77,296.1364889,0.0007853,0.983709823,139.1349595,3.7229299,0.002708402,0.440510991,-0.897747218,-0.756252824,0.654279502,-0.920515283,0.1178994,0.0118851 
76,77,297.154411,0.0007528,0.983780937,150.9879233,2.946229,0.002712758,0.456390093,-0.889779795,-0.8745175,0.48499396,-0.83065895,0.1283259,0.0029166 
73,75,298.1722277,0.0007155,0.983858001,162.7846391,2.0437601,0.002711449,0.472123526,-0.881532402,-0.955199049,0.295964148,-0.711873929,0.1384915,-0.0077171 
68,71,299.1899396,0.000675,0.983940848,174.5804328,1.0509071,0.002703574,0.487706378,-0.873007726,-0.995529767,0.094448304,-0.567980316,0.1483442,-0.0197487 
61,65,300.2075458,0.0006325,0.984029284,186.4440617,0.0045361,0.002688475,0.503133766,-0.864208547,-0.993681903,-0.112233128,-0.40296209,0.1578361,-0.0326207 
54,58,301.225044,0.0005898,0.984123086,198.4556056,-1.0566508,0.002665896,0.51840084,-0.855137749,-0.948569227,-0.316569773,-0.221028321,0.1669208,-0.0454901 
46,50,302.24243,0.0005486,0.984222006,210.7026882,-2.0909833,0.002636145,0.533502772,-0.845798316,-0.859828317,-0.51058326,-0.02687033,0.1755525,-0.0572607 
39,42,303.2596978,0.0005104,0.98432577,223.2745638,-3.0523039,0.00260022,0.54843477,-0.836193341,-0.728077152,-0.685495194,0.173903691,0.1836861,-0.0666482 
37,37,304.2768386,0.000477,0.984434077,236.2534281,-3.8887895,0.002559888,0.563192059,-0.826326028,-0.555520484,-0.831502851,0.374227724,0.1912809,-0.072294 
39,39,305.2938408,0.00045,0.984546608,249.7025294,-4.5432523,0.002517685,0.577769888,-0.816199704,-0.346894247,-0.93790425,0.565092121,0.1983083,-0.0729425 
47,47,306.3106886,0.0004307,0.984663032,263.6516707,-4.9563929,0.00247678,0.592163515,-0.805817827,-0.110572683,-0.99386804,0.735399476,0.2047638,-0.0676888 
60,60,307.3273619,0.0004202,0.984783027,278.0827212,-5.0742632,0.002440696,0.606368214,-0.795183997,0.140602662,-0.990066105,0.872541708,0.2106822,-0.0562704 
75,75,308.3438357,0.0004188,0.984906304,292.9202839,-4.8598105,0.002412857,0.620379265,-0.784301962,0.389450045,-0.92104759,0.963986164,0.2161506,-0.0393197 
89,89,309.3600807,0.0004264,0.985032642,308.0338045,-4.3056481,0.002396039,0.634191978,-0.773175617,0.616126294,-0.787647376,0.9997321,0.2213129,-0.0184474 
100,100,310.3760646,0.0004421,0.985161919,323.2547022,-3.4425484,0.002391847,0.647801711,-0.761808994,0.801302914,-0.598258841,0.974844364,0.2263566,0.0039619 
106,105,311.3917545,0.0004643,0.985294123,338.4053381,-2.3383253,0.002400396,0.661203909,-0.750206232,0.929810779,-0.368037926,0.890898868,0.2314847,0.0252408 
106,107,312.4071193,0.0004907,0.985429358,353.3299776,-1.0861336,0.00242033,0.674394139,-0.738371549,0.993231557,-0.116151087,0.755592198,0.2368798,0.0430492 
100,103,313.4221317,0.0005189,0.985567819,7.9168742,0.2130066,0.002449156,0.687368114,-0.726309215,0.990468941,0.137736255,0.580777657,0.2426758,0.0558542 
88,95,314.4367699,0.0005466,0.985709763,22.1060121,1.4662054,0.002483778,0.700121713,-0.71402352,0.926489148,0.376321483,0.37995278,0.2489466,0.0631112 
73,81,315.4510175,0.0005714,0.985855472,35.8841425,2.5983544,0.002521054,0.712650977,-0.70151877,0.810203897,0.586148143,0.166198675,0.255711,0.0651512 
57,65,316.4648634,0.0005915,0.986005225,49.2726837,3.5548868,0.002558213,0.724952102,-0.688799282,0.652459777,0.757823356,-0.048986096,0.2629464,0.0628953 
43,49,317.4783007,0.0006054,0.986159282,62.3139964,4.2999654,0.002593113,0.737021422,-0.675869384,0.464625745,0.885507152,-0.256048047,0.2706042,0.057536 
37,38,318.4913262,0.000612,0.986317869,75.0595033,4.8129095,0.002624314,0.748855401,-0.662733422,0.257815764,0.966194096,-0.447262393,0.2786227,0.0502723 
37,37,319.5039394,0.0006106,0.986481174,87.5610682,5.0847897,0.00265102,0.760450617,-0.649395765,0.042554536,0.999094145,-0.616446883,0.286934,0.0421276 
45,45,320.516142,0.0006011,0.986649348,99.8657769,5.1160063,0.002672955,0.771803756,-0.635860804,-0.171340658,0.985211845,-0.75869896,0.2954682,0.0338481 
55,55,321.5279371,0.0005834,0.986822498,112.0137009,4.9148841,0.00269018,0.782911598,-0.622132967,-0.374828296,0.92709425,-0.870233317,0.3041551,0.025866 
65,65,322.5393293,0.0005581,0.987000692,124.0380446,4.4969272,0.002702918,0.793771023,-0.608216707,-0.559743264,0.828666084,-0.94831654,0.3129238,0.0183132 
74,74,323.550324,0.0005257,0.987183957,135.9670404,3.8842911,0.002711395,0.804378995,-0.594116514,-0.718940077,0.695072058,-0.991254085,0.3217036,0.0110731 
80,80,324.5609271,0.0004874,0.98737228,147.8269442,3.1051262,0.002715715,0.814732565,-0.579836915,-0.846443666,0.532478282,-0.998375783,0.3304239,0.0038614 
83,83,325.5711447,0.0004442,0.987565604,159.645494,2.1926403,0.002715793,0.824828865,-0.565382475,-0.937558467,0.347827717,-0.969980982,0.3390151,-0.0036751 
84,84,326.5809829,0.0003976,0.987763837,171.4552457,1.1839409,0.002711346,0.834665107,-0.550757805,-0.988900106,0.148581896,-0.907233052,0.347409,-0.0118536 
82,83,327.5904473,0.0003491,0.987966844,183.2962917,0.1188717,0.002701941,0.844238577,-0.535967559,-0.99834554,-0.057499412,-0.812023999,0.3555398,-0.0208567 
78,81,328.5995431,0.0003003,0.988174457,195.2179842,-0.9608862,0.002687102,0.853546643,-0.521016438,-0.96493415,-0.262492068,-0.686853621,0.3633437,-0.0306493 
72,75,329.6082742,0.0002529,0.988386467,207.2793557,-2.0122358,0.002666447,0.862586738,-0.505909201,-0.888782431,-0.458329346,-0.534778904,0.3707584,-0.0409194 
63,68,330.6166438,0.0002085,0.988602632,219.5479333,-2.9905643,0.002639865,0.871356377,-0.490650655,-0.771092174,-0.636723534,-0.359487264,0.3777224,-0.0510491 
53,58,331.6246531,0.0001688,0.988822674,232.0965527,-3.8493168,0.002607688,0.879853142,-0.475245672,-0.614332676,-0.789047124,-0.165531304,0.3841745,-0.0601205 
42,47,332.6323018,0.0001353,0.98904628,244.9976752,-4.5397481,0.002570854,0.888074692,-0.459699186,-0.422655035,-0.906290638,0.041271828,0.3900547,-0.0669675 
34,38,333.639587,0.0001093,0.989273104,258.3147465,-5.0117049,0.002531021,0.896018755,-0.444016205,-0.202535261,-0.979274971,0.253338563,0.3953083,-0.0702881 
34,33,334.6465025,0.0000918,0.989502771,272.0905826,-5.2165686,0.002490594,0.903683128,-0.428201826,0.036479454,-0.999334403,0.460882683,0.3998934,-0.0688337 
42,42,335.6530379,0.0000835,0.989734888,286.3339293,-5.1134175,0.002452619,0.911065676,-0.412261246,0.281235035,-0.959638919,0.651845524,0.4037946,-0.0616814 
59,59,336.6591784,0.0000846,0.989969066,301.0072262,-4.6785775,0.002420507,0.918164333,-0.396199769,0.515146178,-0.857102337,0.812572594,0.4070388,-0.0485574 
78,78,337.6649037,0.0000943,0.990204946,316.0204636,-3.9167027,0.002397564,0.92497711,-0.380022822,0.719587857,-0.694401409,0.929490679,0.4097096,-0.0301192 
96,96,338.6701889,0.0001114,0.990442237,331.236124,-2.8689857,0.002386422,0.931502101,-0.363735942,0.876610243,-0.481201082,0.991594412,0.4119521,-0.0080506 
108,108,339.6750057,0.000134,0.990680745,346.4869912,-1.6131331,0.002388486,0.937737501,-0.347344756,0.972316892,-0.233666131,0.992940718,0.413959,0.0151576 
115,114,340.6793248,0.0001597,0.990920395,1.6028294,-0.2525129,0.002403614,0.943681624,-0.330854942,0.999608735,0.027971002,0.93405805,0.4159403,0.0367324 
114,115,341.6831186,0.0001857,0.991161228,16.4373162,1.1023685,0.002430133,0.949332923,-0.314272177,0.959129885,0.282966189,0.821605177,0.4180857,0.0542603 
105,110,342.6863632,0.0002097,0.991403383,30.8867612,2.3525614,0.002465207,0.954689995,-0.297602105,0.858183542,0.513342973,0.666527292,0.420536,0.0661796 
91,98,343.6890395,0.0002293,0.991647063,44.8967457,3.4227711,0.002505394,0.959751584,-0.280850311,0.708379929,0.705831337,0.481635808,0.4233716,0.0719558 
72,82,344.6911341,0.0002429,0.991892498,58.4581775,4.2647146,0.002547214,0.964516575,-0.264022302,0.523120802,0.852258544,0.279543422,0.4266184,0.0719575 
53,63,345.6926384,0.0002492,0.992139925,71.5971522,4.8539332,0.002587595,0.968983988,-0.247123514,0.315696199,0.948860322,0.071418865,0.4302626,0.0671685 
36,44,346.6935478,0.0002475,0.992389562,84.3630244,5.1837982,0.002624133,0.97315296,-0.230159327,0.098225145,0.995164218,-0.133458236,0.4342666,0.0588742 
29,31,347.6938615,0.0002374,0.992641605,96.8175901,5.2596556,0.002655189,0.977022745,-0.213135063,-0.118708808,0.992929111,-0.327609214,0.4385815,0.0484053 
30,30,348.6935809,0.0002191,0.992896216,109.0266746,5.0945412,0.002679865,0.9805927,-0.196056006,-0.326008314,0.945366902,-0.505026232,0.4431541,0.0369617 
40,40,349.69271,0.0001929,0.99315353,121.054346,4.7067195,0.002697887,0.98386228,-0.178927398,-0.515850881,0.856678393,-0.660809459,0.4479303,0.0255073 
53,53,350.6912542,0.0001596,0.993413647,132.959461,4.1186784,0.002709461,0.986831037,-0.161754456,-0.681480728,0.731836059,-0.790884077,0.4528559,0.0147195 
65,65,351.6892206,0.0001202,0.99367664,144.7941131,3.3570176,0.002715094,0.989498613,-0.144542364,-0.817085668,0.576516271,-0.89183616,0.4578752,0.0049776 
75,75,352.6866177,0.0000757,0.993942544,156.6035667,2.4526799,0.002715433,0.991864738,-0.127296277,-0.917779347,0.397090759,-0.960861146,0.4629299,-0.0036173 
81,81,353.683455,0.0000275,0.994211364,168.4273131,1.4410957,0.002711112,0.993929227,-0.110021327,-0.979670993,0.200610931,-0.995795113,0.4679579,-0.0111943 
86,86,354.6797429,-0.0000228,0.994483063,180.3009079,0.3619705,0.002702643,0.995691978,-0.092722623,-0.999986209,-0.005251809,-0.995191285,0.472893,-0.0180401 
88,88,355.6754924,-0.0000735,0.994757569,192.2582361,-0.7413677,0.002690347,0.997152971,-0.075405254,-0.977200596,-0.212318144,-0.958408574,0.4776646,-0.0245061 
87,88,356.6707148,-0.0001232,0.995034766,204.3338154,-1.82298,0.00267435,0.998312264,-0.058074295,-0.911160246,-0.412052188,-0.885692808,0.4821992,-0.0309042 
84,86,357.6654212,-0.0001699,0.995314496,216.5647116,-2.8354969,0.002654631,0.999169993,-0.040734813,-0.803184537,-0.595730308,-0.778250926,0.4864211,-0.0374042 
77,81,358.6596224,-0.0002122,0.995596555,228.9916068,-3.731283,0.002631137,0.999726373,-0.023391869,-0.656169579,-0.754613467,-0.638338214,0.4902535,-0.0439454 
68,73,359.6533281,-0.0002485,0.995880696,241.6585468,-4.4635218,0.002603931,0.999981695,-0.006050529,-0.474725106,-0.880134123,-0.469391139,0.4936195,-0.050177 
56,62,0.6465467,-0.0002776,0.996166629,254.6108975,-4.9873921,0.002573367,0.999936332,0.011284129,-0.265372744,-0.964145895,-0.276235396,0.4964436,-0.0554417 
43,50,1.6392845,-0.0002983,0.996454018,267.89112,-5.2617768,0.00254026,0.999590736,0.028607009,-0.036798589,-0.999322703,-0.065371162,0.4986542,-0.058814 
34,38,2.6315453,-0.00031,0.996742492,281.5321985,-5.2521602,0.002506011,0.998945443,0.045912984,0.199918591,-0.979812511,0.15472165,0.5001881,-0.0592094 
34,33,3.6233294,-0.0003126,0.997031645,295.5490664,-4.9353242,0.002472652,0.998001079,0.063196886,0.431283886,-0.902216277,0.373404525,0.5009998,-0.0555738 
44,44,4.6146326,-0.0003062,0.997321053,309.929249,-4.3059293,0.00244275,0.996758364,0.080453486,0.641841179,-0.766837597,0.578065806,0.5010735,-0.0471483 
62,62,5.605446,-0.000292,0.997610296,324.6250521,-3.3838587,0.002419155,0.99521812,0.097677496,0.815381004,-0.578924709,0.754934034,0.5004375,-0.0337678 
82,82,6.5957555,-0.0002713,0.997898986,339.5504705,-2.2195881,0.002404578,0.993381277,0.114863561,0.936980315,-0.349382153,0.890647424,0.4991764,-0.0161024 
99,99,7.5855422,-0.0002465,0.9981868,354.5857053,-0.8938617,0.002401084,0.991248882,0.132006266,0.995538455,-0.094356693,0.974370705,0.4974322,0.0042843 
110,110,8.5747838,-0.0002199,0.998473511,9.5901871,0.4908857,0.002409621,0.988822097,0.149100172,0.986024585,0.166599875,0.999842967,0.4953902,0.025154 
115,115,9.563457,-0.0001942,0.998759005,24.4217584,1.8262226,0.002429759,0.986102201,0.166139849,0.910526716,0.413450237,0.966562959,0.4932507,0.0440582 
111,113,10.5515396,-0.0001718,0.99904328,38.9568908,3.0152837,0.002459724,0.983090582,0.183119925,0.777619241,0.62873549,0.879604148,0.4911957,0.0588828 
101,107,11.5390125,-0.0001548,0.999326427,53.1063172,3.9857735,0.002496723,0.979788729,0.200035116,0.600332052,0.799750854,0.748176832,0.4893642,0.0682577 
86,94,12.5258611,-0.0001446,0.999608602,66.8225825,4.6947839,0.002537427,0.976198215,0.216880254,0.393579612,0.919290536,0.58358768,0.4878423,0.0717064 
68,77,13.5120753,-0.0001424,0.999889999,80.0993202,5.1261253,0.002578475,0.972320699,0.233650289,0.171940788,0.985107286,0.39735219,0.4866677,0.0695528 
50,59,14.4976495,-0.0001485,1.000170818,92.9646016,5.283569,0.002616866,0.968157911,0.250340287,-0.051718974,0.998661678,0.199933117,0.4858424,0.0626914 
35,42,15.4825821,-0.000163,1.000451257,105.4715395,5.1835153,0.002650222,0.963711649,0.26694542,-0.26675968,0.963763079,0.00019273,0.4853458,0.0523317 
28,30,16.4668745,-0.0001855,1.000731497,117.6887535,4.849234,0.002676899,0.958983778,0.283460957,-0.464668244,0.885484852,-0.194608925,0.4851464,0.03978 
29,29,17.4505308,-0.0002152,1.001011698,129.692187,4.3073628,0.002695996,0.953976225,0.299882248,-0.638662894,0.769486652,-0.37851383,0.4852084,0.0262831 
38,38,18.4335574,-0.0002513,1.001292002,141.5587826,3.5864394,0.002707289,0.948690977,0.316204727,-0.783246414,0.621711392,-0.546470724,0.4854944,0.0129245 
51,51,19.4159626,-0.0002927,1.001572527,153.3619271,2.7168759,0.002711119,0.943130081,0.332423901,-0.893856505,0.448353152,-0.693979654,0.4859662,0.0005603 
62,62,20.3977564,-0.000338,1.001853368,165.1683527,1.731728,0.002708244,0.937295638,0.348535345,-0.966682146,0.255979743,-0.816848971,0.4865828,-0.0102166 
72,72,21.3789507,-0.0003857,1.002134596,177.0361791,0.6676776,0.002699686,0.931189801,0.364534709,-0.998662383,0.051705367,-0.911095825,0.4872981,-0.0190901 
79,79,22.3595589,-0.0004343,1.002416253,189.0138835,-0.4342648,0.00268657,0.924814774,0.380417709,-0.987650406,-0.15667379,-0.972995171,0.4880584,-0.0260117 
85,85,23.339596,-0.0004821,1.002698347,201.1400908,-1.5287159,0.002669981,0.918172808,0.396180129,-0.932701411,-0.360649523,-0.999263248,0.4888006,-0.0311638 
87,87,24.3190783,-0.0005274,1.002980848,213.4441415,-2.5667585,0.002650847,0.9112662,0.411817814,-0.834423517,-0.551123756,-0.987344528,0.4894512,-0.0348941 
87,87,25.2980228,-0.0005686,1.003263677,225.9473732,-3.497693,0.002629868,0.904097297,0.427326664,-0.695318799,-0.718701446,-0.935756138,0.4899274,-0.0376225 
84,85,26.2764471,-0.0006041,1.00354671,238.6649512,-4.2715245,0.002607509,0.89666849,0.44270263,-0.520041702,-0.854140872,-0.844435417,0.4901389,-0.0397289 
78,81,27.2543686,-0.0006326,1.003829766,251.6079177,-4.8418713,0.002584054,0.888982228,0.457941698,-0.315517909,-0.948919622,-0.715039677,0.4899915,-0.041442 
68,73,28.231804,-0.000653,1.00411261,264.7849542,-5.1689768,0.002559719,0.881041011,0.47303989,-0.090894095,-0.995860564,-0.551163197,0.4893904,-0.0427486 
57,63,29.2087681,-0.0006647,1.004394954,278.2032377,-5.2226526,0.002534813,0.872847409,0.487993239,0.142684864,-0.98976817,-0.358458061,0.4882453,-0.0433489 
45,51,30.1852739,-0.0006675,1.00467646,291.8677892,-4.985191,0.002509896,0.864404059,0.502797795,0.372466108,-0.928045795,-0.144658163,0.4864751,-0.0426748 
39,41,31.1613308,-0.0006615,1.004956747,305.7789194,-4.4544045,0.002485912,0.855713684,0.517449602,0.584659224,-0.811278985,0.080504911,0.4840149,-0.0399853 
42,40,32.1369448,-0.0006475,1.005235403,319.9277968,-3.6467998,0.002464246,0.846779095,0.5319447,0.765233805,-0.643752456,0.305543281,0.4808242,-0.0345372 
50,50,33.1121169,-0.0006269,1.005512004,334.2907955,-2.6003776,0.002446656,0.837603208,0.546279109,0.901007343,-0.433803836,0.517708668,0.4768974,-0.0258138 
67,67,34.0868434,-0.0006015,1.005786131,348.8240392,-1.3757964,0.002435076,0.82818905,0.560448836,0.981036563,-0.193822761,0.703855998,0.4722732,-0.0137622 
82,82,35.0611157,-0.0005734,1.006057407,3.4602226,-0.0541073,0.002431293,0.818539762,0.574449875,0.998176941,0.060355573,0.851718766,0.4670402,0.0010362 
95,95,36.0349205,-0.0005451,1.006325517,18.1099347,1.27033,0.002436567,0.808658602,0.588278221,0.950461848,0.310841238,0.95146028,0.4613342,0.017346 
103,103,37.008242,-0.0005189,1.006590234,32.6688516,2.5014065,0.002451292,0.798548931,0.601929901,0.841804355,0.53978276,0.997133351,0.4553234,0.0334562 
105,105,37.981063,-0.0004971,1.006851435,47.0302288,3.5545342,0.002474816,0.788214195,0.615400994,0.681612409,0.731713417,0.98755374,0.4491856,0.0475173 
100,100,38.9533671,-0.0004814,1.007109094,61.0998322,4.3674401,0.002505473,0.777657906,0.628687665,0.483284947,0.875463112,0.92622322,0.4430835,0.0579237 
92,95,39.9251402,-0.0004732,1.007363271,74.8091655,4.9051729,0.002540812,0.766883623,0.641786186,0.262034803,0.965058424,0.820311365,0.437146,0.0636068 
79,86,40.8963717,-0.0004729,1.007614089,88.1235181,5.1587109,0.002577957,0.75589493,0.654692947,0.032744933,0.999463741,0.679093591,0.431461,0.0641602 
65,72,41.8670549,-0.000481,1.007861709,101.0435559,5.1391546,0.00261398,0.744695427,0.667404466,-0.191555167,0.981481848,0.512395111,0.4260781,0.0598031 
51,58,42.8371867,-0.000497,1.008106312,113.6014912,4.8704854,0.00264623,0.733288732,0.679917374,-0.400372882,0.91635231,0.329454933,0.4210163,0.0512412 
39,45,43.8067673,-0.0005204,1.008348085,125.8540976,4.3832764,0.00267256,0.721678473,0.692228417,-0.585723205,0.810511151,0.138355023,0.4162755,0.0394951 
32,35,44.7758,-0.0005503,1.00858721,137.8747952,3.7105058,0.002691468,0.709868289,0.704334446,-0.741680844,0.670752954,-0.054061302,0.4118441,0.0257401 
33,32,45.7442904,-0.0005855,1.008823861,149.7462535,2.8855813,0.002702141,0.697861837,0.716232404,-0.863802562,0.503830461,-0.24195514,0.4077057,0.011179 
37,37,46.7122464,-0.0006249,1.009058202,161.5541011,1.9421295,0.002704446,0.685662783,0.727919328,-0.948622845,0.316409068,-0.420115104,0.4038417,-0.003055 
46,46,47.6796783,-0.0006669,1.009290386,173.3817198,0.9149261,0.002698867,0.673274804,0.739392344,-0.993336044,0.11525408,-0.583570146,0.4002312,-0.0159722 
55,55,48.646598,-0.0007101,1.009520552,185.3058341,-0.1586577,0.002686402,0.66070159,0.750648659,-0.995715287,-0.092471976,-0.727284638,0.3968491,-0.0267856 
65,65,49.6130199,-0.0007528,1.009748823,197.3926116,-1.2372899,0.002668434,0.647946832,0.761685567,-0.954278882,-0.298917739,-0.846003306,0.393663,-0.0349607 
73,73,50.5789603,-0.0007935,1.0099753,209.6941783,-2.2749681,0.002646574,0.635014227,0.772500441,-0.868681852,-0.495370406,-0.934299192,0.3906288,-0.0402505 
79,79,51.5444378,-0.0008304,1.010200055,222.2457572,-3.2214983,0.002622486,0.62190747,0.783090735,-0.740267915,-0.672311992,-0.986859438,0.387687,-0.0427095 
82,82,52.5094729,-0.000862,1.010423119,235.0639357,-4.0245345,0.002597722,0.608630253,0.793453978,-0.572661997,-0.819791581,-0.999006308,0.3847605,-0.0426708 
84,84,53.4740877,-0.0008869,1.010644475,248.1467285,-4.6332211,0.002573574,0.595186274,0.803587767,-0.372230947,-0.928140142,-0.967388814,0.3817546,-0.0406797 
82,83,54.4383052,-0.0009041,1.010864047,261.4759575,-5.003009,0.002550986,0.58157924,0.813489759,-0.14822441,-0.988953752,-0.890707989,0.3785606,-0.0373823 
77,80,55.4021486,-0.0009127,1.011081691,275.0219338,-5.1007727,0.002530529,0.567812877,0.823157662,0.087537097,-0.99616126,-0.770293084,0.3750619,-0.0333866 
70,74,56.3656403,-0.0009125,1.011297198,288.7496216,-4.9091799,0.002512472,0.553890944,0.832589228,0.321433211,-0.946932252,-0.610366648,0.3711428,-0.029127 
62,66,57.3288006,-0.0009038,1.011510295,302.6247348,-4.4295035,0.002496905,0.539817254,0.841782236,0.539134425,-0.842219729,-0.417931542,0.3666971,-0.0247684 
54,58,58.2916471,-0.0008871,1.011720651,316.6179792,-3.6825891,0.002483907,0.525595682,0.850734494,0.726790241,-0.686859481,-0.202337241,0.3616378,-0.020182 
51,52,59.2541937,-0.0008639,1.011927892,330.7060872,-2.7081908,0.002473707,0.511230181,0.859443833,0.87212126,-0.489289799,0.02533761,0.3559042,-0.0150067 
53,52,60.2164498,-0.0008356,1.012131619,344.8692718,-1.5630412,0.002466776,0.496724802,0.8679081,0.965332781,-0.261022262,0.252961399,0.3494692,-0.0087871 
58,58,61.1784199,-0.0008044,1.012331429,359.0858813,-0.3177722,0.002463831,0.482083695,0.876125168,0.999872732,-0.015953704,0.4680449,0.342344,-0.0011601 
66,66,62.1401038,-0.0007724,1.012526937,13.3260407,0.947574,0.002465727,0.467311114,0.884092938,0.973074216,0.230492019,0.658504762,0.3345811,0.0079602 
76,76,63.1014968,-0.0007419,1.012717798,27.5466613,2.1497921,0.002473254,0.452411412,0.891809349,0.886634494,0.462470836,0.813559378,0.326273,0.0182539 
84,84,64.0625904,-0.000715,1.012903732,41.6901435,3.2103575,0.002486895,0.437389035,0.89927239,0.74675261,0.665101902,0.924729181,0.3175451,0.0289733 
89,89,65.0233738,-0.0006935,1.01308454,55.6881737,4.0637199,0.002506596,0.422248499,0.906480119,0.56369655,0.825981961,0.986756248,0.3085432,0.0390452 
90,90,65.9838351,-0.0006787,1.013260106,69.4702884,4.6640731,0.002531639,0.406994366,0.913430668,0.35069306,0.936490458,0.998149205,0.2994175,0.0472721 
87,87,66.9439627,-0.0006715,1.013430399,82.9749852,4.9886879,0.002560634,0.391631228,0.920122264,0.122302668,0.99249285,0.961112313,0.2903062,0.0525683 
82,84,67.9037467,-0.0006723,1.013595463,96.1601276,5.0370216,0.002591646,0.376163675,0.926553231,-0.107307495,0.99422588,0.88083802,0.2813239,0.0541585 
74,78,68.8631798,-0.000681,1.013755397,109.0098346,4.8263801,0.002622411,0.360596281,0.932721996,-0.325730444,0.945462679,0.76439665,0.2725565,0.0516917 
65,70,69.8222574,-0.000697,1.013910344,121.5366522,4.3859498,0.002650593,0.344933601,0.938627088,-0.523043893,0.852305747,0.619581848,0.2640617,0.045261 
56,61,70.7809776,-0.0007195,1.014060473,133.7795185,3.7510931,0.002674024,0.329180165,0.944267133,-0.691885122,0.722007602,0.45401319,0.2558745,0.0353522 
48,52,71.7393417,-0.0007475,1.014205967,145.799025,2.9591545,0.002690913,0.313340466,0.949640854,-0.827071009,0.562097452,0.274635889,0.2480135,0.0227552 
41,44,72.6973533,-0.0007797,1.014347017,157.6715357,2.0472038,0.002699985,0.297418978,0.954747062,-0.925021092,0.379915753,0.087604621,0.2404878,0.0084659 
38,39,73.6550181,-0.0008146,1.014483819,169.4832118,1.0515439,0.00270058,0.281420148,0.95958465,-0.983201469,0.182523621,-0.101545839,0.2333009,-0.0064059 
39,38,74.6123444,-0.0008509,1.014616568,181.3243394,0.0085129,0.002692692,0.265348397,0.964152596,-0.999732881,-0.023112025,-0.287561036,0.2264539,-0.0207196 
42,42,75.5693423,-0.0008869,1.01474546,193.2838584,-1.0439812,0.002676964,0.249208119,0.968449954,-0.973243645,-0.22977556,-0.465066349,0.2199449,-0.0333811 
48,48,76.5260244,-0.0009212,1.014870689,205.4437545,-2.0647945,0.002654637,0.233003678,0.972475854,-0.903007469,-0.429624849,-0.628203854,0.213767,-0.0434222 
55,55,77.4824056,-0.000952,1.014992442,217.8730362,-3.0084076,0.002627455,0.216739405,0.976229497,-0.789373084,-0.613913784,-0.770408997,0.2079038,-0.0500862 
63,63,78.4385038,-0.0009778,1.015110893,230.6213765,-3.8250451,0.002597519,0.200419584,0.979710156,-0.63444217,-0.772970332,-0.88444152,0.2023229,-0.0529159 
70,70,79.3943393,-0.0009973,1.015226189,243.7131314,-4.4627604,0.002567086,0.184048462,0.98291717,-0.442865717,-0.896587953,-0.962780447,0.1969699,-0.0518306 
76,76,80.3499353,-0.0010093,1.01533844,257.1431815,-4.871884,0.00253834,0.16763024,0.985849939,-0.222515415,-0.974929172,-0.998434177,0.1917638,-0.0471678 
80,80,81.3053175,-0.0010129,1.015447702,270.8764732,-5.011524,0.002513152,0.15116908,0.988507921,0.015296747,-0.999882998,-0.986079868,0.1865957,-0.0396583 
82,82,82.2605129,-0.0010078,1.015553959,284.8527311,-4.8568129,0.002492884,0.134669119,0.990890624,0.256335447,-0.966587884,-0.923262403,0.1813342,-0.0303184 
81,82,83.215549,-0.000994,1.015657115,298.9962842,-4.4048345,0.00247827,0.118134492,0.992997604,0.484752898,-0.874651147,-0.811260456,0.1758363,-0.0202643 
78,80,84.1704522,-0.0009723,1.015756994,313.2288204,-3.6772499,0.002469421,0.10156935,0.994828461,0.684913698,-0.728624201,-0.655289853,0.1699624,-0.0104948 
74,76,85.1252466,-0.0009439,1.015853342,327.4813587,-2.7187638,0.002465957,0.084977889,0.996382837,0.84321659,-0.537573979,-0.463974721,0.163592,-0.0017056 
68,71,86.0799524,-0.0009105,1.015945846,341.7018981,-1.5921239,0.002467203,0.068364373,0.997660419,0.949435879,-0.313961003,-0.248318878,0.1566361,0.0058069 
64,66,87.0345857,-0.000874,1.016034149,355.8569782,-0.3713624,0.002472432,0.05173314,0.998660945,0.997386816,-0.072246375,-0.020551681,0.1490443,0.0121251 
60,62,87.9891573,-0.0008366,1.016117882,9.9276868,0.8650435,0.002481043,0.035088622,0.999384205,0.985026131,0.17240511,0.206862153,0.1408073,0.0175894 
60,60,88.9436735,-0.0008006,1.016196677,23.9023211,2.0401919,0.002492664,0.018435331,0.999830055,0.914237542,0.405178624,0.421964037,0.1319546,0.0226195 
61,61,89.8981359,-0.0007678,1.016270196,37.7685168,3.0838644,0.002507147,0.001777863,0.99999842,0.790491677,0.612472782,0.6138772,0.1225501,0.0275331 
65,65,90.852542,-0.00074,1.016338145,51.5073973,3.9369597,0.00252446,-0.014879116,0.9998893,0.622413591,0.782688521,0.773340914,0.1126857,0.0324099 
69,69,91.8068868,-0.0007187,1.016400291,65.0914694,4.5552696,0.002544534,-0.031530897,0.999502778,0.421170856,0.906981317,0.893250451,0.1024732,0.037033 
73,73,92.7611627,-0.0007047,1.016456468,78.4868174,4.9121754,0.002567094,-0.048172729,0.99883902,0.19959339,0.979878808,0.96912623,0.0920352,0.0409178 
76,76,93.7153616,-0.0006985,1.016506581,91.6588424,4.9996061,0.00259153,-0.064799858,0.997898281,-0.028948217,0.999580913,0.999355914,0.0814948,0.0434143 
78,78,94.6694752,-0.0007001,1.016550605,104.5797427,4.8268337,0.002616844,-0.08140753,0.996680899,-0.251727203,0.967798231,0.9850785,0.0709668,0.0438489 
77,77,95.6234964,-0.000709,1.016588577,117.2355621,4.4172834,0.002641676,-0.097991024,0.995187299,-0.457649878,0.889132492,0.929698943,0.0605511,0.0416682 
75,76,96.5774195,-0.0007245,1.016620585,129.6310855,3.8041661,0.002664409,-0.114545649,0.993417986,-0.637841934,0.770167299,0.838160065,0.0503292,0.0365489 
70,73,97.5312407,-0.0007456,1.016646761,141.7918355,3.026023,0.002683322,-0.131066761,0.991373544,-0.785768764,0.618520372,0.7161729,0.0403637,0.0284611 
65,68,98.4849586,-0.0007709,1.016667267,153.7633883,2.1231308,0.002696766,-0.147549768,0.989054632,-0.896976067,0.442079106,0.569588998,0.0307017,0.017683 
58,62,99.4385735,-0.0007992,1.01668229,165.6087689,1.1352935,0.002703338,-0.16399012,0.986461981,-0.968621211,0.248541646,0.404021193,0.021378,0.0047799 
51,55,100.3920881,-0.000829,1.016692031,177.4047337,0.1011071,0.002702034,-0.180383323,0.983596389,-0.998974314,0.045280454,0.224735998,0.0124195,-0.0094394 
45,48,101.3455069,-0.0008586,1.01669671,189.2374495,-0.9415412,0.002692372,-0.196724931,0.98045872,-0.987031553,-0.160526363,0.036784242,0.003849,-0.0239767 
41,43,102.2988366,-0.0008867,1.016696556,201.1976666,-1.9541554,0.00267449,-0.213010547,0.9770499,-0.932338528,-0.3615866,-0.154690212,-0.0043131,-0.0377083 
39,39,103.2520859,-0.0009115,1.01669181,213.375133,-2.8960216,0.002649193,-0.229235827,0.973370914,-0.835086699,-0.550118355,-0.344037415,-0.0120489,-0.0494594 
40,40,104.205266,-0.0009317,1.016682723,225.8518419,-3.7229535,0.002617955,-0.245396486,0.9694228,-0.696516148,-0.717541117,-0.524678104,-0.0193461,-0.0580978 
45,45,105.1583907,-0.0009458,1.016669548,238.6938665,-4.3871935,0.002582866,-0.261488296,0.965206647,-0.519610579,-0.854403211,-0.688803573,-0.0262032,-0.062654 
53,53,106.111477,-0.0009526,1.016652537,251.9421453,-4.8393803,0.002546494,-0.277507103,0.960723586,-0.309977171,-0.950744,-0.827381318,-0.0326385,-0.0624677 
63,63,107.0645457,-0.0009512,1.01663192,265.6036552,-5.033322,0.002511661,-0.29344883,0.955974782,-0.076655421,-0.997057645,-0.930667521,-0.0386995,-0.0573421 
73,73,108.0176208,-0.000941,1.016607891,279.6456358,-4.9335793,0.002481137,-0.309309469,0.950961436,0.167554035,-0.985862894,-0.989343643,-0.0444709,-0.0476653 
82,82,108.9707295,-0.000922,1.016580584,293.9960764,-4.5244711,0.002457289,-0.325085078,0.945684774,0.406674083,-0.913573309,-0.996156044,-0.0500769,-0.0344388 
88,88,109.9239012,-0.0008947,1.01655005,308.552528,-3.817608,0.002441753,-0.340771766,0.940146054,0.62323186,-0.782037115,-0.947608929,-0.0556741,-0.0191598 
92,92,110.8771658,-0.0008604,1.016516244,323.1982233,-2.8546047,0.00243522,-0.356365661,0.934346572,0.800712795,-0.599048428,-0.84506539,-0.0614337,-0.0035546 
92,93,111.8305521,-0.0008206,1.016479025,337.8209978,-1.7031312,0.002437398,-0.371862884,0.928287669,0.926008994,-0.377501448,-0.694778314,-0.0675182,0.0107698 
88,91,112.7840855,-0.0007776,1.016438165,352.329014,-0.4473731,0.002447182,-0.387259514,0.921970753,0.991050922,-0.133484344,-0.50686256,-0.0740595,0.0226369 
81,85,113.7377873,-0.0007336,1.016393374,6.658976,0.8236864,0.002462956,-0.40255158,0.915397305,0.993253932,0.115959593,-0.293686841,-0.0811436,0.0314703 
71,76,114.6916735,-0.0006907,1.016344325,20.7760555,2.0265247,0.002482946,-0.417735041,0.908568894,0.934973998,0.354716258,-0.068287242,-0.0888078,0.0372837 
61,66,115.645755,-0.0006513,1.016290682,34.6677715,3.0898732,0.002505522,-0.432805792,0.901487186,0.822464127,0.568816983,0.156813983,-0.0970444,0.0405285 
54,56,116.6000382,-0.0006168,1.016232127,48.3352577,3.9580193,0.00252939,-0.447759684,0.894153938,0.664770775,0.747047399,0.370317822,-0.1058102,0.0418725 
50,50,117.5545249,-0.0005889,1.016168373,61.7849581,4.5917186,0.002553648,-0.462592518,0.886571014,0.472782118,0.881179363,0.56252261,-0.1150361,0.0419832 
51,51,118.5092139,-0.0005683,1.016099177,75.0227003,4.9679025,0.002577741,-0.477300079,0.878740368,0.25843633,0.966028293,0.725536377,-0.1246358,0.041362 
56,56,119.4641016,-0.0005555,1.016024353,88.0509703,5.0788679,0.00260133,-0.491878146,0.870664051,0.034010425,0.999421478,0.853431368,-0.134513,0.040253 
63,63,120.4191824,-0.0005506,1.015943768,100.8692993,4.93109,0.002624137,-0.506322502,0.862344203,-0.188569255,0.982059894,0.942350513,-0.1445667,0.0386271 
70,70,121.3744499,-0.0005532,1.015857349,113.4770177,4.543512,0.002645799,-0.520628953,0.853783048,-0.398381189,0.917219946,0.990515622,-0.154697,0.0362298 
76,76,122.3298974,-0.0005627,1.015765081,125.8772626,3.9451983,0.002665763,-0.534793341,0.844982889,-0.586050852,0.810274274,0.99808399,-0.1648084,0.0326741 
79,79,123.2855185,-0.0005779,1.015667,138.0810793,3.1724714,0.002683239,-0.54881155,0.8359461,-0.744090968,0.668078312,0.966843177,-0.1748142,0.0275531 
79,80,124.2413079,-0.0005977,1.015563189,150.1107032,2.265906,0.002697226,-0.562679523,0.82667512,-0.866989854,0.498325789,0.89979097,-0.1846378,0.0205487 
78,79,125.1972609,-0.0006207,1.015453773,162.001523,1.2676643,0.002706585,-0.576393251,0.817172455,-0.95106473,0.308991714,0.800686809,-0.1942138,0.0115209 
74,76,126.1533748,-0.0006454,1.015338912,173.8026253,0.2195936,0.002710162,-0.589948797,0.807440658,-0.994155911,0.107953803,0.673667375,-0.2034865,0.000566 
68,71,127.109648,-0.0006703,1.015218794,185.5760684,-0.8376893,0.002706935,-0.603342284,0.797482344,-0.995268072,-0.097167199,0.522998186,-0.2124084,-0.011954 
60,64,128.0660806,-0.0006937,1.015093635,197.3950736,-1.8647323,0.002696171,-0.616569897,0.787300172,-0.954266037,-0.298958744,0.353001442,-0.2209372,-0.0254101 
52,56,129.0226743,-0.0007142,1.014963674,209.3411912,-2.8224151,0.002677569,-0.62962789,0.776896853,-0.871717219,-0.490009275,0.16817081,-0.2290335,-0.0389258 
43,47,129.9794326,-0.0007303,1.01482917,221.5002747,-3.6707352,0.002651399,-0.642512582,0.766275134,-0.748952544,-0.662623639,-0.026540585,-0.2366591,-0.0514185 
36,39,130.9363612,-0.0007405,1.014690407,233.956889,-4.3677711,0.002618601,-0.655220364,0.755437804,-0.588393814,-0.808574499,-0.225300135,-0.2437776,-0.0616668 
34,34,131.8934681,-0.0007437,1.014547687,246.7867263,-4.869577,0.002580836,-0.667747697,0.744387676,-0.394154835,-0.91904405,-0.420929082,-0.2503579,-0.068414 
37,37,132.8507642,-0.0007389,1.014401327,260.0469064,-5.1319429,0.002540465,-0.680091124,0.73312759,-0.172841886,-0.984949584,-0.604545482,-0.2563808,-0.0705202 
46,46,133.8082642,-0.0007253,1.014251649,273.7648799,-5.1149309,0.002500427,-0.692247272,0.721660388,0.065662274,-0.997841904,-0.765557506,-0.2618499,-0.0671668 
60,60,134.7659867,-0.0007028,1.014098965,287.9280635,-4.7905378,0.002463983,-0.704212853,0.709988913,0.307822672,-0.951443746,-0.892287194,-0.266805,-0.0580912 
75,75,135.7239549,-0.0006716,1.013943546,302.477793,-4.152426,0.002434334,-0.715984673,0.698115999,0.536972682,-0.843599632,-0.97339461,-0.2713335,-0.0437904 
89,89,136.6821955,-0.0006328,1.013785604,317.3115282,-3.2246704,0.002414154,-0.727559606,0.686044473,0.735051029,-0.678011788,-0.999939677,-0.2755738,-0.025593 
100,100,137.6407382,-0.0005878,1.013625253,332.2952407,-2.065162,0.002405137,-0.738934594,0.673777164,0.88535501,-0.46491559,-0.967468952,-0.2797054,-0.0055092 
105,105,138.5996133,-0.0005388,1.0134625,347.2837931,-0.7604309,0.002407708,-0.750106606,0.661316928,0.975472318,-0.220122139,-0.877278727,-0.2839242,0.0141525 
105,106,139.5588495,-0.0004882,1.013297241,2.1432212,0.587512,0.002420993,-0.761072624,0.64866668,0.999300467,0.037397544,-0.736281688,-0.2884108,0.0312864 
99,103,140.518472,-0.0004386,1.013129279,16.7680304,1.8775907,0.002443068,-0.771829613,0.635829418,0.957480621,0.288497592,-0.555576641,-0.2933029,0.0444164 
87,94,141.4785011,-0.0003921,1.012958354,31.0894341,3.0234071,0.002471394,-0.782374518,0.622808248,0.856362324,0.516375416,-0.348393192,-0.298682,0.052898 
72,80,142.4389514,-0.0003509,1.012784174,45.074621,3.9607441,0.002503293,-0.792704255,0.609606401,0.706185259,0.708027104,-0.128178205,-0.3045741,0.0568674 
56,64,143.3998327,-0.0003163,1.012606446,58.7199959,4.6488397,0.002536339,-0.802815734,0.596227219,0.519220879,0.854640087,0.092720991,-0.3109608,0.05702 
42,48,144.3611499,-0.0002893,1.012424898,72.0420104,5.0677077,0.002568602,-0.812705859,0.582674169,0.308319578,0.951282838,0.30371481,-0.3177933,0.0543299 
38,39,145.3229045,-0.0002705,1.012239291,85.068377,5.214055,0.002598736,-0.82237155,0.568950819,0.085966818,0.996298001,0.496147897,-0.3250046,0.0497991 
40,40,146.2850948,-0.0002599,1.012049428,97.8312273,5.0974685,0.002625931,-0.831809754,0.555060837,-0.136255529,0.990673726,0.663222866,-0.3325185,0.0442753 
50,50,147.2477171,-0.0002572,1.011855157,110.3627571,4.7374967,0.002649798,-0.841017458,0.541007981,-0.34796273,0.937508367,0.79984224,-0.3402543,0.0383474 
61,61,148.210766,-0.0002616,1.011656375,122.6932634,4.1615508,0.002670204,-0.849991694,0.52679609,-0.540141375,0.841574295,0.902453731,-0.3481301,0.0323107 
71,71,149.174235,-0.0002722,1.011453022,134.8511401,3.4032643,0.002687103,-0.858729553,0.512429074,-0.705267266,0.708941523,0.968916092,-0.3560647,0.0261876 
78,78,150.1381171,-0.0002879,1.011245089,146.8642556,2.50097,0.002700401,-0.867228185,0.49791091,-0.837377864,0.546624472,0.998367974,-0.3639785,0.0197916 
83,83,151.1024048,-0.0003071,1.011032611,158.7621035,1.4961263,0.002709853,-0.87548481,0.483245638,-0.932084412,0.362241147,0.991077199,-0.3717952,0.0128175 
84,84,152.0670911,-0.0003285,1.010815663,170.5781713,0.4317335,0.002715033,-0.88349672,0.468437344,-0.986509866,0.163701817,0.948262275,-0.3794428,0.0049451 
83,84,153.0321691,-0.0003504,1.010594363,182.3520716,-0.6490773,0.002715346,-0.89126128,0.453490167,-0.99915751,-0.041039865,0.871899226,-0.3868541,-0.0040608 
80,82,153.9976328,-0.0003713,1.010368866,194.1310969,-1.7040578,0.00271011,-0.898775934,0.43840828,-0.969739652,-0.244141367,0.764545064,-0.3939669,-0.0142635 
74,77,154.9634772,-0.0003895,1.010139362,205.9709541,-2.6923069,0.00269867,-0.906038208,0.423195895,-0.899016162,-0.43791545,0.629218971,-0.4007231,-0.0254903 
66,71,155.9296983,-0.0004037,1.009906072,217.935472,-3.574178,0.002680551,-0.913045706,0.407857253,-0.788703628,-0.614773607,0.469382586,-0.4070674,-0.0372938 
56,61,156.8962935,-0.0004124,1.009669249,230.0950379,-4.3108113,0.002655617,-0.919796115,0.39239662,-0.641516069,-0.767109596,0.289052776,-0.4129461,-0.048941 
45,51,157.8632615,-0.0004143,1.009429179,242.5234346,-4.863679,0.002624235,-0.926287202,0.376818283,-0.461385777,-0.887199619,0.093062704,-0.4183056,-0.0594334 
35,40,158.8306034,-0.0004085,1.009186176,255.2926694,-5.1947488,0.002587413,-0.932516823,0.361126536,-0.253881698,-0.967235278,-0.112545372,-0.4230939,-0.0675655 
30,31,159.7983223,-0.0003942,1.008940584,268.4654464,-5.2680626,0.002546888,-0.938482912,0.345325679,-0.026779811,-0.999641357,-0.320069435,-0.427264,-0.0720361 
34,32,160.7664248,-0.0003711,1.00869277,282.085313,-5.053581,0.002505138,-0.944183493,0.329419993,0.209367914,-0.977836938,-0.519800766,-0.4307819,-0.0716271 
44,44,161.7349212,-0.0003391,1.008443117,296.1654042,-4.5337965,0.002465259,-0.949616677,0.313413732,0.440963998,-0.897524792,-0.700043361,-0.4336396,-0.065455 
62,62,162.7038264,-0.000299,1.008191996,310.6780827,-3.7125406,0.00243069,-0.954780657,0.297311111,0.651808348,-0.758383727,-0.847809911,-0.4358704,-0.0532674 
81,81,163.6731604,-0.000252,1.007939748,325.5491226,-2.6235517,0.002404768,-0.959673711,0.281116289,0.824611495,-0.565699463,-0.950385307,-0.4375633,-0.0357006 
97,97,164.6429476,-0.0002,1.007686643,340.6603,-1.3345473,0.002390181,-0.964294188,0.264833379,0.943571713,-0.331168269,-0.997585131,-0.438866,-0.0143658 
109,109,165.6132153,-0.0001454,1.007432853,355.8622784,0.0573843,0.002388443,-0.968640496,0.248466476,0.997393495,-0.07215411,-0.984043607,-0.4399726,0.0083534 
114,114,166.583992,-0.0000909,1.00717843,10.9957386,1.4399175,0.00239958,-0.972711092,0.232019681,0.981641372,0.190735986,-0.910598948,-0.4410933,0.0297895 
111,113,167.5553042,-0.000039,1.006923308,25.9149151,2.7047627,0.002422147,-0.976504469,0.215497153,0.899444041,0.437035944,-0.784131124,-0.4424173,0.0475977 
102,107,168.5271749,0.000008,1.006667329,40.5066259,3.7646266,0.002453555,-0.980019153,0.198903142,0.760330856,0.64953598,-0.615944054,-0.4440843,0.0602323 
86,95,169.4996219,0.0000483,1.006410267,54.700236,4.5621798,0.002490605,-0.983253705,0.182242014,0.577854263,0.81613997,-0.419442353,-0.4461728,0.0671289 
68,77,170.4726574,0.0000807,1.00615187,68.4679863,5.0701831,0.002530039,-0.986206725,0.165518261,0.367021035,0.930212642,-0.207991435,-0.4487047,0.0685977 
49,58,171.4462888,0.0001045,1.005891888,81.8182889,5.2858262,0.002568963,-0.988876867,0.148736486,0.142312988,0.989821708,0.006492581,-0.4516608,0.0655477 
34,40,172.420519,0.0001197,1.005630085,94.7856853,5.2232748,0.002605107,-0.991262841,0.131901404,-0.083428878,0.996513734,0.214141507,-0.4549959,0.0591785 
31,31,173.3953477,0.0001265,1.005366261,107.4205792,4.9072021,0.002636913,-0.99336343,0.11501781,-0.299383512,0.954132859,0.407138904,-0.4586521,0.0507221 
36,36,174.3707717,0.0001257,1.005100248,119.7805915,4.3683882,0.002663499,-0.995177491,0.098090582,-0.496679984,0.86793375,0.579420867,-0.4625661,0.0412633 
49,49,175.3467857,0.0001181,1.004831916,131.9242503,3.6412921,0.002684541,-0.996703963,0.081124663,-0.668147524,0.744028821,0.726304372,-0.4666732,0.0316351 
61,61,176.3233827,0.000105,1.004561171,143.9070218,2.7629788,0.002700111,-0.997941871,0.064125048,-0.808062086,0.589097331,0.844174885,-0.4709086,0.0223741 
72,72,177.3005545,0.0000878,1.004287959,155.7793622,1.7727192,0.002710503,-0.998890331,0.047096784,-0.911972404,0.410251551,0.930281945,-0.4752069,0.0137208 
79,79,178.2782918,0.000068,1.004012262,167.5863831,0.7117187,0.002716074,-0.999548548,0.030044955,-0.976621217,0.214967437,0.982639007,-0.4795018,0.0056577 
84,84,179.2565843,0.0000471,1.003734101,179.3687233,-0.3773448,0.002717112,-0.999915825,0.012974688,-0.999939304,0.011017634,0.999998085,-0.4837259,-0.0020237 
86,86,180.2354215,0.0000267,1.003453538,191.1642415,-1.4510738,0.00271375,-0.999991559,-0.004108869,-0.981076187,-0.193622096,0.981863473,-0.4878108,-0.0096347 
85,85,181.2147925,0.0000084,1.003170673,203.010152,-2.4663118,0.002705935,-0.999775243,-0.02120054,-0.920435607,-0.390894223,0.928515902,-0.4916876,-0.017488 
83,84,182.1946867,-0.0000062,1.002885645,214.9452145,-3.3811311,0.00269346,-0.999266472,-0.038295143,-0.819700116,-0.572792911,0.84103403,-0.4952879,-0.0257962 
77,80,183.1750937,-0.0000157,1.002598634,227.0115779,-4.1556702,0.002676043,-0.998464935,-0.055387481,-0.68185056,-0.7314915,0.721319346,-0.4985436,-0.0345809 
69,73,184.1560039,-0.000019,1.002309858,239.2558612,-4.7527509,0.002653465,-0.997370421,-0.072472361,-0.511205168,-0.859458711,0.572147916,-0.501387,-0.0436027 
59,64,185.1374087,-0.0000148,1.002019576,251.729035,-5.1383921,0.00262573,-0.995982814,-0.089544598,-0.313511288,-0.949584473,0.397282015,-0.5037511,-0.0523225 
47,53,186.1193009,-0.0000026,1.001728082,264.4846576,-5.2825642,0.00259324,-0.994302091,-0.106599022,-0.096112292,-0.995370498,0.201670174,-0.5055693,-0.0599015 
35,41,187.1016753,0.0000182,1.001435712,277.5750294,-5.1607232,0.002556959,-0.992328323,-0.123630492,0.131824387,-0.991273086,-0.008261494,-0.506777,-0.0652524 
30,31,188.0845292,0.0000475,1.001142834,291.0449486,-4.7567509,0.002518524,-0.990061667,-0.140633904,0.359100234,-0.933298999,-0.224277894,-0.5073168,-0.0671548 
36,33,189.0678632,0.0000851,1.000849849,304.9231002,-4.0677337,0.002480271,-0.987502361,-0.157604209,0.572476491,-0.819921135,-0.436098865,-0.5071463,-0.0644503 
47,47,190.051682,0.0001297,1.000557171,319.2118379,-3.11033,0.002445121,-0.984650718,-0.174536424,0.757130043,-0.653264187,-0.631490245,-0.506252,-0.0563155 
67,67,191.0359955,0.0001801,1.000265213,333.8772769,-1.9271727,0.002416301,-0.981507116,-0.191425655,0.897853028,-0.440295287,-0.796965323,-0.5046648,-0.0425761 
86,86,192.0208185,0.0002339,0.999974351,348.8428969,-0.5901947,0.002396883,-0.978071991,-0.208267088,0.981100302,-0.193499863,-0.919287073,-0.5024738,-0.023965 
101,101,193.0061708,0.0002889,0.999684895,3.9904567,0.8028657,0.002389232,-0.974345832,-0.225055993,0.997575655,0.069590317,-0.987645399,-0.4998284,-0.0021859 
111,111,193.9920753,0.0003423,0.999397051,19.1708422,2.1406743,0.0023945,-0.970329178,-0.24178769,0.944543608,0.328386011,-0.995917918,-0.4969234,0.020325 
114,114,194.9785561,0.0003915,0.99911091,34.2241047,3.3167138,0.002412337,-0.966022626,-0.258457513,0.826844029,0.562431286,-0.944114632,-0.4939677,0.0409141 
109,111,195.9656357,0.0004345,0.998826444,49.0036996,4.247228,0.002440946,-0.961426842,-0.27506077,0.656010296,0.754751941,-0.838308557,-0.4911484,0.0573113 
97,104,196.953333,0.0004697,0.998543533,63.3975741,4.8818288,0.002477442,-0.956542573,-0.291592704,0.447796946,0.894135278,-0.689060167,-0.4886037,0.0680751 
81,90,197.9416623,0.0004961,0.998261991,77.3401737,5.2041352,0.002518394,-0.95137066,-0.308048483,0.219162141,0.975688452,-0.509063778,-0.4864132,0.0727397 
63,72,198.9306325,0.0005134,0.997981604,90.8136845,5.2248802,0.002560354,-0.945912045,-0.324423185,-0.014200996,0.999899161,-0.310957577,-0.4846048,0.0716925 
45,53,199.9202479,0.0005219,0.997702154,103.840936,4.9722201,0.002600283,-0.940167781,-0.34071182,-0.239227241,0.970963608,-0.105905033,-0.4831681,0.0659054 
33,38,200.9105089,0.0005223,0.997423433,116.4741814,4.4831315,0.002635805,-0.934139028,-0.35690934,-0.445794493,0.895135336,0.096951872,-0.4820707,0.0566465 
31,31,201.9014125,0.0005154,0.997145259,128.7834514,3.7976561,0.002665297,-0.927827058,-0.373010656,-0.626378691,0.779518913,0.290402237,-0.4812693,0.0452432 
35,35,202.8929531,0.0005026,0.996867473,140.8466273,2.9560315,0.002687883,-0.921233258,-0.389010649,-0.775458577,0.631398444,0.468757513,-0.4807167,0.0329155 
46,46,203.8851228,0.0004851,0.996589946,152.7419573,1.9979257,0.002703332,-0.914359122,-0.404904181,-0.88895286,0.457998703,0.627376567,-0.4803652,0.020673 
58,58,204.8779119,0.0004645,0.996312575,164.542905,0.9628364,0.002711922,-0.90720626,-0.420686107,-0.9638303,0.266516702,0.762273008,-0.4801664,0.0092576 
68,68,205.8713092,0.0004423,0.996035287,176.3149163,-0.1091364,0.002714273,-0.899776394,-0.436351281,-0.997932385,0.06427251,0.869870611,-0.4800704,-0.0008787 
75,75,206.8653019,0.0004202,0.995758038,188.1137091,-1.1767192,0.002711187,-0.892071359,-0.451894557,-0.989989916,-0.14113811,0.946921193,-0.4800235,-0.0095672 
81,81,207.8598757,0.0003996,0.995480816,199.9848186,-2.1974511,0.002703487,-0.884093105,-0.467310797,-0.939783211,-0.341771145,0.990569204,-0.4799668,-0.0168888 
83,83,208.8550154,0.0003822,0.995203644,211.9642546,-3.1283775,0.002691891,-0.875843696,-0.482594881,-0.848378534,-0.529390085,0.998527937,-0.4798356,-0.023112 
84,84,209.8507048,0.0003695,0.994926587,224.0801548,-3.9274009,0.002676931,-0.867325309,-0.497741709,-0.718367294,-0.695664022,0.969319134,-0.4795588,-0.0286052 
82,82,210.8469273,0.0003626,0.99464975,236.3552538,-4.5550776,0.002658919,-0.858540227,-0.512746212,-0.554041866,-0.832488805,0.902522711,-0.4790605,-0.0337314 
77,79,211.8436661,0.0003627,0.994373284,248.8098255,-4.9765656,0.002637988,-0.849490844,-0.52760336,-0.361464683,-0.932385802,0.798990821,-0.4782608,-0.0387375 
70,74,212.8409047,0.0003704,0.994097386,261.4645689,-5.163475,0.002614186,-0.840179652,-0.542308171,-0.14842098,-0.98892427,0.661001999,-0.4770784,-0.0436548 
60,65,213.8386276,0.0003864,0.993822302,274.3427445,-5.0955395,0.002587622,-0.830609238,-0.556855721,0.075722638,-0.997128919,0.492361021,-0.4754317,-0.0482296 
49,55,214.8368206,0.0004106,0.993548321,287.470804,-4.7622569,0.002558643,-0.820782276,-0.571241154,0.300219778,-0.953870056,0.298474759,-0.4732415,-0.0518999 
40,44,215.8354716,0.0004426,0.993275781,300.8767965,-4.1648269,0.002528001,-0.810701518,-0.585459689,0.513193713,-0.858272808,0.086437209,-0.4704345,-0.0538333 
37,37,216.8345714,0.0004816,0.993005055,314.5860393,-3.3186907,0.00249698,-0.800369783,-0.599506639,0.70197954,-0.712197112,-0.134876316,-0.4669481,-0.0530387 
43,40,217.8341144,0.0005264,0.99273655,328.6139333,-2.25663,0.002467441,-0.789789942,-0.61337741,0.853677472,-0.520802048,-0.35477767,-0.4627401,-0.0485589 
53,53,218.8340994,0.0005751,0.992470687,342.9565357,-1.031633,0.002441726,-0.778964906,-0.627067521,0.956082689,-0.293097069,-0.560963209,-0.4577998,-0.0397285 
69,69,219.8345301,0.0006255,0.992207881,357.5806363,0.2822313,0.002422408,-0.767897613,-0.6405726,0.999108621,-0.042213315,-0.740172432,-0.4521613,-0.026455 
84,84,220.8354158,0.0006752,0.991948514,12.416464,1.5932829,0.002411893,-0.756591017,-0.653888395,0.976610534,0.215015966,-0.879491202,-0.4459133,-0.0094296 
96,96,221.83677,0.0007217,0.991692899,27.3570209,2.801664,0.002411951,-0.745048094,-0.667010748,0.888160344,0.459533681,-0.968236075,-0.4391979,0.0098412 
